[20250406-15:01:43] [INFO ] starting xrdp-sesman with pid 55
[20250406-15:01:54] [INFO ] Socket 7: AF_INET6 connection received from ::1 port 42302
[20250406-15:01:56] [ERROR] pam_authenticate failed: Authentication failure
[20250406-15:01:56] [INFO ] Username or password error for user: student
[20250406-15:01:56] [ERROR] sesman_data_in: scp_process_msg failed
[20250406-15:01:56] [ERROR] sesman_main_loop: trans_check_wait_objs failed, removing trans
[20250406-15:04:50] [INFO ] starting xrdp-sesman with pid 55
[20250406-15:25:18] [INFO ] starting xrdp-sesman with pid 55
[20250406-15:30:23] [INFO ] Socket 7: AF_INET6 connection received from ::1 port 55730
[20250406-15:30:23] [INFO ] Terminal Server Users group is disabled, allowing authentication
[20250406-15:30:23] [INFO ] ++ created session (access granted): username shima, ip ::ffff:165.242.43.123:57087 - socket: 11
[20250406-15:30:23] [INFO ] starting Xorg session...
[20250406-15:30:23] [INFO ] Starting session: session_pid 172, display :10.0, width 1280, height 1024, bpp 24, client ip ::ffff:165.242.43.123:57087 - socket: 11, user name shima
[20250406-15:30:23] [ERROR] sesman_data_in: scp_process_msg failed
[20250406-15:30:23] [INFO ] [session start] (display 10): calling auth_start_session from pid 172
[20250406-15:30:23] [ERROR] sesman_main_loop: trans_check_wait_objs failed, removing trans
[20250406-15:30:23] [INFO ] Starting X server on display 10: /usr/lib/xorg/Xorg :10 -auth .Xauthority -config xrdp/xorg.conf -noreset -nolisten tcp -logfile .xorgxrdp.%s.log  
[20250406-15:30:23] [INFO ] Found X server running at /tmp/.X11-unix/X10
[20250406-15:30:23] [INFO ] Found X server running at /tmp/.X11-unix/X10
[20250406-15:30:23] [INFO ] Found X server running at /tmp/.X11-unix/X10
[20250406-15:30:23] [INFO ] Session started successfully for user shima on display 10
[20250406-15:30:23] [INFO ] Starting the xrdp channel server for display 10
[20250406-15:30:23] [INFO ] Starting the default window manager on display 10: /etc/xrdp/startwm.sh
[20250406-15:30:23] [INFO ] Session in progress on display 10, waiting until the window manager (pid 175) exits to end the session
[20250406-15:37:09] [INFO ] Calling auth_stop_session and auth_end from pid 172
[20250406-15:37:09] [INFO ] Terminating X server (pid 176) on display 10
[20250406-15:37:09] [INFO ] Terminating the xrdp channel server (pid 186) on display 10
[20250406-15:37:09] [INFO ] X server on display 10 (pid 176) returned exit code 0 and signal number 0
[20250406-15:37:09] [INFO ] xrdp channel server for display 10 (pid 186) exit code 0 and signal number 0
[20250406-15:37:09] [INFO ] cleanup_sockets:
[20250406-15:37:09] [INFO ] ++ terminated session:  username shima, display :10.0, session_pid 172, ip ::ffff:165.242.43.123:57087 - socket: 11
[20250406-15:37:14] [INFO ] Socket 7: AF_INET6 connection received from ::1 port 55336
[20250406-15:37:16] [ERROR] pam_authenticate failed: Authentication failure
[20250406-15:37:16] [INFO ] Username or password error for user: shima
[20250406-15:37:16] [ERROR] sesman_data_in: scp_process_msg failed
[20250406-15:37:16] [ERROR] sesman_main_loop: trans_check_wait_objs failed, removing trans
[20250406-15:37:57] [INFO ] Socket 7: AF_INET6 connection received from ::1 port 50968
[20250406-15:37:58] [INFO ] Terminal Server Users group is disabled, allowing authentication
[20250406-15:37:58] [INFO ] ++ created session (access granted): username shima, ip ::ffff:165.242.43.123:57218 - socket: 11
[20250406-15:37:58] [INFO ] starting Xorg session...
[20250406-15:37:58] [INFO ] Starting session: session_pid 2082, display :10.0, width 1280, height 1024, bpp 24, client ip ::ffff:165.242.43.123:57218 - socket: 11, user name shima
[20250406-15:37:58] [ERROR] sesman_data_in: scp_process_msg failed
[20250406-15:37:58] [INFO ] [session start] (display 10): calling auth_start_session from pid 2082
[20250406-15:37:58] [ERROR] sesman_main_loop: trans_check_wait_objs failed, removing trans
[20250406-15:37:58] [INFO ] Starting X server on display 10: /usr/lib/xorg/Xorg :10 -auth .Xauthority -config xrdp/xorg.conf -noreset -nolisten tcp -logfile .xorgxrdp.%s.log  
[20250406-15:37:58] [INFO ] Found X server running at /tmp/.X11-unix/X10
[20250406-15:37:58] [INFO ] Found X server running at /tmp/.X11-unix/X10
[20250406-15:37:58] [INFO ] Found X server running at /tmp/.X11-unix/X10
[20250406-15:37:58] [INFO ] Session started successfully for user shima on display 10
[20250406-15:37:58] [INFO ] Starting the xrdp channel server for display 10
[20250406-15:37:58] [INFO ] Starting the default window manager on display 10: /etc/xrdp/startwm.sh
[20250406-15:37:58] [INFO ] Session in progress on display 10, waiting until the window manager (pid 2085) exits to end the session
[20250406-15:51:22] [INFO ] Calling auth_stop_session and auth_end from pid 2082
[20250406-15:51:22] [INFO ] Terminating X server (pid 2086) on display 10
[20250406-15:51:22] [INFO ] Terminating the xrdp channel server (pid 2096) on display 10
[20250406-15:51:22] [INFO ] X server on display 10 (pid 2086) returned exit code 0 and signal number 0
[20250406-15:51:22] [INFO ] xrdp channel server for display 10 (pid 2096) exit code 0 and signal number 0
[20250406-15:51:22] [INFO ] cleanup_sockets:
[20250406-15:51:22] [INFO ] ++ terminated session:  username shima, display :10.0, session_pid 2082, ip ::ffff:165.242.43.123:57218 - socket: 11
[20250406-15:51:51] [INFO ] Socket 7: AF_INET6 connection received from ::1 port 56244
[20250406-15:51:51] [INFO ] Terminal Server Users group is disabled, allowing authentication
[20250406-15:51:51] [INFO ] ++ created session (access granted): username shima, ip ::ffff:165.242.43.123:57449 - socket: 11
[20250406-15:51:51] [INFO ] starting Xorg session...
[20250406-15:51:51] [INFO ] Starting session: session_pid 3141, display :10.0, width 1280, height 1024, bpp 24, client ip ::ffff:165.242.43.123:57449 - socket: 11, user name shima
[20250406-15:51:51] [ERROR] sesman_data_in: scp_process_msg failed
[20250406-15:51:51] [INFO ] [session start] (display 10): calling auth_start_session from pid 3141
[20250406-15:51:51] [ERROR] sesman_main_loop: trans_check_wait_objs failed, removing trans
[20250406-15:51:51] [INFO ] Starting X server on display 10: /usr/lib/xorg/Xorg :10 -auth .Xauthority -config xrdp/xorg.conf -noreset -nolisten tcp -logfile .xorgxrdp.%s.log  
[20250406-15:51:51] [INFO ] Found X server running at /tmp/.X11-unix/X10
[20250406-15:51:51] [INFO ] Found X server running at /tmp/.X11-unix/X10
[20250406-15:51:51] [INFO ] Session started successfully for user shima on display 10
[20250406-15:51:51] [INFO ] Starting the xrdp channel server for display 10
[20250406-15:51:51] [INFO ] Found X server running at /tmp/.X11-unix/X10
[20250406-15:51:51] [INFO ] Session in progress on display 10, waiting until the window manager (pid 3144) exits to end the session
[20250406-15:51:51] [INFO ] Starting the default window manager on display 10: /etc/xrdp/startwm.sh
[20250406-15:56:36] [INFO ] Socket 7: AF_INET6 connection received from ::1 port 48954
[20250406-15:56:36] [INFO ] ++ reconnected session: username shima, display :10.0, session_pid 3141, ip ::ffff:122.218.16.28:51800 - socket: 11
[20250406-15:56:36] [ERROR] sesman_data_in: scp_process_msg failed
[20250406-15:56:36] [ERROR] sesman_main_loop: trans_check_wait_objs failed, removing trans
[20250406-15:56:36] [INFO ] Starting session reconnection script on display 10: /etc/xrdp/reconnectwm.sh
[20250406-15:59:29] [INFO ] Calling auth_stop_session and auth_end from pid 3141
[20250406-15:59:29] [INFO ] Terminating X server (pid 3145) on display 10
[20250406-15:59:29] [INFO ] Terminating the xrdp channel server (pid 3155) on display 10
[20250406-15:59:29] [INFO ] X server on display 10 (pid 3145) returned exit code 0 and signal number 0
[20250406-15:59:29] [INFO ] xrdp channel server for display 10 (pid 3155) exit code 0 and signal number 0
[20250406-15:59:29] [INFO ] cleanup_sockets:
[20250406-15:59:29] [INFO ] ++ terminated session:  username shima, display :10.0, session_pid 3141, ip ::ffff:165.242.43.123:57449 - socket: 11
[20250406-15:59:38] [INFO ] Socket 7: AF_INET6 connection received from ::1 port 44812
[20250406-15:59:38] [INFO ] Terminal Server Users group is disabled, allowing authentication
[20250406-15:59:38] [INFO ] ++ created session (access granted): username shima, ip ::ffff:122.218.16.28:51804 - socket: 11
[20250406-15:59:38] [INFO ] starting Xorg session...
[20250406-15:59:38] [INFO ] Starting session: session_pid 4225, display :10.0, width 1280, height 1024, bpp 24, client ip ::ffff:122.218.16.28:51804 - socket: 11, user name shima
[20250406-15:59:38] [INFO ] [session start] (display 10): calling auth_start_session from pid 4225
[20250406-15:59:38] [ERROR] sesman_data_in: scp_process_msg failed
[20250406-15:59:38] [ERROR] sesman_main_loop: trans_check_wait_objs failed, removing trans
[20250406-15:59:38] [INFO ] Starting X server on display 10: /usr/lib/xorg/Xorg :10 -auth .Xauthority -config xrdp/xorg.conf -noreset -nolisten tcp -logfile .xorgxrdp.%s.log  
[20250406-15:59:38] [INFO ] Found X server running at /tmp/.X11-unix/X10
[20250406-15:59:38] [INFO ] Found X server running at /tmp/.X11-unix/X10
[20250406-15:59:38] [INFO ] Session started successfully for user shima on display 10
[20250406-15:59:38] [INFO ] Starting the xrdp channel server for display 10
[20250406-15:59:38] [INFO ] Found X server running at /tmp/.X11-unix/X10
[20250406-15:59:38] [INFO ] Session in progress on display 10, waiting until the window manager (pid 4228) exits to end the session
[20250406-15:59:38] [INFO ] Starting the default window manager on display 10: /etc/xrdp/startwm.sh
[20250406-15:59:57] [INFO ] Calling auth_stop_session and auth_end from pid 4225
[20250406-15:59:57] [INFO ] Terminating X server (pid 4229) on display 10
[20250406-15:59:57] [INFO ] Terminating the xrdp channel server (pid 4239) on display 10
[20250406-15:59:57] [INFO ] X server on display 10 (pid 4229) returned exit code 0 and signal number 0
[20250406-15:59:57] [INFO ] xrdp channel server for display 10 (pid 4239) exit code 0 and signal number 0
[20250406-15:59:57] [INFO ] cleanup_sockets:
[20250406-15:59:57] [INFO ] ++ terminated session:  username shima, display :10.0, session_pid 4225, ip ::ffff:122.218.16.28:51804 - socket: 11
[20250406-16:00:18] [INFO ] Socket 7: AF_INET6 connection received from ::1 port 35950
[20250406-16:00:21] [ERROR] pam_authenticate failed: Authentication failure
[20250406-16:00:21] [INFO ] Username or password error for user: shima
[20250406-16:00:21] [ERROR] sesman_data_in: scp_process_msg failed
[20250406-16:00:21] [ERROR] sesman_main_loop: trans_check_wait_objs failed, removing trans
[20250406-16:00:44] [INFO ] Socket 7: AF_INET6 connection received from ::1 port 34420
[20250406-16:00:44] [INFO ] Terminal Server Users group is disabled, allowing authentication
[20250406-16:00:44] [INFO ] ++ created session (access granted): username shima, ip ::ffff:165.242.43.123:57597 - socket: 11
[20250406-16:00:44] [INFO ] starting Xorg session...
[20250406-16:00:44] [INFO ] Starting session: session_pid 5161, display :10.0, width 1280, height 1024, bpp 24, client ip ::ffff:165.242.43.123:57597 - socket: 11, user name shima
[20250406-16:00:44] [ERROR] sesman_data_in: scp_process_msg failed
[20250406-16:00:44] [INFO ] [session start] (display 10): calling auth_start_session from pid 5161
[20250406-16:00:44] [ERROR] sesman_main_loop: trans_check_wait_objs failed, removing trans
[20250406-16:00:44] [INFO ] Starting X server on display 10: /usr/lib/xorg/Xorg :10 -auth .Xauthority -config xrdp/xorg.conf -noreset -nolisten tcp -logfile .xorgxrdp.%s.log  
[20250406-16:00:44] [INFO ] Found X server running at /tmp/.X11-unix/X10
[20250406-16:00:44] [INFO ] Found X server running at /tmp/.X11-unix/X10
[20250406-16:00:44] [INFO ] Starting the xrdp channel server for display 10
[20250406-16:00:44] [INFO ] Session started successfully for user shima on display 10
[20250406-16:00:44] [INFO ] Found X server running at /tmp/.X11-unix/X10
[20250406-16:00:44] [INFO ] Session in progress on display 10, waiting until the window manager (pid 5164) exits to end the session
[20250406-16:00:44] [INFO ] Starting the default window manager on display 10: /etc/xrdp/startwm.sh
[20250406-16:05:33] [INFO ] Calling auth_stop_session and auth_end from pid 5161
[20250406-16:05:33] [INFO ] Terminating X server (pid 5165) on display 10
[20250406-16:05:33] [INFO ] Terminating the xrdp channel server (pid 5175) on display 10
[20250406-16:05:33] [INFO ] X server on display 10 (pid 5165) returned exit code 0 and signal number 0
[20250406-16:05:33] [INFO ] xrdp channel server for display 10 (pid 5175) exit code 0 and signal number 0
[20250406-16:05:33] [INFO ] cleanup_sockets:
[20250406-16:05:33] [INFO ] ++ terminated session:  username shima, display :10.0, session_pid 5161, ip ::ffff:165.242.43.123:57597 - socket: 11
[20250406-16:05:37] [INFO ] Socket 7: AF_INET6 connection received from ::1 port 33858
[20250406-16:05:37] [INFO ] Terminal Server Users group is disabled, allowing authentication
[20250406-16:05:37] [INFO ] ++ created session (access granted): username shima, ip ::ffff:165.242.43.123:57685 - socket: 11
[20250406-16:05:37] [INFO ] starting Xorg session...
[20250406-16:05:37] [INFO ] Starting session: session_pid 6976, display :10.0, width 1280, height 1024, bpp 24, client ip ::ffff:165.242.43.123:57685 - socket: 11, user name shima
[20250406-16:05:37] [ERROR] sesman_data_in: scp_process_msg failed
[20250406-16:05:37] [INFO ] [session start] (display 10): calling auth_start_session from pid 6976
[20250406-16:05:37] [ERROR] sesman_main_loop: trans_check_wait_objs failed, removing trans
[20250406-16:05:37] [INFO ] Starting X server on display 10: /usr/lib/xorg/Xorg :10 -auth .Xauthority -config xrdp/xorg.conf -noreset -nolisten tcp -logfile .xorgxrdp.%s.log  
[20250406-16:05:37] [INFO ] Found X server running at /tmp/.X11-unix/X10
[20250406-16:05:37] [INFO ] Found X server running at /tmp/.X11-unix/X10
[20250406-16:05:37] [INFO ] Session started successfully for user shima on display 10
[20250406-16:05:37] [INFO ] Starting the xrdp channel server for display 10
[20250406-16:05:37] [INFO ] Found X server running at /tmp/.X11-unix/X10
[20250406-16:05:37] [INFO ] Session in progress on display 10, waiting until the window manager (pid 6979) exits to end the session
[20250406-16:05:37] [INFO ] Starting the default window manager on display 10: /etc/xrdp/startwm.sh
[20250406-16:17:17] [INFO ] Calling auth_stop_session and auth_end from pid 6976
[20250406-16:17:17] [INFO ] Terminating X server (pid 6980) on display 10
[20250406-16:17:17] [INFO ] Terminating the xrdp channel server (pid 6990) on display 10
[20250406-16:17:17] [INFO ] X server on display 10 (pid 6980) returned exit code 0 and signal number 0
[20250406-16:17:17] [INFO ] xrdp channel server for display 10 (pid 6990) exit code 0 and signal number 0
[20250406-16:17:17] [INFO ] cleanup_sockets:
[20250406-16:17:17] [INFO ] ++ terminated session:  username shima, display :10.0, session_pid 6976, ip ::ffff:165.242.43.123:57685 - socket: 11
[20250406-16:17:20] [INFO ] Socket 7: AF_INET6 connection received from ::1 port 36716
[20250406-16:17:21] [INFO ] Terminal Server Users group is disabled, allowing authentication
[20250406-16:17:21] [INFO ] ++ created session (access granted): username shima, ip ::ffff:165.242.43.123:57896 - socket: 11
[20250406-16:17:21] [INFO ] starting Xorg session...
[20250406-16:17:21] [INFO ] Starting session: session_pid 8376, display :10.0, width 1280, height 1024, bpp 24, client ip ::ffff:165.242.43.123:57896 - socket: 11, user name shima
[20250406-16:17:21] [ERROR] sesman_data_in: scp_process_msg failed
[20250406-16:17:21] [INFO ] [session start] (display 10): calling auth_start_session from pid 8376
[20250406-16:17:21] [ERROR] sesman_main_loop: trans_check_wait_objs failed, removing trans
[20250406-16:17:21] [INFO ] Starting X server on display 10: /usr/lib/xorg/Xorg :10 -auth .Xauthority -config xrdp/xorg.conf -noreset -nolisten tcp -logfile .xorgxrdp.%s.log  
[20250406-16:17:21] [INFO ] Found X server running at /tmp/.X11-unix/X10
[20250406-16:17:21] [INFO ] Found X server running at /tmp/.X11-unix/X10
[20250406-16:17:21] [INFO ] Session started successfully for user shima on display 10
[20250406-16:17:21] [INFO ] Starting the xrdp channel server for display 10
[20250406-16:17:21] [INFO ] Found X server running at /tmp/.X11-unix/X10
[20250406-16:17:21] [INFO ] Session in progress on display 10, waiting until the window manager (pid 8379) exits to end the session
[20250406-16:17:21] [INFO ] Starting the default window manager on display 10: /etc/xrdp/startwm.sh
[20250406-16:17:21] [WARN ] Window manager (pid 8379, display 10) exited quickly (0 secs). This could indicate a window manager config problem
[20250406-16:17:21] [INFO ] Calling auth_stop_session and auth_end from pid 8376
[20250406-16:17:21] [INFO ] Terminating X server (pid 8380) on display 10
[20250406-16:17:21] [INFO ] Terminating the xrdp channel server (pid 8390) on display 10
[20250406-16:17:21] [INFO ] X server on display 10 (pid 8380) returned exit code 0 and signal number 0
[20250406-16:17:21] [INFO ] xrdp channel server for display 10 (pid 8390) exit code 0 and signal number 0
[20250406-16:17:21] [INFO ] cleanup_sockets:
[20250406-16:17:21] [INFO ] ++ terminated session:  username shima, display :10.0, session_pid 8376, ip ::ffff:165.242.43.123:57896 - socket: 11
[20250406-16:17:26] [INFO ] Socket 7: AF_INET6 connection received from ::1 port 53548
[20250406-16:17:26] [INFO ] Terminal Server Users group is disabled, allowing authentication
[20250406-16:17:26] [INFO ] ++ created session (access granted): username shima, ip ::ffff:165.242.43.123:57897 - socket: 11
[20250406-16:17:26] [INFO ] starting Xorg session...
[20250406-16:17:26] [INFO ] Starting session: session_pid 8575, display :10.0, width 1280, height 1024, bpp 24, client ip ::ffff:165.242.43.123:57897 - socket: 11, user name shima
[20250406-16:17:26] [ERROR] sesman_data_in: scp_process_msg failed
[20250406-16:17:26] [INFO ] [session start] (display 10): calling auth_start_session from pid 8575
[20250406-16:17:26] [ERROR] sesman_main_loop: trans_check_wait_objs failed, removing trans
[20250406-16:17:26] [INFO ] Starting X server on display 10: /usr/lib/xorg/Xorg :10 -auth .Xauthority -config xrdp/xorg.conf -noreset -nolisten tcp -logfile .xorgxrdp.%s.log  
[20250406-16:17:27] [INFO ] Found X server running at /tmp/.X11-unix/X10
[20250406-16:17:27] [INFO ] Found X server running at /tmp/.X11-unix/X10
[20250406-16:17:27] [INFO ] Session started successfully for user shima on display 10
[20250406-16:17:27] [INFO ] Starting the xrdp channel server for display 10
[20250406-16:17:27] [INFO ] Found X server running at /tmp/.X11-unix/X10
[20250406-16:17:27] [INFO ] Session in progress on display 10, waiting until the window manager (pid 8578) exits to end the session
[20250406-16:17:27] [INFO ] Starting the default window manager on display 10: /etc/xrdp/startwm.sh
[20250406-16:17:27] [WARN ] Window manager (pid 8578, display 10) exited quickly (0 secs). This could indicate a window manager config problem
[20250406-16:17:27] [INFO ] Calling auth_stop_session and auth_end from pid 8575
[20250406-16:17:27] [INFO ] Terminating X server (pid 8579) on display 10
[20250406-16:17:27] [INFO ] Terminating the xrdp channel server (pid 8589) on display 10
[20250406-16:17:27] [INFO ] X server on display 10 (pid 8579) returned exit code 0 and signal number 0
[20250406-16:17:27] [INFO ] xrdp channel server for display 10 (pid 8589) exit code 0 and signal number 0
[20250406-16:17:27] [INFO ] cleanup_sockets:
[20250406-16:17:27] [INFO ] ++ terminated session:  username shima, display :10.0, session_pid 8575, ip ::ffff:165.242.43.123:57897 - socket: 11
[20250406-16:18:12] [INFO ] Socket 7: AF_INET6 connection received from ::1 port 41242
[20250406-16:18:12] [INFO ] Terminal Server Users group is disabled, allowing authentication
[20250406-16:18:12] [INFO ] ++ created session (access granted): username shima, ip ::ffff:165.242.43.123:57901 - socket: 11
[20250406-16:18:12] [INFO ] starting Xorg session...
[20250406-16:18:12] [INFO ] Starting session: session_pid 8777, display :10.0, width 1280, height 1024, bpp 24, client ip ::ffff:165.242.43.123:57901 - socket: 11, user name shima
[20250406-16:18:12] [ERROR] sesman_data_in: scp_process_msg failed
[20250406-16:18:12] [INFO ] [session start] (display 10): calling auth_start_session from pid 8777
[20250406-16:18:12] [ERROR] sesman_main_loop: trans_check_wait_objs failed, removing trans
[20250406-16:18:12] [INFO ] Starting X server on display 10: /usr/lib/xorg/Xorg :10 -auth .Xauthority -config xrdp/xorg.conf -noreset -nolisten tcp -logfile .xorgxrdp.%s.log  
[20250406-16:18:12] [INFO ] Found X server running at /tmp/.X11-unix/X10
[20250406-16:18:12] [INFO ] Found X server running at /tmp/.X11-unix/X10
[20250406-16:18:12] [INFO ] Session started successfully for user shima on display 10
[20250406-16:18:12] [INFO ] Starting the xrdp channel server for display 10
[20250406-16:18:12] [INFO ] Found X server running at /tmp/.X11-unix/X10
[20250406-16:18:12] [INFO ] Session in progress on display 10, waiting until the window manager (pid 8780) exits to end the session
[20250406-16:18:12] [INFO ] Starting the default window manager on display 10: /etc/xrdp/startwm.sh
[20250406-16:21:23] [INFO ] Calling auth_stop_session and auth_end from pid 8777
[20250406-16:21:23] [INFO ] Terminating X server (pid 8781) on display 10
[20250406-16:21:23] [INFO ] Terminating the xrdp channel server (pid 8791) on display 10
[20250406-16:21:23] [INFO ] X server on display 10 (pid 8781) returned exit code 0 and signal number 0
[20250406-16:21:23] [INFO ] xrdp channel server for display 10 (pid 8791) exit code 0 and signal number 0
[20250406-16:21:23] [INFO ] cleanup_sockets:
[20250406-16:21:23] [INFO ] ++ terminated session:  username shima, display :10.0, session_pid 8777, ip ::ffff:165.242.43.123:57901 - socket: 11
[20250406-16:22:29] [INFO ] Socket 7: AF_INET6 connection received from ::1 port 58742
[20250406-16:22:29] [INFO ] Terminal Server Users group is disabled, allowing authentication
[20250406-16:22:29] [INFO ] ++ created session (access granted): username shima, ip ::ffff:165.242.43.123:57969 - socket: 11
[20250406-16:22:29] [INFO ] starting Xorg session...
[20250406-16:22:29] [INFO ] Starting session: session_pid 10390, display :10.0, width 1280, height 1024, bpp 24, client ip ::ffff:165.242.43.123:57969 - socket: 11, user name shima
[20250406-16:22:29] [ERROR] sesman_data_in: scp_process_msg failed
[20250406-16:22:29] [INFO ] [session start] (display 10): calling auth_start_session from pid 10390
[20250406-16:22:29] [ERROR] sesman_main_loop: trans_check_wait_objs failed, removing trans
[20250406-16:22:29] [INFO ] Starting X server on display 10: /usr/lib/xorg/Xorg :10 -auth .Xauthority -config xrdp/xorg.conf -noreset -nolisten tcp -logfile .xorgxrdp.%s.log  
[20250406-16:22:29] [INFO ] Found X server running at /tmp/.X11-unix/X10
[20250406-16:22:29] [INFO ] Found X server running at /tmp/.X11-unix/X10
[20250406-16:22:29] [INFO ] Session started successfully for user shima on display 10
[20250406-16:22:29] [INFO ] Starting the xrdp channel server for display 10
[20250406-16:22:29] [INFO ] Found X server running at /tmp/.X11-unix/X10
[20250406-16:22:29] [INFO ] Starting the default window manager on display 10: /etc/xrdp/startwm.sh
[20250406-16:22:29] [INFO ] Session in progress on display 10, waiting until the window manager (pid 10393) exits to end the session
[20250406-16:22:58] [INFO ] Calling auth_stop_session and auth_end from pid 10390
[20250406-16:22:58] [INFO ] Terminating X server (pid 10394) on display 10
[20250406-16:22:58] [INFO ] Terminating the xrdp channel server (pid 10404) on display 10
[20250406-16:22:58] [INFO ] X server on display 10 (pid 10394) returned exit code 0 and signal number 0
[20250406-16:22:58] [INFO ] xrdp channel server for display 10 (pid 10404) exit code 0 and signal number 0
[20250406-16:22:58] [INFO ] cleanup_sockets:
[20250406-16:22:58] [INFO ] ++ terminated session:  username shima, display :10.0, session_pid 10390, ip ::ffff:165.242.43.123:57969 - socket: 11
[20250406-16:23:02] [INFO ] Socket 7: AF_INET6 connection received from ::1 port 35070
[20250406-16:23:02] [INFO ] Terminal Server Users group is disabled, allowing authentication
[20250406-16:23:02] [INFO ] ++ created session (access granted): username shima, ip ::ffff:165.242.43.123:57978 - socket: 11
[20250406-16:23:02] [INFO ] starting Xorg session...
[20250406-16:23:02] [INFO ] Starting session: session_pid 11291, display :10.0, width 1280, height 1024, bpp 24, client ip ::ffff:165.242.43.123:57978 - socket: 11, user name shima
[20250406-16:23:02] [INFO ] [session start] (display 10): calling auth_start_session from pid 11291
[20250406-16:23:02] [ERROR] sesman_data_in: scp_process_msg failed
[20250406-16:23:02] [ERROR] sesman_main_loop: trans_check_wait_objs failed, removing trans
[20250406-16:23:02] [INFO ] Starting X server on display 10: /usr/lib/xorg/Xorg :10 -auth .Xauthority -config xrdp/xorg.conf -noreset -nolisten tcp -logfile .xorgxrdp.%s.log  
[20250406-16:23:02] [INFO ] Found X server running at /tmp/.X11-unix/X10
[20250406-16:23:02] [INFO ] Found X server running at /tmp/.X11-unix/X10
[20250406-16:23:02] [INFO ] Found X server running at /tmp/.X11-unix/X10
[20250406-16:23:02] [INFO ] Session started successfully for user shima on display 10
[20250406-16:23:02] [INFO ] Starting the default window manager on display 10: /etc/xrdp/startwm.sh
[20250406-16:23:02] [INFO ] Starting the xrdp channel server for display 10
[20250406-16:23:02] [INFO ] Session in progress on display 10, waiting until the window manager (pid 11294) exits to end the session
[20250406-16:23:02] [WARN ] Window manager (pid 11294, display 10) exited quickly (0 secs). This could indicate a window manager config problem
[20250406-16:23:02] [INFO ] Calling auth_stop_session and auth_end from pid 11291
[20250406-16:23:02] [INFO ] Terminating X server (pid 11295) on display 10
[20250406-16:23:02] [INFO ] Terminating the xrdp channel server (pid 11305) on display 10
[20250406-16:23:02] [INFO ] X server on display 10 (pid 11295) returned exit code 0 and signal number 0
[20250406-16:23:02] [INFO ] xrdp channel server for display 10 (pid 11305) exit code 0 and signal number 0
[20250406-16:23:02] [INFO ] cleanup_sockets:
[20250406-16:23:02] [INFO ] ++ terminated session:  username shima, display :10.0, session_pid 11291, ip ::ffff:165.242.43.123:57978 - socket: 11
[20250406-16:23:46] [INFO ] Socket 7: AF_INET6 connection received from ::1 port 53878
[20250406-16:23:46] [INFO ] Terminal Server Users group is disabled, allowing authentication
[20250406-16:23:46] [INFO ] ++ created session (access granted): username shima, ip ::ffff:165.242.43.123:57988 - socket: 11
[20250406-16:23:46] [INFO ] starting Xorg session...
[20250406-16:23:46] [INFO ] Starting session: session_pid 11505, display :10.0, width 1280, height 1024, bpp 24, client ip ::ffff:165.242.43.123:57988 - socket: 11, user name shima
[20250406-16:23:46] [ERROR] sesman_data_in: scp_process_msg failed
[20250406-16:23:46] [INFO ] [session start] (display 10): calling auth_start_session from pid 11505
[20250406-16:23:46] [ERROR] sesman_main_loop: trans_check_wait_objs failed, removing trans
[20250406-16:23:46] [INFO ] Starting X server on display 10: /usr/lib/xorg/Xorg :10 -auth .Xauthority -config xrdp/xorg.conf -noreset -nolisten tcp -logfile .xorgxrdp.%s.log  
[20250406-16:23:47] [INFO ] Found X server running at /tmp/.X11-unix/X10
[20250406-16:23:47] [INFO ] Found X server running at /tmp/.X11-unix/X10
[20250406-16:23:47] [INFO ] Session started successfully for user shima on display 10
[20250406-16:23:47] [INFO ] Starting the xrdp channel server for display 10
[20250406-16:23:47] [INFO ] Found X server running at /tmp/.X11-unix/X10
[20250406-16:23:47] [INFO ] Session in progress on display 10, waiting until the window manager (pid 11508) exits to end the session
[20250406-16:23:47] [INFO ] Starting the default window manager on display 10: /etc/xrdp/startwm.sh
[20250406-16:26:31] [INFO ] Calling auth_stop_session and auth_end from pid 11505
[20250406-16:26:31] [INFO ] Terminating X server (pid 11509) on display 10
[20250406-16:26:31] [INFO ] Terminating the xrdp channel server (pid 11519) on display 10
[20250406-16:26:31] [INFO ] X server on display 10 (pid 11509) returned exit code 0 and signal number 0
[20250406-16:26:31] [INFO ] xrdp channel server for display 10 (pid 11519) exit code 0 and signal number 0
[20250406-16:26:31] [INFO ] cleanup_sockets:
[20250406-16:26:31] [INFO ] ++ terminated session:  username shima, display :10.0, session_pid 11505, ip ::ffff:165.242.43.123:57988 - socket: 11
[20250406-16:26:36] [INFO ] Socket 7: AF_INET6 connection received from ::1 port 51122
[20250406-16:26:36] [INFO ] Terminal Server Users group is disabled, allowing authentication
[20250406-16:26:36] [INFO ] ++ created session (access granted): username shima, ip ::ffff:165.242.43.123:58019 - socket: 11
[20250406-16:26:36] [INFO ] starting Xorg session...
[20250406-16:26:36] [INFO ] Starting session: session_pid 12723, display :10.0, width 1280, height 1024, bpp 24, client ip ::ffff:165.242.43.123:58019 - socket: 11, user name shima
[20250406-16:26:36] [INFO ] [session start] (display 10): calling auth_start_session from pid 12723
[20250406-16:26:36] [ERROR] sesman_data_in: scp_process_msg failed
[20250406-16:26:36] [ERROR] sesman_main_loop: trans_check_wait_objs failed, removing trans
[20250406-16:26:36] [INFO ] Starting X server on display 10: /usr/lib/xorg/Xorg :10 -auth .Xauthority -config xrdp/xorg.conf -noreset -nolisten tcp -logfile .xorgxrdp.%s.log  
[20250406-16:26:36] [INFO ] Found X server running at /tmp/.X11-unix/X10
[20250406-16:26:36] [INFO ] Found X server running at /tmp/.X11-unix/X10
[20250406-16:26:36] [INFO ] Session started successfully for user shima on display 10
[20250406-16:26:36] [INFO ] Starting the xrdp channel server for display 10
[20250406-16:26:36] [INFO ] Found X server running at /tmp/.X11-unix/X10
[20250406-16:26:36] [INFO ] Session in progress on display 10, waiting until the window manager (pid 12726) exits to end the session
[20250406-16:26:36] [INFO ] Starting the default window manager on display 10: /etc/xrdp/startwm.sh
[20250406-16:36:01] [INFO ] Calling auth_stop_session and auth_end from pid 12723
[20250406-16:36:01] [INFO ] Terminating X server (pid 12727) on display 10
[20250406-16:36:01] [INFO ] Terminating the xrdp channel server (pid 12737) on display 10
[20250406-16:36:01] [INFO ] X server on display 10 (pid 12727) returned exit code 0 and signal number 0
[20250406-16:36:01] [INFO ] xrdp channel server for display 10 (pid 12737) exit code 0 and signal number 0
[20250406-16:36:01] [INFO ] cleanup_sockets:
[20250406-16:36:01] [INFO ] ++ terminated session:  username shima, display :10.0, session_pid 12723, ip ::ffff:165.242.43.123:58019 - socket: 11
[20250406-16:40:25] [INFO ] starting xrdp-sesman with pid 54
[20250406-16:40:30] [INFO ] Socket 7: AF_INET6 connection received from ::1 port 46550
[20250406-16:40:31] [INFO ] Terminal Server Users group is disabled, allowing authentication
[20250406-16:40:31] [INFO ] ++ created session (access granted): username shima, ip ::ffff:165.242.43.123:58207 - socket: 11
[20250406-16:40:31] [INFO ] starting Xorg session...
[20250406-16:40:31] [INFO ] Starting session: session_pid 71, display :10.0, width 1280, height 1024, bpp 24, client ip ::ffff:165.242.43.123:58207 - socket: 11, user name shima
[20250406-16:40:31] [ERROR] sesman_data_in: scp_process_msg failed
[20250406-16:40:31] [INFO ] [session start] (display 10): calling auth_start_session from pid 71
[20250406-16:40:31] [ERROR] sesman_main_loop: trans_check_wait_objs failed, removing trans
[20250406-16:40:31] [INFO ] Starting X server on display 10: /usr/lib/xorg/Xorg :10 -auth .Xauthority -config xrdp/xorg.conf -noreset -nolisten tcp -logfile .xorgxrdp.%s.log  
[20250406-16:40:31] [INFO ] Found X server running at /tmp/.X11-unix/X10
[20250406-16:40:31] [INFO ] Found X server running at /tmp/.X11-unix/X10
[20250406-16:40:31] [INFO ] Session started successfully for user shima on display 10
[20250406-16:40:31] [INFO ] Starting the xrdp channel server for display 10
[20250406-16:40:31] [INFO ] Found X server running at /tmp/.X11-unix/X10
[20250406-16:40:31] [INFO ] Session in progress on display 10, waiting until the window manager (pid 74) exits to end the session
[20250406-16:40:31] [INFO ] Starting the default window manager on display 10: /etc/xrdp/startwm.sh
[20250406-16:53:19] [INFO ] starting xrdp-sesman with pid 55
[20250406-16:53:26] [INFO ] Socket 7: AF_INET6 connection received from ::1 port 34182
[20250406-16:53:26] [INFO ] Terminal Server Users group is disabled, allowing authentication
[20250406-16:53:26] [INFO ] ++ created session (access granted): username shima, ip ::ffff:165.242.43.123:58391 - socket: 11
[20250406-16:53:26] [INFO ] starting Xorg session...
[20250406-16:53:26] [INFO ] Starting session: session_pid 78, display :10.0, width 1280, height 1024, bpp 24, client ip ::ffff:165.242.43.123:58391 - socket: 11, user name shima
[20250406-16:53:26] [ERROR] sesman_data_in: scp_process_msg failed
[20250406-16:53:26] [INFO ] [session start] (display 10): calling auth_start_session from pid 78
[20250406-16:53:26] [ERROR] sesman_main_loop: trans_check_wait_objs failed, removing trans
[20250406-16:53:26] [INFO ] Starting X server on display 10: /usr/lib/xorg/Xorg :10 -auth .Xauthority -config xrdp/xorg.conf -noreset -nolisten tcp -logfile .xorgxrdp.%s.log  
[20250406-16:53:27] [INFO ] Found X server running at /tmp/.X11-unix/X10
[20250406-16:53:27] [INFO ] Found X server running at /tmp/.X11-unix/X10
[20250406-16:53:27] [INFO ] Session started successfully for user shima on display 10
[20250406-16:53:27] [INFO ] Found X server running at /tmp/.X11-unix/X10
[20250406-16:53:27] [INFO ] Starting the xrdp channel server for display 10
[20250406-16:53:27] [INFO ] Session in progress on display 10, waiting until the window manager (pid 81) exits to end the session
[20250406-16:53:27] [INFO ] Starting the default window manager on display 10: /etc/xrdp/startwm.sh
[20250406-17:57:42] [INFO ] starting xrdp-sesman with pid 55
[20250406-17:57:48] [INFO ] Socket 7: AF_INET6 connection received from ::1 port 51112
[20250406-17:57:50] [ERROR] pam_authenticate failed: Authentication failure
[20250406-17:57:50] [INFO ] Username or password error for user: student
[20250406-17:57:50] [ERROR] sesman_data_in: scp_process_msg failed
[20250406-17:57:50] [ERROR] sesman_main_loop: trans_check_wait_objs failed, removing trans
[20250406-17:58:01] [INFO ] Socket 7: AF_INET6 connection received from ::1 port 37086
[20250406-17:58:01] [INFO ] Terminal Server Users group is disabled, allowing authentication
[20250406-17:58:01] [INFO ] ++ created session (access granted): username shima, ip ::ffff:165.242.43.123:59356 - socket: 11
[20250406-17:58:01] [INFO ] starting Xorg session...
[20250406-17:58:01] [INFO ] Starting session: session_pid 78, display :10.0, width 1280, height 1024, bpp 24, client ip ::ffff:165.242.43.123:59356 - socket: 11, user name shima
[20250406-17:58:01] [ERROR] sesman_data_in: scp_process_msg failed
[20250406-17:58:01] [INFO ] [session start] (display 10): calling auth_start_session from pid 78
[20250406-17:58:01] [ERROR] sesman_main_loop: trans_check_wait_objs failed, removing trans
[20250406-17:58:01] [INFO ] Starting X server on display 10: /usr/lib/xorg/Xorg :10 -auth .Xauthority -config xrdp/xorg.conf -noreset -nolisten tcp -logfile .xorgxrdp.%s.log  
[20250406-17:58:02] [INFO ] Found X server running at /tmp/.X11-unix/X10
[20250406-17:58:02] [INFO ] Found X server running at /tmp/.X11-unix/X10
[20250406-17:58:02] [INFO ] Starting the xrdp channel server for display 10
[20250406-17:58:02] [INFO ] Session started successfully for user shima on display 10
[20250406-17:58:02] [INFO ] Found X server running at /tmp/.X11-unix/X10
[20250406-17:58:02] [INFO ] Session in progress on display 10, waiting until the window manager (pid 81) exits to end the session
[20250406-17:58:02] [INFO ] Starting the default window manager on display 10: /etc/xrdp/startwm.sh
[20250406-17:58:38] [INFO ] Calling auth_stop_session and auth_end from pid 78
[20250406-17:58:38] [INFO ] Terminating X server (pid 82) on display 10
[20250406-17:58:38] [INFO ] Terminating the xrdp channel server (pid 92) on display 10
[20250406-17:58:38] [INFO ] X server on display 10 (pid 82) returned exit code 0 and signal number 0
[20250406-17:58:38] [INFO ] xrdp channel server for display 10 (pid 92) exit code 0 and signal number 0
[20250406-17:58:38] [INFO ] cleanup_sockets:
[20250406-17:58:38] [INFO ] ++ terminated session:  username shima, display :10.0, session_pid 78, ip ::ffff:165.242.43.123:59356 - socket: 11
[20250406-17:58:41] [INFO ] Socket 7: AF_INET6 connection received from ::1 port 44590
[20250406-17:58:44] [ERROR] pam_authenticate failed: Authentication failure
[20250406-17:58:44] [INFO ] Username or password error for user: student
[20250406-17:58:44] [ERROR] sesman_data_in: scp_process_msg failed
[20250406-17:58:44] [ERROR] sesman_main_loop: trans_check_wait_objs failed, removing trans
[20250406-17:58:59] [INFO ] Socket 7: AF_INET6 connection received from ::1 port 45264
[20250406-17:58:59] [INFO ] Terminal Server Users group is disabled, allowing authentication
[20250406-17:58:59] [INFO ] ++ created session (access granted): username shima, ip ::ffff:165.242.43.123:59365 - socket: 11
[20250406-17:58:59] [INFO ] starting Xorg session...
[20250406-17:58:59] [INFO ] Starting session: session_pid 1661, display :10.0, width 1280, height 1024, bpp 24, client ip ::ffff:165.242.43.123:59365 - socket: 11, user name shima
[20250406-17:58:59] [INFO ] [session start] (display 10): calling auth_start_session from pid 1661
[20250406-17:58:59] [ERROR] sesman_data_in: scp_process_msg failed
[20250406-17:58:59] [ERROR] sesman_main_loop: trans_check_wait_objs failed, removing trans
[20250406-17:58:59] [INFO ] Starting X server on display 10: /usr/lib/xorg/Xorg :10 -auth .Xauthority -config xrdp/xorg.conf -noreset -nolisten tcp -logfile .xorgxrdp.%s.log  
[20250406-17:59:00] [INFO ] Found X server running at /tmp/.X11-unix/X10
[20250406-17:59:00] [INFO ] Found X server running at /tmp/.X11-unix/X10
[20250406-17:59:00] [INFO ] Starting the xrdp channel server for display 10
[20250406-17:59:00] [INFO ] Session started successfully for user shima on display 10
[20250406-17:59:00] [INFO ] Found X server running at /tmp/.X11-unix/X10
[20250406-17:59:00] [INFO ] Starting the default window manager on display 10: /etc/xrdp/startwm.sh
[20250406-17:59:00] [INFO ] Session in progress on display 10, waiting until the window manager (pid 1664) exits to end the session
[20250406-18:05:04] [INFO ] Calling auth_stop_session and auth_end from pid 1661
[20250406-18:05:04] [INFO ] Terminating X server (pid 1665) on display 10
[20250406-18:05:04] [INFO ] Terminating the xrdp channel server (pid 1675) on display 10
[20250406-18:05:04] [INFO ] X server on display 10 (pid 1665) returned exit code 0 and signal number 0
[20250406-18:05:04] [INFO ] xrdp channel server for display 10 (pid 1675) exit code 0 and signal number 0
[20250406-18:05:04] [INFO ] cleanup_sockets:
[20250406-18:05:04] [INFO ] ++ terminated session:  username shima, display :10.0, session_pid 1661, ip ::ffff:165.242.43.123:59365 - socket: 11
[20250406-18:05:07] [INFO ] Socket 7: AF_INET6 connection received from ::1 port 39468
[20250406-18:05:07] [INFO ] Terminal Server Users group is disabled, allowing authentication
[20250406-18:05:07] [INFO ] ++ created session (access granted): username shima, ip ::ffff:165.242.43.123:59457 - socket: 11
[20250406-18:05:07] [INFO ] starting Xorg session...
[20250406-18:05:07] [INFO ] Starting session: session_pid 2631, display :10.0, width 1280, height 1024, bpp 24, client ip ::ffff:165.242.43.123:59457 - socket: 11, user name shima
[20250406-18:05:07] [ERROR] sesman_data_in: scp_process_msg failed
[20250406-18:05:07] [INFO ] [session start] (display 10): calling auth_start_session from pid 2631
[20250406-18:05:07] [ERROR] sesman_main_loop: trans_check_wait_objs failed, removing trans
[20250406-18:05:07] [INFO ] Starting X server on display 10: /usr/lib/xorg/Xorg :10 -auth .Xauthority -config xrdp/xorg.conf -noreset -nolisten tcp -logfile .xorgxrdp.%s.log  
[20250406-18:05:07] [INFO ] Found X server running at /tmp/.X11-unix/X10
[20250406-18:05:07] [INFO ] Found X server running at /tmp/.X11-unix/X10
[20250406-18:05:07] [INFO ] Session started successfully for user shima on display 10
[20250406-18:05:07] [INFO ] Starting the xrdp channel server for display 10
[20250406-18:05:07] [INFO ] Found X server running at /tmp/.X11-unix/X10
[20250406-18:05:07] [INFO ] Session in progress on display 10, waiting until the window manager (pid 2634) exits to end the session
[20250406-18:05:07] [INFO ] Starting the default window manager on display 10: /etc/xrdp/startwm.sh
[20250406-18:12:53] [INFO ] Calling auth_stop_session and auth_end from pid 2631
[20250406-18:12:53] [INFO ] Terminating X server (pid 2635) on display 10
[20250406-18:12:53] [INFO ] Terminating the xrdp channel server (pid 2645) on display 10
[20250406-18:12:53] [INFO ] X server on display 10 (pid 2635) returned exit code 0 and signal number 0
[20250406-18:12:53] [INFO ] xrdp channel server for display 10 (pid 2645) exit code 0 and signal number 0
[20250406-18:12:53] [INFO ] cleanup_sockets:
[20250406-18:12:53] [INFO ] ++ terminated session:  username shima, display :10.0, session_pid 2631, ip ::ffff:165.242.43.123:59457 - socket: 11
[20250406-18:12:58] [INFO ] Socket 7: AF_INET6 connection received from ::1 port 46344
[20250406-18:12:58] [INFO ] Terminal Server Users group is disabled, allowing authentication
[20250406-18:12:58] [INFO ] ++ created session (access granted): username shima, ip ::ffff:165.242.43.123:59602 - socket: 11
[20250406-18:12:58] [INFO ] starting Xorg session...
[20250406-18:12:58] [INFO ] Starting session: session_pid 3659, display :10.0, width 1280, height 1024, bpp 24, client ip ::ffff:165.242.43.123:59602 - socket: 11, user name shima
[20250406-18:12:58] [ERROR] sesman_data_in: scp_process_msg failed
[20250406-18:12:58] [INFO ] [session start] (display 10): calling auth_start_session from pid 3659
[20250406-18:12:58] [ERROR] sesman_main_loop: trans_check_wait_objs failed, removing trans
[20250406-18:12:58] [INFO ] Starting X server on display 10: /usr/lib/xorg/Xorg :10 -auth .Xauthority -config xrdp/xorg.conf -noreset -nolisten tcp -logfile .xorgxrdp.%s.log  
[20250406-18:12:58] [INFO ] Found X server running at /tmp/.X11-unix/X10
[20250406-18:12:58] [INFO ] Found X server running at /tmp/.X11-unix/X10
[20250406-18:12:58] [INFO ] Starting the xrdp channel server for display 10
[20250406-18:12:58] [INFO ] Session started successfully for user shima on display 10
[20250406-18:12:58] [INFO ] Found X server running at /tmp/.X11-unix/X10
[20250406-18:12:58] [INFO ] Session in progress on display 10, waiting until the window manager (pid 3662) exits to end the session
[20250406-18:12:58] [INFO ] Starting the default window manager on display 10: /etc/xrdp/startwm.sh
[20250406-18:13:35] [INFO ] Calling auth_stop_session and auth_end from pid 3659
[20250406-18:13:35] [INFO ] Terminating X server (pid 3663) on display 10
[20250406-18:13:35] [INFO ] Terminating the xrdp channel server (pid 3673) on display 10
[20250406-18:13:35] [INFO ] X server on display 10 (pid 3663) returned exit code 0 and signal number 0
[20250406-18:13:35] [INFO ] xrdp channel server for display 10 (pid 3673) exit code 0 and signal number 0
[20250406-18:13:35] [INFO ] cleanup_sockets:
[20250406-18:13:35] [INFO ] ++ terminated session:  username shima, display :10.0, session_pid 3659, ip ::ffff:165.242.43.123:59602 - socket: 11
[20250406-18:13:39] [INFO ] Socket 7: AF_INET6 connection received from ::1 port 50666
[20250406-18:13:39] [INFO ] Terminal Server Users group is disabled, allowing authentication
[20250406-18:13:39] [INFO ] ++ created session (access granted): username shima, ip ::ffff:165.242.43.123:59612 - socket: 11
[20250406-18:13:39] [INFO ] starting Xorg session...
[20250406-18:13:39] [INFO ] Starting session: session_pid 4657, display :10.0, width 1280, height 1024, bpp 24, client ip ::ffff:165.242.43.123:59612 - socket: 11, user name shima
[20250406-18:13:39] [INFO ] [session start] (display 10): calling auth_start_session from pid 4657
[20250406-18:13:39] [ERROR] sesman_data_in: scp_process_msg failed
[20250406-18:13:39] [ERROR] sesman_main_loop: trans_check_wait_objs failed, removing trans
[20250406-18:13:39] [INFO ] Starting X server on display 10: /usr/lib/xorg/Xorg :10 -auth .Xauthority -config xrdp/xorg.conf -noreset -nolisten tcp -logfile .xorgxrdp.%s.log  
[20250406-18:13:39] [INFO ] Found X server running at /tmp/.X11-unix/X10
[20250406-18:13:39] [INFO ] Found X server running at /tmp/.X11-unix/X10
[20250406-18:13:39] [INFO ] Session started successfully for user shima on display 10
[20250406-18:13:39] [INFO ] Starting the xrdp channel server for display 10
[20250406-18:13:39] [INFO ] Found X server running at /tmp/.X11-unix/X10
[20250406-18:13:39] [INFO ] Session in progress on display 10, waiting until the window manager (pid 4660) exits to end the session
[20250406-18:13:39] [INFO ] Starting the default window manager on display 10: /etc/xrdp/startwm.sh
[20250406-18:14:09] [INFO ] Calling auth_stop_session and auth_end from pid 4657
[20250406-18:14:09] [INFO ] Terminating X server (pid 4661) on display 10
[20250406-18:14:09] [INFO ] Terminating the xrdp channel server (pid 4671) on display 10
[20250406-18:14:09] [INFO ] X server on display 10 (pid 4661) returned exit code 0 and signal number 0
[20250406-18:14:09] [INFO ] xrdp channel server for display 10 (pid 4671) exit code 0 and signal number 0
[20250406-18:14:09] [INFO ] cleanup_sockets:
[20250406-18:14:09] [INFO ] ++ terminated session:  username shima, display :10.0, session_pid 4657, ip ::ffff:165.242.43.123:59612 - socket: 11
[20250406-18:14:12] [INFO ] Socket 7: AF_INET6 connection received from ::1 port 55444
[20250406-18:14:12] [INFO ] Terminal Server Users group is disabled, allowing authentication
[20250406-18:14:12] [INFO ] ++ created session (access granted): username shima, ip ::ffff:165.242.43.123:59616 - socket: 11
[20250406-18:14:12] [INFO ] starting Xorg session...
[20250406-18:14:12] [INFO ] Starting session: session_pid 5904, display :10.0, width 1280, height 1024, bpp 24, client ip ::ffff:165.242.43.123:59616 - socket: 11, user name shima
[20250406-18:14:12] [INFO ] [session start] (display 10): calling auth_start_session from pid 5904
[20250406-18:14:12] [ERROR] sesman_data_in: scp_process_msg failed
[20250406-18:14:12] [ERROR] sesman_main_loop: trans_check_wait_objs failed, removing trans
[20250406-18:14:12] [INFO ] Starting X server on display 10: /usr/lib/xorg/Xorg :10 -auth .Xauthority -config xrdp/xorg.conf -noreset -nolisten tcp -logfile .xorgxrdp.%s.log  
[20250406-18:14:13] [INFO ] Found X server running at /tmp/.X11-unix/X10
[20250406-18:14:13] [INFO ] Found X server running at /tmp/.X11-unix/X10
[20250406-18:14:13] [INFO ] Session started successfully for user shima on display 10
[20250406-18:14:13] [INFO ] Starting the xrdp channel server for display 10
[20250406-18:14:13] [INFO ] Found X server running at /tmp/.X11-unix/X10
[20250406-18:14:13] [INFO ] Session in progress on display 10, waiting until the window manager (pid 5907) exits to end the session
[20250406-18:14:13] [INFO ] Starting the default window manager on display 10: /etc/xrdp/startwm.sh
[20250406-18:19:27] [INFO ] Calling auth_stop_session and auth_end from pid 5904
[20250406-18:19:27] [INFO ] Terminating X server (pid 5908) on display 10
[20250406-18:19:27] [INFO ] Terminating the xrdp channel server (pid 5918) on display 10
[20250406-18:19:27] [INFO ] X server on display 10 (pid 5908) returned exit code 0 and signal number 0
[20250406-18:19:27] [INFO ] xrdp channel server for display 10 (pid 5918) exit code 0 and signal number 0
[20250406-18:19:27] [INFO ] cleanup_sockets:
[20250406-18:19:27] [INFO ] ++ terminated session:  username shima, display :10.0, session_pid 5904, ip ::ffff:165.242.43.123:59616 - socket: 11
[20250406-18:19:30] [INFO ] Socket 7: AF_INET6 connection received from ::1 port 39816
[20250406-18:19:31] [INFO ] Terminal Server Users group is disabled, allowing authentication
[20250406-18:19:31] [INFO ] ++ created session (access granted): username shima, ip ::ffff:165.242.43.123:59690 - socket: 11
[20250406-18:19:31] [INFO ] starting Xorg session...
[20250406-18:19:31] [INFO ] Starting session: session_pid 6874, display :10.0, width 1280, height 1024, bpp 24, client ip ::ffff:165.242.43.123:59690 - socket: 11, user name shima
[20250406-18:19:31] [INFO ] [session start] (display 10): calling auth_start_session from pid 6874
[20250406-18:19:31] [ERROR] sesman_data_in: scp_process_msg failed
[20250406-18:19:31] [ERROR] sesman_main_loop: trans_check_wait_objs failed, removing trans
[20250406-18:19:31] [INFO ] Starting X server on display 10: /usr/lib/xorg/Xorg :10 -auth .Xauthority -config xrdp/xorg.conf -noreset -nolisten tcp -logfile .xorgxrdp.%s.log  
[20250406-18:19:31] [INFO ] Found X server running at /tmp/.X11-unix/X10
[20250406-18:19:31] [INFO ] Found X server running at /tmp/.X11-unix/X10
[20250406-18:19:31] [INFO ] Found X server running at /tmp/.X11-unix/X10
[20250406-18:19:31] [INFO ] Session started successfully for user shima on display 10
[20250406-18:19:31] [INFO ] Starting the default window manager on display 10: /etc/xrdp/startwm.sh
[20250406-18:19:31] [INFO ] Starting the xrdp channel server for display 10
[20250406-18:19:31] [INFO ] Session in progress on display 10, waiting until the window manager (pid 6877) exits to end the session
[20250406-18:20:02] [INFO ] Calling auth_stop_session and auth_end from pid 6874
[20250406-18:20:02] [INFO ] Terminating X server (pid 6878) on display 10
[20250406-18:20:02] [INFO ] Terminating the xrdp channel server (pid 6888) on display 10
[20250406-18:20:02] [INFO ] X server on display 10 (pid 6878) returned exit code 0 and signal number 0
[20250406-18:20:02] [INFO ] xrdp channel server for display 10 (pid 6888) exit code 0 and signal number 0
[20250406-18:20:02] [INFO ] cleanup_sockets:
[20250406-18:20:02] [INFO ] ++ terminated session:  username shima, display :10.0, session_pid 6874, ip ::ffff:165.242.43.123:59690 - socket: 11
[20250406-18:20:05] [INFO ] Socket 7: AF_INET6 connection received from ::1 port 35264
[20250406-18:20:05] [INFO ] Terminal Server Users group is disabled, allowing authentication
[20250406-18:20:05] [INFO ] ++ created session (access granted): username shima, ip ::ffff:165.242.43.123:59694 - socket: 11
[20250406-18:20:05] [INFO ] starting Xorg session...
[20250406-18:20:05] [INFO ] Starting session: session_pid 8120, display :10.0, width 1280, height 1024, bpp 24, client ip ::ffff:165.242.43.123:59694 - socket: 11, user name shima
[20250406-18:20:05] [INFO ] [session start] (display 10): calling auth_start_session from pid 8120
[20250406-18:20:05] [ERROR] sesman_data_in: scp_process_msg failed
[20250406-18:20:05] [ERROR] sesman_main_loop: trans_check_wait_objs failed, removing trans
[20250406-18:20:05] [INFO ] Starting X server on display 10: /usr/lib/xorg/Xorg :10 -auth .Xauthority -config xrdp/xorg.conf -noreset -nolisten tcp -logfile .xorgxrdp.%s.log  
[20250406-18:20:05] [INFO ] Found X server running at /tmp/.X11-unix/X10
[20250406-18:20:05] [INFO ] Found X server running at /tmp/.X11-unix/X10
[20250406-18:20:05] [INFO ] Starting the xrdp channel server for display 10
[20250406-18:20:05] [INFO ] Session started successfully for user shima on display 10
[20250406-18:20:05] [INFO ] Found X server running at /tmp/.X11-unix/X10
[20250406-18:20:05] [INFO ] Session in progress on display 10, waiting until the window manager (pid 8123) exits to end the session
[20250406-18:20:05] [INFO ] Starting the default window manager on display 10: /etc/xrdp/startwm.sh
[20250406-18:22:25] [INFO ] Calling auth_stop_session and auth_end from pid 8120
[20250406-18:22:25] [INFO ] Terminating X server (pid 8124) on display 10
[20250406-18:22:25] [INFO ] Terminating the xrdp channel server (pid 8134) on display 10
[20250406-18:22:25] [INFO ] X server on display 10 (pid 8124) returned exit code 0 and signal number 0
[20250406-18:22:25] [INFO ] xrdp channel server for display 10 (pid 8134) exit code 0 and signal number 0
[20250406-18:22:25] [INFO ] cleanup_sockets:
[20250406-18:22:25] [INFO ] ++ terminated session:  username shima, display :10.0, session_pid 8120, ip ::ffff:165.242.43.123:59694 - socket: 11
[20250406-18:22:29] [INFO ] Socket 7: AF_INET6 connection received from ::1 port 60544
[20250406-18:22:29] [INFO ] Terminal Server Users group is disabled, allowing authentication
[20250406-18:22:29] [INFO ] ++ created session (access granted): username shima, ip ::ffff:165.242.43.123:59734 - socket: 11
[20250406-18:22:29] [INFO ] starting Xorg session...
[20250406-18:22:29] [INFO ] Starting session: session_pid 9073, display :10.0, width 1280, height 1024, bpp 24, client ip ::ffff:165.242.43.123:59734 - socket: 11, user name shima
[20250406-18:22:29] [INFO ] [session start] (display 10): calling auth_start_session from pid 9073
[20250406-18:22:29] [ERROR] sesman_data_in: scp_process_msg failed
[20250406-18:22:29] [ERROR] sesman_main_loop: trans_check_wait_objs failed, removing trans
[20250406-18:22:29] [INFO ] Starting X server on display 10: /usr/lib/xorg/Xorg :10 -auth .Xauthority -config xrdp/xorg.conf -noreset -nolisten tcp -logfile .xorgxrdp.%s.log  
[20250406-18:22:30] [INFO ] Found X server running at /tmp/.X11-unix/X10
[20250406-18:22:30] [INFO ] Found X server running at /tmp/.X11-unix/X10
[20250406-18:22:30] [INFO ] Session started successfully for user shima on display 10
[20250406-18:22:30] [INFO ] Starting the xrdp channel server for display 10
[20250406-18:22:30] [INFO ] Found X server running at /tmp/.X11-unix/X10
[20250406-18:22:30] [INFO ] Session in progress on display 10, waiting until the window manager (pid 9076) exits to end the session
[20250406-18:22:30] [INFO ] Starting the default window manager on display 10: /etc/xrdp/startwm.sh
[20250406-18:23:01] [INFO ] Calling auth_stop_session and auth_end from pid 9073
[20250406-18:23:01] [INFO ] Terminating X server (pid 9077) on display 10
[20250406-18:23:01] [INFO ] Terminating the xrdp channel server (pid 9087) on display 10
[20250406-18:23:01] [INFO ] X server on display 10 (pid 9077) returned exit code 0 and signal number 0
[20250406-18:23:01] [INFO ] xrdp channel server for display 10 (pid 9087) exit code 0 and signal number 0
[20250406-18:23:01] [INFO ] cleanup_sockets:
[20250406-18:23:01] [INFO ] ++ terminated session:  username shima, display :10.0, session_pid 9073, ip ::ffff:165.242.43.123:59734 - socket: 11
[20250406-18:23:04] [INFO ] Socket 7: AF_INET6 connection received from ::1 port 47110
[20250406-18:23:04] [INFO ] Terminal Server Users group is disabled, allowing authentication
[20250406-18:23:04] [INFO ] ++ created session (access granted): username shima, ip ::ffff:165.242.43.123:59739 - socket: 11
[20250406-18:23:04] [INFO ] starting Xorg session...
[20250406-18:23:04] [INFO ] Starting session: session_pid 10024, display :10.0, width 1280, height 1024, bpp 24, client ip ::ffff:165.242.43.123:59739 - socket: 11, user name shima
[20250406-18:23:04] [ERROR] sesman_data_in: scp_process_msg failed
[20250406-18:23:04] [INFO ] [session start] (display 10): calling auth_start_session from pid 10024
[20250406-18:23:04] [ERROR] sesman_main_loop: trans_check_wait_objs failed, removing trans
[20250406-18:23:04] [INFO ] Starting X server on display 10: /usr/lib/xorg/Xorg :10 -auth .Xauthority -config xrdp/xorg.conf -noreset -nolisten tcp -logfile .xorgxrdp.%s.log  
[20250406-18:23:04] [INFO ] Found X server running at /tmp/.X11-unix/X10
[20250406-18:23:04] [INFO ] Found X server running at /tmp/.X11-unix/X10
[20250406-18:23:04] [INFO ] Session started successfully for user shima on display 10
[20250406-18:23:04] [INFO ] Starting the xrdp channel server for display 10
[20250406-18:23:04] [INFO ] Found X server running at /tmp/.X11-unix/X10
[20250406-18:23:04] [INFO ] Session in progress on display 10, waiting until the window manager (pid 10027) exits to end the session
[20250406-18:23:04] [INFO ] Starting the default window manager on display 10: /etc/xrdp/startwm.sh
[20250406-18:40:01] [INFO ] Calling auth_stop_session and auth_end from pid 10024
[20250406-18:40:01] [INFO ] Terminating X server (pid 10028) on display 10
[20250406-18:40:01] [INFO ] Terminating the xrdp channel server (pid 10038) on display 10
[20250406-18:40:01] [INFO ] X server on display 10 (pid 10028) returned exit code 0 and signal number 0
[20250406-18:40:01] [INFO ] xrdp channel server for display 10 (pid 10038) exit code 0 and signal number 0
[20250406-18:40:01] [INFO ] cleanup_sockets:
[20250406-18:40:01] [INFO ] ++ terminated session:  username shima, display :10.0, session_pid 10024, ip ::ffff:165.242.43.123:59739 - socket: 11
[20250406-18:46:09] [INFO ] starting xrdp-sesman with pid 56
[20250406-18:46:28] [INFO ] Socket 7: AF_INET6 connection received from ::1 port 44148
[20250406-18:46:29] [INFO ] Terminal Server Users group is disabled, allowing authentication
[20250406-18:46:29] [INFO ] ++ created session (access granted): username shima, ip ::ffff:165.242.43.123:60399 - socket: 11
[20250406-18:46:29] [INFO ] starting Xorg session...
[20250406-18:46:29] [INFO ] Starting session: session_pid 79, display :10.0, width 1280, height 1024, bpp 24, client ip ::ffff:165.242.43.123:60399 - socket: 11, user name shima
[20250406-18:46:29] [ERROR] sesman_data_in: scp_process_msg failed
[20250406-18:46:29] [INFO ] [session start] (display 10): calling auth_start_session from pid 79
[20250406-18:46:29] [ERROR] sesman_main_loop: trans_check_wait_objs failed, removing trans
[20250406-18:46:29] [INFO ] Starting X server on display 10: /usr/lib/xorg/Xorg :10 -auth .Xauthority -config xrdp/xorg.conf -noreset -nolisten tcp -logfile .xorgxrdp.%s.log  
[20250406-18:46:29] [INFO ] Found X server running at /tmp/.X11-unix/X10
[20250406-18:46:29] [INFO ] Found X server running at /tmp/.X11-unix/X10
[20250406-18:46:29] [INFO ] Found X server running at /tmp/.X11-unix/X10
[20250406-18:46:29] [INFO ] Session started successfully for user shima on display 10
[20250406-18:46:29] [INFO ] Starting the xrdp channel server for display 10
[20250406-18:46:29] [INFO ] Starting the default window manager on display 10: /etc/xrdp/startwm.sh
[20250406-18:46:29] [INFO ] Session in progress on display 10, waiting until the window manager (pid 82) exits to end the session
[20250406-18:47:07] [INFO ] Calling auth_stop_session and auth_end from pid 79
[20250406-18:47:07] [INFO ] Terminating X server (pid 83) on display 10
[20250406-18:47:07] [INFO ] Terminating the xrdp channel server (pid 93) on display 10
[20250406-18:47:07] [INFO ] X server on display 10 (pid 83) returned exit code 0 and signal number 0
[20250406-18:47:07] [INFO ] xrdp channel server for display 10 (pid 93) exit code 0 and signal number 0
[20250406-18:47:07] [INFO ] cleanup_sockets:
[20250406-18:47:07] [INFO ] ++ terminated session:  username shima, display :10.0, session_pid 79, ip ::ffff:165.242.43.123:60399 - socket: 11
[20250406-19:47:56] [INFO ] starting xrdp-sesman with pid 55
[20250406-19:49:12] [INFO ] Socket 7: AF_INET6 connection received from ::1 port 49302
[20250406-19:49:14] [ERROR] pam_authenticate failed: Authentication failure
[20250406-19:49:14] [INFO ] Username or password error for user: shima
[20250406-19:49:14] [ERROR] sesman_data_in: scp_process_msg failed
[20250406-19:49:14] [ERROR] sesman_main_loop: trans_check_wait_objs failed, removing trans
[20250406-19:49:48] [INFO ] Socket 7: AF_INET6 connection received from ::1 port 49164
[20250406-19:49:48] [INFO ] Terminal Server Users group is disabled, allowing authentication
[20250406-19:49:48] [INFO ] ++ created session (access granted): username shima, ip ::ffff:165.242.43.123:61759 - socket: 11
[20250406-19:49:48] [INFO ] starting Xorg session...
[20250406-19:49:48] [INFO ] Starting session: session_pid 93, display :10.0, width 1280, height 1024, bpp 24, client ip ::ffff:165.242.43.123:61759 - socket: 11, user name shima
[20250406-19:49:48] [ERROR] sesman_data_in: scp_process_msg failed
[20250406-19:49:48] [INFO ] [session start] (display 10): calling auth_start_session from pid 93
[20250406-19:49:48] [ERROR] sesman_main_loop: trans_check_wait_objs failed, removing trans
[20250406-19:49:48] [INFO ] Starting X server on display 10: /usr/lib/xorg/Xorg :10 -auth .Xauthority -config xrdp/xorg.conf -noreset -nolisten tcp -logfile .xorgxrdp.%s.log  
[20250406-19:49:49] [INFO ] Found X server running at /tmp/.X11-unix/X10
[20250406-19:49:49] [INFO ] Found X server running at /tmp/.X11-unix/X10
[20250406-19:49:49] [INFO ] Found X server running at /tmp/.X11-unix/X10
[20250406-19:49:49] [INFO ] Session started successfully for user shima on display 10
[20250406-19:49:49] [INFO ] Starting the default window manager on display 10: /etc/xrdp/startwm.sh
[20250406-19:49:49] [INFO ] Starting the xrdp channel server for display 10
[20250406-19:49:49] [INFO ] Session in progress on display 10, waiting until the window manager (pid 96) exits to end the session
[20250406-19:54:19] [INFO ] Calling auth_stop_session and auth_end from pid 93
[20250406-19:54:19] [INFO ] Terminating X server (pid 97) on display 10
[20250406-19:54:19] [INFO ] Terminating the xrdp channel server (pid 107) on display 10
[20250406-19:54:19] [INFO ] X server on display 10 (pid 97) returned exit code 0 and signal number 0
[20250406-19:54:19] [INFO ] xrdp channel server for display 10 (pid 107) exit code 0 and signal number 0
[20250406-19:54:19] [INFO ] cleanup_sockets:
[20250406-19:54:19] [INFO ] ++ terminated session:  username shima, display :10.0, session_pid 93, ip ::ffff:165.242.43.123:61759 - socket: 11
[20250406-20:34:32] [INFO ] starting xrdp-sesman with pid 47
[20250406-20:34:37] [INFO ] Socket 7: AF_INET6 connection received from ::1 port 52444
[20250406-20:34:37] [INFO ] Terminal Server Users group is disabled, allowing authentication
[20250406-20:34:37] [INFO ] ++ created session (access granted): username shima, ip ::ffff:165.242.43.123:62383 - socket: 11
[20250406-20:34:37] [INFO ] starting Xorg session...
[20250406-20:34:37] [INFO ] Starting session: session_pid 72, display :10.0, width 1280, height 1024, bpp 24, client ip ::ffff:165.242.43.123:62383 - socket: 11, user name shima
[20250406-20:34:37] [INFO ] [session start] (display 10): calling auth_start_session from pid 72
[20250406-20:34:37] [ERROR] sesman_data_in: scp_process_msg failed
[20250406-20:34:37] [ERROR] sesman_main_loop: trans_check_wait_objs failed, removing trans
[20250406-20:34:38] [INFO ] Starting X server on display 10: /usr/lib/xorg/Xorg :10 -auth .Xauthority -config xrdp/xorg.conf -noreset -nolisten tcp -logfile .xorgxrdp.%s.log  
[20250406-20:34:38] [INFO ] Found X server running at /tmp/.X11-unix/X10
[20250406-20:34:38] [INFO ] Found X server running at /tmp/.X11-unix/X10
[20250406-20:34:38] [INFO ] Session started successfully for user shima on display 10
[20250406-20:34:38] [INFO ] Starting the xrdp channel server for display 10
[20250406-20:34:38] [INFO ] Found X server running at /tmp/.X11-unix/X10
[20250406-20:34:38] [INFO ] Session in progress on display 10, waiting until the window manager (pid 75) exits to end the session
[20250406-20:34:38] [INFO ] Starting the default window manager on display 10: /etc/xrdp/startwm.sh
[20250406-20:35:44] [INFO ] Calling auth_stop_session and auth_end from pid 72
[20250406-20:35:44] [INFO ] Terminating X server (pid 76) on display 10
[20250406-20:35:44] [INFO ] Terminating the xrdp channel server (pid 79) on display 10
[20250406-20:35:44] [INFO ] X server on display 10 (pid 76) returned exit code 0 and signal number 0
[20250406-20:35:44] [INFO ] xrdp channel server for display 10 (pid 79) exit code 0 and signal number 0
[20250406-20:35:44] [INFO ] cleanup_sockets:
[20250406-20:35:44] [INFO ] ++ terminated session:  username shima, display :10.0, session_pid 72, ip ::ffff:165.242.43.123:62383 - socket: 11
[20250406-20:35:48] [INFO ] Socket 7: AF_INET6 connection received from ::1 port 56904
[20250406-20:35:48] [INFO ] Terminal Server Users group is disabled, allowing authentication
[20250406-20:35:49] [INFO ] ++ created session (access granted): username shima, ip ::ffff:165.242.43.123:62402 - socket: 11
[20250406-20:35:49] [INFO ] starting Xorg session...
[20250406-20:35:49] [INFO ] Starting session: session_pid 1876, display :10.0, width 1280, height 1024, bpp 24, client ip ::ffff:165.242.43.123:62402 - socket: 11, user name shima
[20250406-20:35:49] [INFO ] [session start] (display 10): calling auth_start_session from pid 1876
[20250406-20:35:49] [ERROR] sesman_data_in: scp_process_msg failed
[20250406-20:35:49] [INFO ] Starting X server on display 10: /usr/lib/xorg/Xorg :10 -auth .Xauthority -config xrdp/xorg.conf -noreset -nolisten tcp -logfile .xorgxrdp.%s.log  
[20250406-20:35:49] [ERROR] sesman_main_loop: trans_check_wait_objs failed, removing trans
[20250406-20:35:49] [INFO ] Found X server running at /tmp/.X11-unix/X10
[20250406-20:35:49] [INFO ] Found X server running at /tmp/.X11-unix/X10
[20250406-20:35:49] [INFO ] Session started successfully for user shima on display 10
[20250406-20:35:49] [INFO ] Starting the xrdp channel server for display 10
[20250406-20:35:49] [INFO ] Found X server running at /tmp/.X11-unix/X10
[20250406-20:35:49] [INFO ] Session in progress on display 10, waiting until the window manager (pid 1879) exits to end the session
[20250406-20:35:49] [INFO ] Starting the default window manager on display 10: /etc/xrdp/startwm.sh
[20250406-20:36:49] [INFO ] Calling auth_stop_session and auth_end from pid 1876
[20250406-20:36:49] [INFO ] Terminating X server (pid 1880) on display 10
[20250406-20:36:49] [INFO ] Terminating the xrdp channel server (pid 1890) on display 10
[20250406-20:36:49] [INFO ] X server on display 10 (pid 1880) returned exit code 0 and signal number 0
[20250406-20:36:49] [INFO ] xrdp channel server for display 10 (pid 1890) exit code 0 and signal number 0
[20250406-20:36:49] [INFO ] cleanup_sockets:
[20250406-20:36:49] [INFO ] ++ terminated session:  username shima, display :10.0, session_pid 1876, ip ::ffff:165.242.43.123:62402 - socket: 11
[20250406-20:59:27] [INFO ] Socket 7: AF_INET6 connection received from ::1 port 52372
[20250406-20:59:29] [ERROR] pam_authenticate failed: Authentication failure
[20250406-20:59:29] [INFO ] Username or password error for user: shima
[20250406-20:59:29] [ERROR] sesman_data_in: scp_process_msg failed
[20250406-20:59:29] [ERROR] sesman_main_loop: trans_check_wait_objs failed, removing trans
[20250406-20:59:59] [INFO ] Socket 7: AF_INET6 connection received from ::1 port 43692
[20250406-20:59:59] [INFO ] Terminal Server Users group is disabled, allowing authentication
[20250406-20:59:59] [INFO ] ++ created session (access granted): username shima, ip ::ffff:122.218.16.28:49289 - socket: 11
[20250406-20:59:59] [INFO ] starting Xorg session...
[20250406-20:59:59] [INFO ] Starting session: session_pid 2892, display :10.0, width 816, height 1125, bpp 24, client ip ::ffff:122.218.16.28:49289 - socket: 11, user name shima
[20250406-20:59:59] [INFO ] [session start] (display 10): calling auth_start_session from pid 2892
[20250406-20:59:59] [ERROR] sesman_data_in: scp_process_msg failed
[20250406-20:59:59] [INFO ] Starting X server on display 10: /usr/lib/xorg/Xorg :10 -auth .Xauthority -config xrdp/xorg.conf -noreset -nolisten tcp -logfile .xorgxrdp.%s.log  
[20250406-20:59:59] [ERROR] sesman_main_loop: trans_check_wait_objs failed, removing trans
[20250406-21:00:00] [INFO ] Found X server running at /tmp/.X11-unix/X10
[20250406-21:00:00] [INFO ] Found X server running at /tmp/.X11-unix/X10
[20250406-21:00:00] [INFO ] Session started successfully for user shima on display 10
[20250406-21:00:00] [INFO ] Starting the xrdp channel server for display 10
[20250406-21:00:00] [INFO ] Found X server running at /tmp/.X11-unix/X10
[20250406-21:00:00] [INFO ] Session in progress on display 10, waiting until the window manager (pid 2895) exits to end the session
[20250406-21:00:00] [INFO ] Starting the default window manager on display 10: /etc/xrdp/startwm.sh
[20250406-21:04:58] [INFO ] Calling auth_stop_session and auth_end from pid 2892
[20250406-21:04:58] [INFO ] Terminating X server (pid 2896) on display 10
[20250406-21:04:58] [INFO ] Terminating the xrdp channel server (pid 2906) on display 10
[20250406-21:04:58] [INFO ] X server on display 10 (pid 2896) returned exit code 0 and signal number 0
[20250406-21:04:58] [INFO ] xrdp channel server for display 10 (pid 2906) exit code 0 and signal number 0
[20250406-21:04:58] [INFO ] cleanup_sockets:
[20250406-21:04:58] [INFO ] ++ terminated session:  username shima, display :10.0, session_pid 2892, ip ::ffff:122.218.16.28:49289 - socket: 11
[20250406-21:13:26] [INFO ] Socket 7: AF_INET6 connection received from ::1 port 39072
[20250406-21:13:26] [INFO ] Terminal Server Users group is disabled, allowing authentication
[20250406-21:13:26] [INFO ] ++ created session (access granted): username shima, ip ::ffff:165.242.43.123:62910 - socket: 11
[20250406-21:13:26] [INFO ] starting Xorg session...
[20250406-21:13:26] [INFO ] Starting session: session_pid 3980, display :10.0, width 1280, height 1024, bpp 24, client ip ::ffff:165.242.43.123:62910 - socket: 11, user name shima
[20250406-21:13:26] [INFO ] [session start] (display 10): calling auth_start_session from pid 3980
[20250406-21:13:26] [ERROR] sesman_data_in: scp_process_msg failed
[20250406-21:13:26] [INFO ] Starting X server on display 10: /usr/lib/xorg/Xorg :10 -auth .Xauthority -config xrdp/xorg.conf -noreset -nolisten tcp -logfile .xorgxrdp.%s.log  
[20250406-21:13:26] [ERROR] sesman_main_loop: trans_check_wait_objs failed, removing trans
[20250406-21:13:26] [INFO ] Found X server running at /tmp/.X11-unix/X10
[20250406-21:13:26] [INFO ] Found X server running at /tmp/.X11-unix/X10
[20250406-21:13:26] [INFO ] Found X server running at /tmp/.X11-unix/X10
[20250406-21:13:26] [INFO ] Session started successfully for user shima on display 10
[20250406-21:13:26] [INFO ] Starting the xrdp channel server for display 10
[20250406-21:13:26] [INFO ] Starting the default window manager on display 10: /etc/xrdp/startwm.sh
[20250406-21:13:26] [INFO ] Session in progress on display 10, waiting until the window manager (pid 3983) exits to end the session
[20250406-21:17:04] [INFO ] Calling auth_stop_session and auth_end from pid 3980
[20250406-21:17:04] [INFO ] Terminating X server (pid 3984) on display 10
[20250406-21:17:04] [INFO ] Terminating the xrdp channel server (pid 3994) on display 10
[20250406-21:17:04] [INFO ] X server on display 10 (pid 3984) returned exit code 0 and signal number 0
[20250406-21:17:04] [INFO ] xrdp channel server for display 10 (pid 3994) exit code 0 and signal number 0
[20250406-21:17:04] [INFO ] cleanup_sockets:
[20250406-21:17:04] [INFO ] ++ terminated session:  username shima, display :10.0, session_pid 3980, ip ::ffff:165.242.43.123:62910 - socket: 11
[20250406-21:56:29] [INFO ] Socket 7: AF_INET6 connection received from ::1 port 35374
[20250406-21:56:29] [INFO ] Terminal Server Users group is disabled, allowing authentication
[20250406-21:56:29] [INFO ] ++ created session (access granted): username shima, ip ::ffff:165.242.43.123:64169 - socket: 11
[20250406-21:56:29] [INFO ] starting Xorg session...
[20250406-21:56:29] [INFO ] Starting session: session_pid 5615, display :10.0, width 1280, height 1024, bpp 24, client ip ::ffff:165.242.43.123:64169 - socket: 11, user name shima
[20250406-21:56:29] [INFO ] [session start] (display 10): calling auth_start_session from pid 5615
[20250406-21:56:29] [ERROR] sesman_data_in: scp_process_msg failed
[20250406-21:56:29] [INFO ] Starting X server on display 10: /usr/lib/xorg/Xorg :10 -auth .Xauthority -config xrdp/xorg.conf -noreset -nolisten tcp -logfile .xorgxrdp.%s.log  
[20250406-21:56:29] [ERROR] sesman_main_loop: trans_check_wait_objs failed, removing trans
[20250406-21:56:29] [INFO ] Found X server running at /tmp/.X11-unix/X10
[20250406-21:56:29] [INFO ] Found X server running at /tmp/.X11-unix/X10
[20250406-21:56:29] [INFO ] Found X server running at /tmp/.X11-unix/X10
[20250406-21:56:29] [INFO ] Session started successfully for user shima on display 10
[20250406-21:56:29] [INFO ] Starting the xrdp channel server for display 10
[20250406-21:56:29] [INFO ] Starting the default window manager on display 10: /etc/xrdp/startwm.sh
[20250406-21:56:29] [INFO ] Session in progress on display 10, waiting until the window manager (pid 5618) exits to end the session
[20250406-21:56:58] [INFO ] Calling auth_stop_session and auth_end from pid 5615
[20250406-21:56:59] [INFO ] Terminating X server (pid 5619) on display 10
[20250406-21:56:59] [INFO ] Terminating the xrdp channel server (pid 5629) on display 10
[20250406-21:56:59] [INFO ] X server on display 10 (pid 5619) returned exit code 0 and signal number 0
[20250406-21:56:59] [INFO ] xrdp channel server for display 10 (pid 5629) exit code 0 and signal number 0
[20250406-21:56:59] [INFO ] cleanup_sockets:
[20250406-21:56:59] [INFO ] ++ terminated session:  username shima, display :10.0, session_pid 5615, ip ::ffff:165.242.43.123:64169 - socket: 11
[20250406-23:33:46] [INFO ] Socket 7: AF_INET6 connection received from ::1 port 57912
[20250406-23:33:47] [INFO ] Terminal Server Users group is disabled, allowing authentication
[20250406-23:33:47] [INFO ] ++ created session (access granted): username shima, ip ::ffff:122.218.16.28:52229 - socket: 11
[20250406-23:33:47] [INFO ] starting Xorg session...
[20250406-23:33:47] [INFO ] Starting session: session_pid 6674, display :10.0, width 1280, height 1024, bpp 24, client ip ::ffff:122.218.16.28:52229 - socket: 11, user name shima
[20250406-23:33:47] [INFO ] [session start] (display 10): calling auth_start_session from pid 6674
[20250406-23:33:47] [ERROR] sesman_data_in: scp_process_msg failed
[20250406-23:33:47] [ERROR] sesman_main_loop: trans_check_wait_objs failed, removing trans
[20250406-23:33:47] [INFO ] Starting X server on display 10: /usr/lib/xorg/Xorg :10 -auth .Xauthority -config xrdp/xorg.conf -noreset -nolisten tcp -logfile .xorgxrdp.%s.log  
[20250406-23:33:47] [INFO ] Found X server running at /tmp/.X11-unix/X10
[20250406-23:33:47] [INFO ] Found X server running at /tmp/.X11-unix/X10
[20250406-23:33:47] [INFO ] Found X server running at /tmp/.X11-unix/X10
[20250406-23:33:47] [INFO ] Session started successfully for user shima on display 10
[20250406-23:33:47] [INFO ] Starting the xrdp channel server for display 10
[20250406-23:33:47] [INFO ] Starting the default window manager on display 10: /etc/xrdp/startwm.sh
[20250406-23:33:47] [INFO ] Session in progress on display 10, waiting until the window manager (pid 6677) exits to end the session
[20250407-04:13:55] [INFO ] Socket 7: AF_INET6 connection received from ::1 port 45324
[20250407-04:13:55] [INFO ] ++ reconnected session: username shima, display :10.0, session_pid 6674, ip ::ffff:122.218.16.28:52729 - socket: 11
[20250407-04:13:55] [ERROR] sesman_data_in: scp_process_msg failed
[20250407-04:13:55] [INFO ] Starting session reconnection script on display 10: /etc/xrdp/reconnectwm.sh
[20250407-04:13:55] [ERROR] sesman_main_loop: trans_check_wait_objs failed, removing trans
[20250407-07:49:27] [INFO ] Socket 7: AF_INET6 connection received from ::1 port 41814
[20250407-07:49:27] [INFO ] ++ reconnected session: username shima, display :10.0, session_pid 6674, ip ::ffff:122.218.16.28:61433 - socket: 11
[20250407-07:49:27] [ERROR] sesman_data_in: scp_process_msg failed
[20250407-07:49:27] [INFO ] Starting session reconnection script on display 10: /etc/xrdp/reconnectwm.sh
[20250407-07:49:27] [ERROR] sesman_main_loop: trans_check_wait_objs failed, removing trans
[20250407-07:50:03] [INFO ] Socket 7: AF_INET6 connection received from ::1 port 43390
[20250407-07:50:03] [INFO ] ++ reconnected session: username shima, display :10.0, session_pid 6674, ip ::ffff:122.218.16.28:61882 - socket: 11
[20250407-07:50:03] [ERROR] sesman_data_in: scp_process_msg failed
[20250407-07:50:03] [INFO ] Starting session reconnection script on display 10: /etc/xrdp/reconnectwm.sh
[20250407-07:50:03] [ERROR] sesman_main_loop: trans_check_wait_objs failed, removing trans
[20250407-11:40:31] [INFO ] Socket 7: AF_INET6 connection received from ::1 port 47942
[20250407-11:40:31] [INFO ] ++ reconnected session: username shima, display :10.0, session_pid 6674, ip ::ffff:165.242.90.48:58742 - socket: 11
[20250407-11:40:31] [ERROR] sesman_data_in: scp_process_msg failed
[20250407-11:40:31] [INFO ] Starting session reconnection script on display 10: /etc/xrdp/reconnectwm.sh
[20250407-11:40:31] [ERROR] sesman_main_loop: trans_check_wait_objs failed, removing trans
[20250407-11:42:48] [INFO ] Calling auth_stop_session and auth_end from pid 6674
[20250407-11:42:48] [INFO ] Terminating X server (pid 6678) on display 10
[20250407-11:42:48] [INFO ] Terminating the xrdp channel server (pid 6688) on display 10
[20250407-11:42:48] [INFO ] X server on display 10 (pid 6678) returned exit code 0 and signal number 0
[20250407-11:42:48] [INFO ] xrdp channel server for display 10 (pid 6688) exit code 0 and signal number 0
[20250407-11:42:48] [INFO ] cleanup_sockets:
[20250407-11:42:48] [INFO ] ++ terminated session:  username shima, display :10.0, session_pid 6674, ip ::ffff:122.218.16.28:52229 - socket: 11
[20250407-11:42:53] [INFO ] Socket 7: AF_INET6 connection received from ::1 port 43264
[20250407-11:42:53] [INFO ] Terminal Server Users group is disabled, allowing authentication
[20250407-11:42:53] [INFO ] ++ created session (access granted): username shima, ip ::ffff:165.242.90.48:58809 - socket: 11
[20250407-11:42:53] [INFO ] starting Xorg session...
[20250407-11:42:53] [INFO ] Starting session: session_pid 10602, display :10.0, width 1280, height 1024, bpp 24, client ip ::ffff:165.242.90.48:58809 - socket: 11, user name shima
[20250407-11:42:53] [INFO ] [session start] (display 10): calling auth_start_session from pid 10602
[20250407-11:42:53] [ERROR] sesman_data_in: scp_process_msg failed
[20250407-11:42:53] [INFO ] Starting X server on display 10: /usr/lib/xorg/Xorg :10 -auth .Xauthority -config xrdp/xorg.conf -noreset -nolisten tcp -logfile .xorgxrdp.%s.log  
[20250407-11:42:53] [ERROR] sesman_main_loop: trans_check_wait_objs failed, removing trans
[20250407-11:42:53] [INFO ] Found X server running at /tmp/.X11-unix/X10
[20250407-11:42:53] [INFO ] Found X server running at /tmp/.X11-unix/X10
[20250407-11:42:53] [INFO ] Session started successfully for user shima on display 10
[20250407-11:42:53] [INFO ] Starting the xrdp channel server for display 10
[20250407-11:42:53] [INFO ] Found X server running at /tmp/.X11-unix/X10
[20250407-11:42:53] [INFO ] Session in progress on display 10, waiting until the window manager (pid 10605) exits to end the session
[20250407-11:42:53] [INFO ] Starting the default window manager on display 10: /etc/xrdp/startwm.sh
[20250407-11:50:29] [INFO ] Socket 7: AF_INET6 connection received from ::1 port 40640
[20250407-11:50:29] [INFO ] ++ reconnected session: username shima, display :10.0, session_pid 10602, ip ::ffff:165.242.90.29:63880 - socket: 11
[20250407-11:50:29] [ERROR] sesman_data_in: scp_process_msg failed
[20250407-11:50:29] [INFO ] Starting session reconnection script on display 10: /etc/xrdp/reconnectwm.sh
[20250407-11:50:29] [ERROR] sesman_main_loop: trans_check_wait_objs failed, removing trans
[20250407-11:51:06] [INFO ] Calling auth_stop_session and auth_end from pid 10602
[20250407-11:51:06] [INFO ] Terminating X server (pid 10606) on display 10
[20250407-11:51:06] [INFO ] Terminating the xrdp channel server (pid 10616) on display 10
[20250407-11:51:06] [INFO ] X server on display 10 (pid 10606) returned exit code 0 and signal number 0
[20250407-11:51:06] [INFO ] xrdp channel server for display 10 (pid 10616) exit code 0 and signal number 0
[20250407-11:51:06] [INFO ] cleanup_sockets:
[20250407-11:51:06] [INFO ] ++ terminated session:  username shima, display :10.0, session_pid 10602, ip ::ffff:165.242.90.48:58809 - socket: 11
[20250407-11:53:35] [INFO ] Socket 7: AF_INET6 connection received from ::1 port 44468
[20250407-11:53:36] [INFO ] Terminal Server Users group is disabled, allowing authentication
[20250407-11:53:36] [INFO ] ++ created session (access granted): username shima, ip ::ffff:165.242.90.29:63892 - socket: 11
[20250407-11:53:36] [INFO ] starting Xorg session...
[20250407-11:53:36] [INFO ] Starting session: session_pid 11601, display :10.0, width 1280, height 1024, bpp 24, client ip ::ffff:165.242.90.29:63892 - socket: 11, user name shima
[20250407-11:53:36] [INFO ] [session start] (display 10): calling auth_start_session from pid 11601
[20250407-11:53:36] [ERROR] sesman_data_in: scp_process_msg failed
[20250407-11:53:36] [ERROR] sesman_main_loop: trans_check_wait_objs failed, removing trans
[20250407-11:53:36] [INFO ] Starting X server on display 10: /usr/lib/xorg/Xorg :10 -auth .Xauthority -config xrdp/xorg.conf -noreset -nolisten tcp -logfile .xorgxrdp.%s.log  
[20250407-11:53:36] [INFO ] Found X server running at /tmp/.X11-unix/X10
[20250407-11:53:36] [INFO ] Found X server running at /tmp/.X11-unix/X10
[20250407-11:53:36] [INFO ] Session started successfully for user shima on display 10
[20250407-11:53:36] [INFO ] Starting the xrdp channel server for display 10
[20250407-11:53:36] [INFO ] Found X server running at /tmp/.X11-unix/X10
[20250407-11:53:36] [INFO ] Session in progress on display 10, waiting until the window manager (pid 11604) exits to end the session
[20250407-11:53:36] [INFO ] Starting the default window manager on display 10: /etc/xrdp/startwm.sh
[20250407-11:55:32] [INFO ] Calling auth_stop_session and auth_end from pid 11601
[20250407-11:55:32] [INFO ] Terminating X server (pid 11605) on display 10
[20250407-11:55:32] [INFO ] Terminating the xrdp channel server (pid 11615) on display 10
[20250407-11:55:32] [INFO ] X server on display 10 (pid 11605) returned exit code 0 and signal number 0
[20250407-11:55:32] [INFO ] xrdp channel server for display 10 (pid 11615) exit code 0 and signal number 0
[20250407-11:55:32] [INFO ] cleanup_sockets:
[20250407-11:55:32] [INFO ] ++ terminated session:  username shima, display :10.0, session_pid 11601, ip ::ffff:165.242.90.29:63892 - socket: 11
[20250407-11:55:39] [INFO ] Socket 7: AF_INET6 connection received from ::1 port 42328
[20250407-11:55:39] [INFO ] Terminal Server Users group is disabled, allowing authentication
[20250407-11:55:39] [INFO ] ++ created session (access granted): username shima, ip ::ffff:165.242.90.48:59571 - socket: 11
[20250407-11:55:39] [INFO ] starting Xorg session...
[20250407-11:55:39] [INFO ] Starting session: session_pid 12573, display :10.0, width 1280, height 1024, bpp 24, client ip ::ffff:165.242.90.48:59571 - socket: 11, user name shima
[20250407-11:55:39] [INFO ] [session start] (display 10): calling auth_start_session from pid 12573
[20250407-11:55:39] [ERROR] sesman_data_in: scp_process_msg failed
[20250407-11:55:39] [INFO ] Starting X server on display 10: /usr/lib/xorg/Xorg :10 -auth .Xauthority -config xrdp/xorg.conf -noreset -nolisten tcp -logfile .xorgxrdp.%s.log  
[20250407-11:55:39] [ERROR] sesman_main_loop: trans_check_wait_objs failed, removing trans
[20250407-11:55:39] [INFO ] Found X server running at /tmp/.X11-unix/X10
[20250407-11:55:39] [INFO ] Found X server running at /tmp/.X11-unix/X10
[20250407-11:55:39] [INFO ] Session started successfully for user shima on display 10
[20250407-11:55:39] [INFO ] Starting the xrdp channel server for display 10
[20250407-11:55:39] [INFO ] Found X server running at /tmp/.X11-unix/X10
[20250407-11:55:39] [INFO ] Session in progress on display 10, waiting until the window manager (pid 12576) exits to end the session
[20250407-11:55:39] [INFO ] Starting the default window manager on display 10: /etc/xrdp/startwm.sh
[20250407-11:55:56] [INFO ] Socket 7: AF_INET6 connection received from ::1 port 33000
[20250407-11:55:56] [INFO ] ++ reconnected session: username shima, display :10.0, session_pid 12573, ip ::ffff:165.242.90.29:63902 - socket: 11
[20250407-11:55:56] [ERROR] sesman_data_in: scp_process_msg failed
[20250407-11:55:56] [INFO ] Starting session reconnection script on display 10: /etc/xrdp/reconnectwm.sh
[20250407-11:55:56] [ERROR] sesman_main_loop: trans_check_wait_objs failed, removing trans
[20250407-11:56:34] [INFO ] Calling auth_stop_session and auth_end from pid 12573
[20250407-11:56:34] [INFO ] Terminating X server (pid 12577) on display 10
[20250407-11:56:34] [INFO ] Terminating the xrdp channel server (pid 12587) on display 10
[20250407-11:56:34] [INFO ] X server on display 10 (pid 12577) returned exit code 0 and signal number 0
[20250407-11:56:34] [INFO ] xrdp channel server for display 10 (pid 12587) exit code 0 and signal number 0
[20250407-11:56:34] [INFO ] cleanup_sockets:
[20250407-11:56:34] [INFO ] ++ terminated session:  username shima, display :10.0, session_pid 12573, ip ::ffff:165.242.90.48:59571 - socket: 11
[20250407-11:56:39] [INFO ] Socket 7: AF_INET6 connection received from ::1 port 46678
[20250407-11:56:39] [INFO ] Terminal Server Users group is disabled, allowing authentication
[20250407-11:56:39] [INFO ] ++ created session (access granted): username shima, ip ::ffff:165.242.90.48:59605 - socket: 11
[20250407-11:56:39] [INFO ] starting Xorg session...
[20250407-11:56:39] [INFO ] Starting session: session_pid 13545, display :10.0, width 1280, height 1024, bpp 24, client ip ::ffff:165.242.90.48:59605 - socket: 11, user name shima
[20250407-11:56:39] [INFO ] [session start] (display 10): calling auth_start_session from pid 13545
[20250407-11:56:39] [ERROR] sesman_data_in: scp_process_msg failed
[20250407-11:56:39] [INFO ] Starting X server on display 10: /usr/lib/xorg/Xorg :10 -auth .Xauthority -config xrdp/xorg.conf -noreset -nolisten tcp -logfile .xorgxrdp.%s.log  
[20250407-11:56:39] [ERROR] sesman_main_loop: trans_check_wait_objs failed, removing trans
[20250407-11:56:39] [INFO ] Found X server running at /tmp/.X11-unix/X10
[20250407-11:56:39] [INFO ] Found X server running at /tmp/.X11-unix/X10
[20250407-11:56:39] [INFO ] Session started successfully for user shima on display 10
[20250407-11:56:39] [INFO ] Starting the xrdp channel server for display 10
[20250407-11:56:39] [INFO ] Found X server running at /tmp/.X11-unix/X10
[20250407-11:56:40] [INFO ] Session in progress on display 10, waiting until the window manager (pid 13548) exits to end the session
[20250407-11:56:40] [INFO ] Starting the default window manager on display 10: /etc/xrdp/startwm.sh
[20250407-12:07:08] [INFO ] Calling auth_stop_session and auth_end from pid 13545
[20250407-12:07:08] [INFO ] Terminating X server (pid 13549) on display 10
[20250407-12:07:08] [INFO ] Terminating the xrdp channel server (pid 13559) on display 10
[20250407-12:07:08] [INFO ] X server on display 10 (pid 13549) returned exit code 0 and signal number 0
[20250407-12:07:08] [INFO ] xrdp channel server for display 10 (pid 13559) exit code 0 and signal number 0
[20250407-12:07:08] [INFO ] cleanup_sockets:
[20250407-12:07:08] [INFO ] ++ terminated session:  username shima, display :10.0, session_pid 13545, ip ::ffff:165.242.90.48:59605 - socket: 11
[20250407-12:07:58] [INFO ] Socket 7: AF_INET6 connection received from ::1 port 39476
[20250407-12:07:58] [INFO ] Terminal Server Users group is disabled, allowing authentication
[20250407-12:07:58] [INFO ] ++ created session (access granted): username shima, ip ::ffff:122.218.16.28:49361 - socket: 11
[20250407-12:07:58] [INFO ] starting Xorg session...
[20250407-12:07:58] [INFO ] Starting session: session_pid 14503, display :10.0, width 1280, height 1024, bpp 24, client ip ::ffff:122.218.16.28:49361 - socket: 11, user name shima
[20250407-12:07:58] [INFO ] [session start] (display 10): calling auth_start_session from pid 14503
[20250407-12:07:58] [ERROR] sesman_data_in: scp_process_msg failed
[20250407-12:07:58] [INFO ] Starting X server on display 10: /usr/lib/xorg/Xorg :10 -auth .Xauthority -config xrdp/xorg.conf -noreset -nolisten tcp -logfile .xorgxrdp.%s.log  
[20250407-12:07:58] [ERROR] sesman_main_loop: trans_check_wait_objs failed, removing trans
[20250407-12:07:59] [INFO ] Found X server running at /tmp/.X11-unix/X10
[20250407-12:07:59] [INFO ] Found X server running at /tmp/.X11-unix/X10
[20250407-12:07:59] [INFO ] Found X server running at /tmp/.X11-unix/X10
[20250407-12:07:59] [INFO ] Session started successfully for user shima on display 10
[20250407-12:07:59] [INFO ] Starting the xrdp channel server for display 10
[20250407-12:07:59] [INFO ] Starting the default window manager on display 10: /etc/xrdp/startwm.sh
[20250407-12:07:59] [INFO ] Session in progress on display 10, waiting until the window manager (pid 14506) exits to end the session
[20250407-12:09:51] [INFO ] Calling auth_stop_session and auth_end from pid 14503
[20250407-12:09:51] [INFO ] Terminating X server (pid 14507) on display 10
[20250407-12:09:51] [INFO ] Terminating the xrdp channel server (pid 14517) on display 10
[20250407-12:09:51] [INFO ] X server on display 10 (pid 14507) returned exit code 0 and signal number 0
[20250407-12:09:51] [INFO ] xrdp channel server for display 10 (pid 14517) exit code 0 and signal number 0
[20250407-12:09:51] [INFO ] cleanup_sockets:
[20250407-12:09:51] [INFO ] ++ terminated session:  username shima, display :10.0, session_pid 14503, ip ::ffff:122.218.16.28:49361 - socket: 11
[20250407-12:09:55] [INFO ] Socket 7: AF_INET6 connection received from ::1 port 50468
[20250407-12:09:56] [INFO ] Terminal Server Users group is disabled, allowing authentication
[20250407-12:09:56] [INFO ] ++ created session (access granted): username shima, ip ::ffff:165.242.90.48:60151 - socket: 11
[20250407-12:09:56] [INFO ] starting Xorg session...
[20250407-12:09:56] [INFO ] Starting session: session_pid 15507, display :10.0, width 1280, height 1024, bpp 24, client ip ::ffff:165.242.90.48:60151 - socket: 11, user name shima
[20250407-12:09:56] [INFO ] [session start] (display 10): calling auth_start_session from pid 15507
[20250407-12:09:56] [ERROR] sesman_data_in: scp_process_msg failed
[20250407-12:09:56] [INFO ] Starting X server on display 10: /usr/lib/xorg/Xorg :10 -auth .Xauthority -config xrdp/xorg.conf -noreset -nolisten tcp -logfile .xorgxrdp.%s.log  
[20250407-12:09:56] [ERROR] sesman_main_loop: trans_check_wait_objs failed, removing trans
[20250407-12:09:56] [INFO ] Found X server running at /tmp/.X11-unix/X10
[20250407-12:09:56] [INFO ] Found X server running at /tmp/.X11-unix/X10
[20250407-12:09:56] [INFO ] Session started successfully for user shima on display 10
[20250407-12:09:56] [INFO ] Starting the xrdp channel server for display 10
[20250407-12:09:56] [INFO ] Found X server running at /tmp/.X11-unix/X10
[20250407-12:09:56] [INFO ] Session in progress on display 10, waiting until the window manager (pid 15510) exits to end the session
[20250407-12:09:56] [INFO ] Starting the default window manager on display 10: /etc/xrdp/startwm.sh
[20250407-12:10:35] [INFO ] Socket 7: AF_INET6 connection received from ::1 port 33350
[20250407-12:10:35] [INFO ] ++ reconnected session: username shima, display :10.0, session_pid 15507, ip ::ffff:122.218.16.28:49461 - socket: 11
[20250407-12:10:35] [ERROR] sesman_data_in: scp_process_msg failed
[20250407-12:10:35] [INFO ] Starting session reconnection script on display 10: /etc/xrdp/reconnectwm.sh
[20250407-12:10:35] [ERROR] sesman_main_loop: trans_check_wait_objs failed, removing trans
[20250407-12:16:14] [INFO ] Calling auth_stop_session and auth_end from pid 15507
[20250407-12:16:14] [INFO ] Terminating X server (pid 15511) on display 10
[20250407-12:16:14] [INFO ] Terminating the xrdp channel server (pid 15521) on display 10
[20250407-12:16:14] [INFO ] X server on display 10 (pid 15511) returned exit code 0 and signal number 0
[20250407-12:16:15] [INFO ] xrdp channel server for display 10 (pid 15521) exit code 0 and signal number 0
[20250407-12:16:15] [INFO ] cleanup_sockets:
[20250407-12:16:15] [INFO ] ++ terminated session:  username shima, display :10.0, session_pid 15507, ip ::ffff:165.242.90.48:60151 - socket: 11
[20250407-12:16:20] [INFO ] Socket 7: AF_INET6 connection received from ::1 port 38428
[20250407-12:16:21] [INFO ] Terminal Server Users group is disabled, allowing authentication
[20250407-12:16:21] [INFO ] ++ created session (access granted): username shima, ip ::ffff:165.242.90.48:60400 - socket: 11
[20250407-12:16:21] [INFO ] starting Xorg session...
[20250407-12:16:21] [INFO ] Starting session: session_pid 16519, display :10.0, width 1280, height 1024, bpp 24, client ip ::ffff:165.242.90.48:60400 - socket: 11, user name shima
[20250407-12:16:21] [INFO ] [session start] (display 10): calling auth_start_session from pid 16519
[20250407-12:16:21] [ERROR] sesman_data_in: scp_process_msg failed
[20250407-12:16:21] [INFO ] Starting X server on display 10: /usr/lib/xorg/Xorg :10 -auth .Xauthority -config xrdp/xorg.conf -noreset -nolisten tcp -logfile .xorgxrdp.%s.log  
[20250407-12:16:21] [ERROR] sesman_main_loop: trans_check_wait_objs failed, removing trans
[20250407-12:16:21] [INFO ] Found X server running at /tmp/.X11-unix/X10
[20250407-12:16:21] [INFO ] Found X server running at /tmp/.X11-unix/X10
[20250407-12:16:21] [INFO ] Session started successfully for user shima on display 10
[20250407-12:16:21] [INFO ] Starting the xrdp channel server for display 10
[20250407-12:16:21] [INFO ] Found X server running at /tmp/.X11-unix/X10
[20250407-12:16:21] [INFO ] Session in progress on display 10, waiting until the window manager (pid 16522) exits to end the session
[20250407-12:16:21] [INFO ] Starting the default window manager on display 10: /etc/xrdp/startwm.sh
[20250407-12:46:46] [INFO ] Calling auth_stop_session and auth_end from pid 16519
[20250407-12:46:46] [INFO ] Terminating X server (pid 16523) on display 10
[20250407-12:46:46] [INFO ] Terminating the xrdp channel server (pid 16533) on display 10
[20250407-12:46:46] [INFO ] X server on display 10 (pid 16523) returned exit code 0 and signal number 0
[20250407-12:46:46] [INFO ] xrdp channel server for display 10 (pid 16533) exit code 0 and signal number 0
[20250407-12:46:46] [INFO ] cleanup_sockets:
[20250407-12:46:46] [INFO ] ++ terminated session:  username shima, display :10.0, session_pid 16519, ip ::ffff:165.242.90.48:60400 - socket: 11
[20250407-12:46:55] [INFO ] Socket 7: AF_INET6 connection received from ::1 port 38874
[20250407-12:46:56] [INFO ] Terminal Server Users group is disabled, allowing authentication
[20250407-12:46:56] [INFO ] ++ created session (access granted): username shima, ip ::ffff:165.242.90.48:62408 - socket: 11
[20250407-12:46:56] [INFO ] starting Xorg session...
[20250407-12:46:56] [INFO ] Starting session: session_pid 17739, display :10.0, width 1280, height 1024, bpp 24, client ip ::ffff:165.242.90.48:62408 - socket: 11, user name shima
[20250407-12:46:56] [INFO ] [session start] (display 10): calling auth_start_session from pid 17739
[20250407-12:46:56] [ERROR] sesman_data_in: scp_process_msg failed
[20250407-12:46:56] [INFO ] Starting X server on display 10: /usr/lib/xorg/Xorg :10 -auth .Xauthority -config xrdp/xorg.conf -noreset -nolisten tcp -logfile .xorgxrdp.%s.log  
[20250407-12:46:56] [ERROR] sesman_main_loop: trans_check_wait_objs failed, removing trans
[20250407-12:46:56] [INFO ] Found X server running at /tmp/.X11-unix/X10
[20250407-12:46:56] [INFO ] Found X server running at /tmp/.X11-unix/X10
[20250407-12:46:56] [INFO ] Found X server running at /tmp/.X11-unix/X10
[20250407-12:46:56] [INFO ] Session started successfully for user shima on display 10
[20250407-12:46:56] [INFO ] Starting the xrdp channel server for display 10
[20250407-12:46:56] [INFO ] Starting the default window manager on display 10: /etc/xrdp/startwm.sh
[20250407-12:46:56] [INFO ] Session in progress on display 10, waiting until the window manager (pid 17742) exits to end the session
[20250407-12:52:00] [INFO ] Calling auth_stop_session and auth_end from pid 17739
[20250407-12:52:00] [INFO ] Terminating X server (pid 17743) on display 10
[20250407-12:52:00] [INFO ] Terminating the xrdp channel server (pid 17753) on display 10
[20250407-12:52:00] [INFO ] X server on display 10 (pid 17743) returned exit code 0 and signal number 0
[20250407-12:52:00] [INFO ] xrdp channel server for display 10 (pid 17753) exit code 0 and signal number 0
[20250407-12:52:00] [INFO ] cleanup_sockets:
[20250407-12:52:00] [INFO ] ++ terminated session:  username shima, display :10.0, session_pid 17739, ip ::ffff:165.242.90.48:62408 - socket: 11
[20250407-12:52:12] [INFO ] Socket 7: AF_INET6 connection received from ::1 port 42584
[20250407-12:52:13] [INFO ] Terminal Server Users group is disabled, allowing authentication
[20250407-12:52:13] [INFO ] ++ created session (access granted): username shima, ip ::ffff:122.218.16.28:49970 - socket: 11
[20250407-12:52:13] [INFO ] starting Xorg session...
[20250407-12:52:13] [INFO ] Starting session: session_pid 18733, display :10.0, width 1280, height 1024, bpp 24, client ip ::ffff:122.218.16.28:49970 - socket: 11, user name shima
[20250407-12:52:13] [INFO ] [session start] (display 10): calling auth_start_session from pid 18733
[20250407-12:52:13] [ERROR] sesman_data_in: scp_process_msg failed
[20250407-12:52:13] [INFO ] Starting X server on display 10: /usr/lib/xorg/Xorg :10 -auth .Xauthority -config xrdp/xorg.conf -noreset -nolisten tcp -logfile .xorgxrdp.%s.log  
[20250407-12:52:13] [ERROR] sesman_main_loop: trans_check_wait_objs failed, removing trans
[20250407-12:52:13] [INFO ] Found X server running at /tmp/.X11-unix/X10
[20250407-12:52:13] [INFO ] Found X server running at /tmp/.X11-unix/X10
[20250407-12:52:13] [INFO ] Session started successfully for user shima on display 10
[20250407-12:52:13] [INFO ] Starting the xrdp channel server for display 10
[20250407-12:52:13] [INFO ] Found X server running at /tmp/.X11-unix/X10
[20250407-12:52:13] [INFO ] Session in progress on display 10, waiting until the window manager (pid 18736) exits to end the session
[20250407-12:52:13] [INFO ] Starting the default window manager on display 10: /etc/xrdp/startwm.sh
[20250407-12:54:20] [INFO ] Calling auth_stop_session and auth_end from pid 18733
[20250407-12:54:20] [INFO ] Terminating X server (pid 18737) on display 10
[20250407-12:54:20] [INFO ] Terminating the xrdp channel server (pid 18747) on display 10
[20250407-12:54:20] [INFO ] X server on display 10 (pid 18737) returned exit code 0 and signal number 0
[20250407-12:54:20] [INFO ] xrdp channel server for display 10 (pid 18747) exit code 0 and signal number 0
[20250407-12:54:20] [INFO ] cleanup_sockets:
[20250407-12:54:20] [INFO ] ++ terminated session:  username shima, display :10.0, session_pid 18733, ip ::ffff:122.218.16.28:49970 - socket: 11
[20250407-12:54:36] [INFO ] Socket 7: AF_INET6 connection received from ::1 port 35776
[20250407-12:54:36] [INFO ] Terminal Server Users group is disabled, allowing authentication
[20250407-12:54:36] [INFO ] ++ created session (access granted): username shima, ip ::ffff:165.242.90.29:64168 - socket: 11
[20250407-12:54:36] [INFO ] starting Xorg session...
[20250407-12:54:36] [INFO ] Starting session: session_pid 19704, display :10.0, width 1280, height 1024, bpp 24, client ip ::ffff:165.242.90.29:64168 - socket: 11, user name shima
[20250407-12:54:36] [INFO ] [session start] (display 10): calling auth_start_session from pid 19704
[20250407-12:54:36] [ERROR] sesman_data_in: scp_process_msg failed
[20250407-12:54:36] [INFO ] Starting X server on display 10: /usr/lib/xorg/Xorg :10 -auth .Xauthority -config xrdp/xorg.conf -noreset -nolisten tcp -logfile .xorgxrdp.%s.log  
[20250407-12:54:36] [ERROR] sesman_main_loop: trans_check_wait_objs failed, removing trans
[20250407-12:54:36] [INFO ] Found X server running at /tmp/.X11-unix/X10
[20250407-12:54:36] [INFO ] Found X server running at /tmp/.X11-unix/X10
[20250407-12:54:36] [INFO ] Found X server running at /tmp/.X11-unix/X10
[20250407-12:54:36] [INFO ] Session started successfully for user shima on display 10
[20250407-12:54:36] [INFO ] Starting the xrdp channel server for display 10
[20250407-12:54:36] [INFO ] Starting the default window manager on display 10: /etc/xrdp/startwm.sh
[20250407-12:54:36] [INFO ] Session in progress on display 10, waiting until the window manager (pid 19707) exits to end the session
[20250407-12:56:44] [INFO ] Socket 7: AF_INET6 connection received from ::1 port 43692
[20250407-12:56:44] [INFO ] ++ reconnected session: username shima, display :10.0, session_pid 19704, ip ::ffff:122.218.16.28:50003 - socket: 11
[20250407-12:56:44] [ERROR] sesman_data_in: scp_process_msg failed
[20250407-12:56:44] [INFO ] Starting session reconnection script on display 10: /etc/xrdp/reconnectwm.sh
[20250407-12:56:44] [ERROR] sesman_main_loop: trans_check_wait_objs failed, removing trans
[20250407-12:57:04] [INFO ] Socket 7: AF_INET6 connection received from ::1 port 42384
[20250407-12:57:04] [INFO ] ++ reconnected session: username shima, display :10.0, session_pid 19704, ip ::ffff:165.242.90.29:64171 - socket: 11
[20250407-12:57:04] [ERROR] sesman_data_in: scp_process_msg failed
[20250407-12:57:04] [ERROR] sesman_main_loop: trans_check_wait_objs failed, removing trans
[20250407-12:57:04] [INFO ] Starting session reconnection script on display 10: /etc/xrdp/reconnectwm.sh
[20250407-12:57:42] [INFO ] Calling auth_stop_session and auth_end from pid 19704
[20250407-12:57:42] [INFO ] Terminating X server (pid 19708) on display 10
[20250407-12:57:42] [INFO ] Terminating the xrdp channel server (pid 19718) on display 10
[20250407-12:57:42] [INFO ] X server on display 10 (pid 19708) returned exit code 0 and signal number 0
[20250407-12:57:42] [INFO ] xrdp channel server for display 10 (pid 19718) exit code 0 and signal number 0
[20250407-12:57:42] [INFO ] cleanup_sockets:
[20250407-12:57:42] [INFO ] ++ terminated session:  username shima, display :10.0, session_pid 19704, ip ::ffff:165.242.90.29:64168 - socket: 11
[20250407-12:57:47] [INFO ] Socket 7: AF_INET6 connection received from ::1 port 48058
[20250407-12:57:47] [INFO ] Terminal Server Users group is disabled, allowing authentication
[20250407-12:57:47] [INFO ] ++ created session (access granted): username shima, ip ::ffff:122.218.16.28:50029 - socket: 11
[20250407-12:57:47] [INFO ] starting Xorg session...
[20250407-12:57:47] [INFO ] Starting session: session_pid 20703, display :10.0, width 1280, height 1024, bpp 24, client ip ::ffff:122.218.16.28:50029 - socket: 11, user name shima
[20250407-12:57:47] [INFO ] [session start] (display 10): calling auth_start_session from pid 20703
[20250407-12:57:47] [ERROR] sesman_data_in: scp_process_msg failed
[20250407-12:57:47] [INFO ] Starting X server on display 10: /usr/lib/xorg/Xorg :10 -auth .Xauthority -config xrdp/xorg.conf -noreset -nolisten tcp -logfile .xorgxrdp.%s.log  
[20250407-12:57:47] [ERROR] sesman_main_loop: trans_check_wait_objs failed, removing trans
[20250407-12:57:48] [INFO ] Found X server running at /tmp/.X11-unix/X10
[20250407-12:57:48] [INFO ] Found X server running at /tmp/.X11-unix/X10
[20250407-12:57:48] [INFO ] Found X server running at /tmp/.X11-unix/X10
[20250407-12:57:48] [INFO ] Session started successfully for user shima on display 10
[20250407-12:57:48] [INFO ] Starting the xrdp channel server for display 10
[20250407-12:57:48] [INFO ] Starting the default window manager on display 10: /etc/xrdp/startwm.sh
[20250407-12:57:48] [INFO ] Session in progress on display 10, waiting until the window manager (pid 20706) exits to end the session
[20250407-12:58:24] [INFO ] Socket 7: AF_INET6 connection received from ::1 port 55294
[20250407-12:58:24] [INFO ] ++ reconnected session: username shima, display :10.0, session_pid 20703, ip ::ffff:165.242.90.29:64177 - socket: 11
[20250407-12:58:24] [ERROR] sesman_data_in: scp_process_msg failed
[20250407-12:58:24] [INFO ] Starting session reconnection script on display 10: /etc/xrdp/reconnectwm.sh
[20250407-12:58:24] [ERROR] sesman_main_loop: trans_check_wait_objs failed, removing trans
[20250407-12:59:18] [INFO ] Socket 7: AF_INET6 connection received from ::1 port 41066
[20250407-12:59:19] [INFO ] ++ reconnected session: username shima, display :10.0, session_pid 20703, ip ::ffff:122.218.16.28:50043 - socket: 11
[20250407-12:59:19] [ERROR] sesman_data_in: scp_process_msg failed
[20250407-12:59:19] [INFO ] Starting session reconnection script on display 10: /etc/xrdp/reconnectwm.sh
[20250407-12:59:19] [ERROR] sesman_main_loop: trans_check_wait_objs failed, removing trans
[20250407-12:59:39] [INFO ] Socket 7: AF_INET6 connection received from ::1 port 34372
[20250407-12:59:39] [INFO ] ++ reconnected session: username shima, display :10.0, session_pid 20703, ip ::ffff:165.242.90.29:64182 - socket: 11
[20250407-12:59:39] [ERROR] sesman_data_in: scp_process_msg failed
[20250407-12:59:39] [INFO ] Starting session reconnection script on display 10: /etc/xrdp/reconnectwm.sh
[20250407-12:59:39] [ERROR] sesman_main_loop: trans_check_wait_objs failed, removing trans
[20250407-13:00:37] [INFO ] Calling auth_stop_session and auth_end from pid 20703
[20250407-13:00:37] [INFO ] Terminating X server (pid 20707) on display 10
[20250407-13:00:37] [INFO ] Terminating the xrdp channel server (pid 20717) on display 10
[20250407-13:00:37] [INFO ] X server on display 10 (pid 20707) returned exit code 0 and signal number 0
[20250407-13:00:37] [INFO ] xrdp channel server for display 10 (pid 20717) exit code 0 and signal number 0
[20250407-13:00:37] [INFO ] cleanup_sockets:
[20250407-13:00:37] [INFO ] ++ terminated session:  username shima, display :10.0, session_pid 20703, ip ::ffff:122.218.16.28:50029 - socket: 11
[20250407-13:12:00] [INFO ] Socket 7: AF_INET6 connection received from ::1 port 39000
[20250407-13:12:01] [INFO ] Terminal Server Users group is disabled, allowing authentication
[20250407-13:12:01] [INFO ] ++ created session (access granted): username shima, ip ::ffff:165.242.90.59:49909 - socket: 11
[20250407-13:12:01] [INFO ] starting Xorg session...
[20250407-13:12:01] [INFO ] Starting session: session_pid 21759, display :10.0, width 1280, height 1024, bpp 24, client ip ::ffff:165.242.90.59:49909 - socket: 11, user name shima
[20250407-13:12:01] [INFO ] [session start] (display 10): calling auth_start_session from pid 21759
[20250407-13:12:01] [ERROR] sesman_data_in: scp_process_msg failed
[20250407-13:12:01] [INFO ] Starting X server on display 10: /usr/lib/xorg/Xorg :10 -auth .Xauthority -config xrdp/xorg.conf -noreset -nolisten tcp -logfile .xorgxrdp.%s.log  
[20250407-13:12:01] [ERROR] sesman_main_loop: trans_check_wait_objs failed, removing trans
[20250407-13:12:01] [INFO ] Found X server running at /tmp/.X11-unix/X10
[20250407-13:12:01] [INFO ] Found X server running at /tmp/.X11-unix/X10
[20250407-13:12:01] [INFO ] Found X server running at /tmp/.X11-unix/X10
[20250407-13:12:01] [INFO ] Session started successfully for user shima on display 10
[20250407-13:12:01] [INFO ] Starting the xrdp channel server for display 10
[20250407-13:12:01] [INFO ] Starting the default window manager on display 10: /etc/xrdp/startwm.sh
[20250407-13:12:01] [INFO ] Session in progress on display 10, waiting until the window manager (pid 21762) exits to end the session
[20250407-13:12:22] [INFO ] Socket 7: AF_INET6 connection received from ::1 port 43888
[20250407-13:12:22] [INFO ] ++ reconnected session: username shima, display :10.0, session_pid 21759, ip ::ffff:165.242.90.59:49918 - socket: 11
[20250407-13:12:22] [ERROR] sesman_data_in: scp_process_msg failed
[20250407-13:12:22] [INFO ] Starting session reconnection script on display 10: /etc/xrdp/reconnectwm.sh
[20250407-13:12:22] [ERROR] sesman_main_loop: trans_check_wait_objs failed, removing trans
[20250407-13:13:45] [INFO ] Calling auth_stop_session and auth_end from pid 21759
[20250407-13:13:45] [INFO ] Terminating X server (pid 21763) on display 10
[20250407-13:13:45] [INFO ] Terminating the xrdp channel server (pid 21773) on display 10
[20250407-13:13:45] [INFO ] X server on display 10 (pid 21763) returned exit code 0 and signal number 0
[20250407-13:13:45] [INFO ] xrdp channel server for display 10 (pid 21773) exit code 0 and signal number 0
[20250407-13:13:45] [INFO ] cleanup_sockets:
[20250407-13:13:45] [INFO ] ++ terminated session:  username shima, display :10.0, session_pid 21759, ip ::ffff:165.242.90.59:49909 - socket: 11
[20250407-13:28:04] [INFO ] Socket 7: AF_INET6 connection received from ::1 port 33062
[20250407-13:28:06] [ERROR] pam_authenticate failed: Authentication failure
[20250407-13:28:06] [INFO ] Username or password error for user: shima
[20250407-13:28:06] [ERROR] sesman_data_in: scp_process_msg failed
[20250407-13:28:06] [ERROR] sesman_main_loop: trans_check_wait_objs failed, removing trans
[20250407-13:28:21] [INFO ] Socket 7: AF_INET6 connection received from ::1 port 52110
[20250407-13:28:23] [ERROR] pam_authenticate failed: Authentication failure
[20250407-13:28:23] [INFO ] Username or password error for user: shima
[20250407-13:28:23] [ERROR] sesman_data_in: scp_process_msg failed
[20250407-13:28:23] [ERROR] sesman_main_loop: trans_check_wait_objs failed, removing trans
[20250407-13:28:42] [INFO ] Socket 7: AF_INET6 connection received from ::1 port 33450
[20250407-13:28:42] [INFO ] Terminal Server Users group is disabled, allowing authentication
[20250407-13:28:42] [INFO ] ++ created session (access granted): username shima, ip ::ffff:165.242.90.48:64173 - socket: 11
[20250407-13:28:42] [INFO ] starting Xorg session...
[20250407-13:28:42] [INFO ] Starting session: session_pid 22831, display :10.0, width 1280, height 1024, bpp 24, client ip ::ffff:165.242.90.48:64173 - socket: 11, user name shima
[20250407-13:28:42] [INFO ] [session start] (display 10): calling auth_start_session from pid 22831
[20250407-13:28:42] [ERROR] sesman_data_in: scp_process_msg failed
[20250407-13:28:42] [ERROR] sesman_main_loop: trans_check_wait_objs failed, removing trans
[20250407-13:28:42] [INFO ] Starting X server on display 10: /usr/lib/xorg/Xorg :10 -auth .Xauthority -config xrdp/xorg.conf -noreset -nolisten tcp -logfile .xorgxrdp.%s.log  
[20250407-13:28:42] [INFO ] Found X server running at /tmp/.X11-unix/X10
[20250407-13:28:42] [INFO ] Found X server running at /tmp/.X11-unix/X10
[20250407-13:28:42] [INFO ] Found X server running at /tmp/.X11-unix/X10
[20250407-13:28:42] [INFO ] Session started successfully for user shima on display 10
[20250407-13:28:42] [INFO ] Starting the xrdp channel server for display 10
[20250407-13:28:42] [INFO ] Starting the default window manager on display 10: /etc/xrdp/startwm.sh
[20250407-13:28:42] [INFO ] Session in progress on display 10, waiting until the window manager (pid 22834) exits to end the session
[20250407-13:29:35] [INFO ] Calling auth_stop_session and auth_end from pid 22831
[20250407-13:29:35] [INFO ] Terminating X server (pid 22835) on display 10
[20250407-13:29:35] [INFO ] Terminating the xrdp channel server (pid 22845) on display 10
[20250407-13:29:35] [INFO ] X server on display 10 (pid 22835) returned exit code 0 and signal number 0
[20250407-13:29:35] [INFO ] xrdp channel server for display 10 (pid 22845) exit code 0 and signal number 0
[20250407-13:29:35] [INFO ] cleanup_sockets:
[20250407-13:29:35] [INFO ] ++ terminated session:  username shima, display :10.0, session_pid 22831, ip ::ffff:165.242.90.48:64173 - socket: 11
[20250407-13:39:38] [INFO ] Socket 7: AF_INET6 connection received from ::1 port 37898
[20250407-13:39:40] [ERROR] pam_authenticate failed: Authentication failure
[20250407-13:39:40] [INFO ] Username or password error for user: shima
[20250407-13:39:41] [ERROR] sesman_data_in: scp_process_msg failed
[20250407-13:39:41] [ERROR] sesman_main_loop: trans_check_wait_objs failed, removing trans
[20250407-13:39:51] [INFO ] Socket 7: AF_INET6 connection received from ::1 port 60594
[20250407-13:39:51] [INFO ] Terminal Server Users group is disabled, allowing authentication
[20250407-13:39:51] [INFO ] ++ created session (access granted): username shima, ip ::ffff:122.218.16.28:51041 - socket: 11
[20250407-13:39:51] [INFO ] starting Xorg session...
[20250407-13:39:51] [INFO ] Starting session: session_pid 24276, display :10.0, width 1280, height 1024, bpp 24, client ip ::ffff:122.218.16.28:51041 - socket: 11, user name shima
[20250407-13:39:51] [INFO ] [session start] (display 10): calling auth_start_session from pid 24276
[20250407-13:39:51] [ERROR] sesman_data_in: scp_process_msg failed
[20250407-13:39:51] [INFO ] Starting X server on display 10: /usr/lib/xorg/Xorg :10 -auth .Xauthority -config xrdp/xorg.conf -noreset -nolisten tcp -logfile .xorgxrdp.%s.log  
[20250407-13:39:51] [ERROR] sesman_main_loop: trans_check_wait_objs failed, removing trans
[20250407-13:39:51] [INFO ] Found X server running at /tmp/.X11-unix/X10
[20250407-13:39:51] [INFO ] Found X server running at /tmp/.X11-unix/X10
[20250407-13:39:51] [INFO ] Session started successfully for user shima on display 10
[20250407-13:39:51] [INFO ] Starting the xrdp channel server for display 10
[20250407-13:39:51] [INFO ] Found X server running at /tmp/.X11-unix/X10
[20250407-13:39:51] [INFO ] Session in progress on display 10, waiting until the window manager (pid 24279) exits to end the session
[20250407-13:39:52] [INFO ] Starting the default window manager on display 10: /etc/xrdp/startwm.sh
[20250407-13:39:59] [WARN ] Window manager (pid 24279, display 10) exited quickly (7 secs). This could indicate a window manager config problem
[20250407-13:39:59] [INFO ] Calling auth_stop_session and auth_end from pid 24276
[20250407-13:39:59] [INFO ] Terminating X server (pid 24280) on display 10
[20250407-13:40:00] [INFO ] Terminating the xrdp channel server (pid 24290) on display 10
[20250407-13:40:00] [INFO ] X server on display 10 (pid 24280) returned exit code 0 and signal number 0
[20250407-13:40:00] [INFO ] xrdp channel server for display 10 (pid 24290) exit code 0 and signal number 0
[20250407-13:40:00] [INFO ] cleanup_sockets:
[20250407-13:40:00] [INFO ] ++ terminated session:  username shima, display :10.0, session_pid 24276, ip ::ffff:122.218.16.28:51041 - socket: 11
[20250407-14:06:45] [INFO ] Socket 7: AF_INET6 connection received from ::1 port 45502
[20250407-14:06:45] [INFO ] Terminal Server Users group is disabled, allowing authentication
[20250407-14:06:45] [INFO ] ++ created session (access granted): username shima, ip ::ffff:122.218.16.28:51642 - socket: 11
[20250407-14:06:45] [INFO ] starting Xorg session...
[20250407-14:06:45] [INFO ] Starting session: session_pid 25166, display :10.0, width 1280, height 1024, bpp 24, client ip ::ffff:122.218.16.28:51642 - socket: 11, user name shima
[20250407-14:06:45] [INFO ] [session start] (display 10): calling auth_start_session from pid 25166
[20250407-14:06:45] [ERROR] sesman_data_in: scp_process_msg failed
[20250407-14:06:45] [INFO ] Starting X server on display 10: /usr/lib/xorg/Xorg :10 -auth .Xauthority -config xrdp/xorg.conf -noreset -nolisten tcp -logfile .xorgxrdp.%s.log  
[20250407-14:06:45] [ERROR] sesman_main_loop: trans_check_wait_objs failed, removing trans
[20250407-14:06:46] [INFO ] Found X server running at /tmp/.X11-unix/X10
[20250407-14:06:46] [INFO ] Found X server running at /tmp/.X11-unix/X10
[20250407-14:06:46] [INFO ] Session started successfully for user shima on display 10
[20250407-14:06:46] [INFO ] Starting the xrdp channel server for display 10
[20250407-14:06:46] [INFO ] Found X server running at /tmp/.X11-unix/X10
[20250407-14:06:46] [INFO ] Session in progress on display 10, waiting until the window manager (pid 25169) exits to end the session
[20250407-14:06:46] [INFO ] Starting the default window manager on display 10: /etc/xrdp/startwm.sh
[20250407-14:12:48] [INFO ] Calling auth_stop_session and auth_end from pid 25166
[20250407-14:12:48] [INFO ] Terminating X server (pid 25170) on display 10
[20250407-14:12:48] [INFO ] Terminating the xrdp channel server (pid 25180) on display 10
[20250407-14:12:48] [INFO ] X server on display 10 (pid 25170) returned exit code 0 and signal number 0
[20250407-14:12:48] [INFO ] xrdp channel server for display 10 (pid 25180) exit code 0 and signal number 0
[20250407-14:12:48] [INFO ] cleanup_sockets:
[20250407-14:12:48] [INFO ] ++ terminated session:  username shima, display :10.0, session_pid 25166, ip ::ffff:122.218.16.28:51642 - socket: 11
[20250407-14:13:06] [INFO ] Socket 7: AF_INET6 connection received from ::1 port 51030
[20250407-14:13:06] [INFO ] Terminal Server Users group is disabled, allowing authentication
[20250407-14:13:06] [INFO ] ++ created session (access granted): username shima, ip ::ffff:122.218.16.28:51807 - socket: 11
[20250407-14:13:06] [INFO ] starting Xorg session...
[20250407-14:13:06] [INFO ] Starting session: session_pid 26208, display :10.0, width 1280, height 1024, bpp 24, client ip ::ffff:122.218.16.28:51807 - socket: 11, user name shima
[20250407-14:13:06] [INFO ] [session start] (display 10): calling auth_start_session from pid 26208
[20250407-14:13:06] [ERROR] sesman_data_in: scp_process_msg failed
[20250407-14:13:06] [INFO ] Starting X server on display 10: /usr/lib/xorg/Xorg :10 -auth .Xauthority -config xrdp/xorg.conf -noreset -nolisten tcp -logfile .xorgxrdp.%s.log  
[20250407-14:13:07] [ERROR] sesman_main_loop: trans_check_wait_objs failed, removing trans
[20250407-14:13:07] [INFO ] Found X server running at /tmp/.X11-unix/X10
[20250407-14:13:07] [INFO ] Found X server running at /tmp/.X11-unix/X10
[20250407-14:13:07] [INFO ] Session started successfully for user shima on display 10
[20250407-14:13:07] [INFO ] Starting the xrdp channel server for display 10
[20250407-14:13:07] [INFO ] Found X server running at /tmp/.X11-unix/X10
[20250407-14:13:07] [INFO ] Session in progress on display 10, waiting until the window manager (pid 26211) exits to end the session
[20250407-14:13:07] [INFO ] Starting the default window manager on display 10: /etc/xrdp/startwm.sh
[20250407-14:22:07] [INFO ] Socket 7: AF_INET6 connection received from ::1 port 50392
[20250407-14:22:09] [ERROR] pam_authenticate failed: Authentication failure
[20250407-14:22:09] [INFO ] Username or password error for user: shima
[20250407-14:22:09] [ERROR] sesman_data_in: scp_process_msg failed
[20250407-14:22:09] [ERROR] sesman_main_loop: trans_check_wait_objs failed, removing trans
[20250407-14:22:32] [INFO ] Socket 7: AF_INET6 connection received from ::1 port 57924
[20250407-14:22:32] [INFO ] ++ reconnected session: username shima, display :10.0, session_pid 26208, ip ::ffff:165.242.90.29:64519 - socket: 11
[20250407-14:22:32] [ERROR] sesman_data_in: scp_process_msg failed
[20250407-14:22:32] [INFO ] Starting session reconnection script on display 10: /etc/xrdp/reconnectwm.sh
[20250407-14:22:32] [ERROR] sesman_main_loop: trans_check_wait_objs failed, removing trans
[20250407-16:41:28] [INFO ] Socket 7: AF_INET6 connection received from ::1 port 57002
[20250407-16:41:28] [INFO ] ++ reconnected session: username shima, display :10.0, session_pid 26208, ip ::ffff:122.218.16.28:55526 - socket: 11
[20250407-16:41:28] [ERROR] sesman_data_in: scp_process_msg failed
[20250407-16:41:28] [INFO ] Starting session reconnection script on display 10: /etc/xrdp/reconnectwm.sh
[20250407-16:41:28] [ERROR] sesman_main_loop: trans_check_wait_objs failed, removing trans
[20250407-16:43:23] [INFO ] Socket 7: AF_INET6 connection received from ::1 port 44072
[20250407-16:43:23] [INFO ] ++ reconnected session: username shima, display :10.0, session_pid 26208, ip ::ffff:122.218.16.28:55627 - socket: 11
[20250407-16:43:23] [ERROR] sesman_data_in: scp_process_msg failed
[20250407-16:43:23] [INFO ] Starting session reconnection script on display 10: /etc/xrdp/reconnectwm.sh
[20250407-16:43:23] [ERROR] sesman_main_loop: trans_check_wait_objs failed, removing trans
[20250407-16:46:25] [INFO ] starting xrdp-sesman with pid 50
[20250407-16:49:10] [INFO ] Socket 7: AF_INET6 connection received from ::1 port 48442
[20250407-16:49:10] [INFO ] Terminal Server Users group is disabled, allowing authentication
[20250407-16:49:10] [INFO ] ++ created session (access granted): username shima, ip ::ffff:122.218.16.28:55741 - socket: 11
[20250407-16:49:10] [INFO ] starting Xorg session...
[20250407-16:49:10] [INFO ] Starting session: session_pid 81, display :10.0, width 1280, height 1024, bpp 24, client ip ::ffff:122.218.16.28:55741 - socket: 11, user name shima
[20250407-16:49:10] [INFO ] [session start] (display 10): calling auth_start_session from pid 81
[20250407-16:49:10] [ERROR] sesman_data_in: scp_process_msg failed
[20250407-16:49:10] [INFO ] Starting X server on display 10: /usr/lib/xorg/Xorg :10 -auth .Xauthority -config xrdp/xorg.conf -noreset -nolisten tcp -logfile .xorgxrdp.%s.log  
[20250407-16:49:10] [ERROR] sesman_main_loop: trans_check_wait_objs failed, removing trans
[20250407-16:49:11] [INFO ] Found X server running at /tmp/.X11-unix/X10
[20250407-16:49:11] [INFO ] Found X server running at /tmp/.X11-unix/X10
[20250407-16:49:11] [INFO ] Session started successfully for user shima on display 10
[20250407-16:49:11] [INFO ] Starting the xrdp channel server for display 10
[20250407-16:49:11] [INFO ] Found X server running at /tmp/.X11-unix/X10
[20250407-16:49:11] [INFO ] Session in progress on display 10, waiting until the window manager (pid 84) exits to end the session
[20250407-16:49:11] [INFO ] Starting the default window manager on display 10: /etc/xrdp/startwm.sh
[20250407-16:49:50] [INFO ] Calling auth_stop_session and auth_end from pid 81
[20250407-16:49:50] [INFO ] Terminating X server (pid 85) on display 10
[20250407-16:49:50] [INFO ] Terminating the xrdp channel server (pid 95) on display 10
[20250407-16:49:50] [INFO ] X server on display 10 (pid 85) returned exit code 0 and signal number 0
[20250407-16:49:50] [INFO ] xrdp channel server for display 10 (pid 95) exit code 0 and signal number 0
[20250407-16:49:50] [INFO ] cleanup_sockets:
[20250407-16:49:50] [INFO ] ++ terminated session:  username shima, display :10.0, session_pid 81, ip ::ffff:122.218.16.28:55741 - socket: 11
[20250407-16:50:06] [INFO ] Socket 7: AF_INET6 connection received from ::1 port 42228
[20250407-16:50:06] [INFO ] Terminal Server Users group is disabled, allowing authentication
[20250407-16:50:06] [INFO ] ++ created session (access granted): username shima, ip ::ffff:122.218.16.28:55757 - socket: 11
[20250407-16:50:06] [INFO ] starting Xorg session...
[20250407-16:50:06] [INFO ] Starting session: session_pid 1163, display :10.0, width 1280, height 1024, bpp 24, client ip ::ffff:122.218.16.28:55757 - socket: 11, user name shima
[20250407-16:50:06] [INFO ] [session start] (display 10): calling auth_start_session from pid 1163
[20250407-16:50:06] [ERROR] sesman_data_in: scp_process_msg failed
[20250407-16:50:06] [INFO ] Starting X server on display 10: /usr/lib/xorg/Xorg :10 -auth .Xauthority -config xrdp/xorg.conf -noreset -nolisten tcp -logfile .xorgxrdp.%s.log  
[20250407-16:50:06] [ERROR] sesman_main_loop: trans_check_wait_objs failed, removing trans
[20250407-16:50:06] [INFO ] Found X server running at /tmp/.X11-unix/X10
[20250407-16:50:06] [INFO ] Found X server running at /tmp/.X11-unix/X10
[20250407-16:50:06] [INFO ] Session started successfully for user shima on display 10
[20250407-16:50:06] [INFO ] Starting the xrdp channel server for display 10
[20250407-16:50:06] [INFO ] Found X server running at /tmp/.X11-unix/X10
[20250407-16:50:06] [INFO ] Session in progress on display 10, waiting until the window manager (pid 1166) exits to end the session
[20250407-16:50:06] [INFO ] Starting the default window manager on display 10: /etc/xrdp/startwm.sh
[20250407-16:50:15] [WARN ] Window manager (pid 1166, display 10) exited quickly (9 secs). This could indicate a window manager config problem
[20250407-16:50:15] [INFO ] Calling auth_stop_session and auth_end from pid 1163
[20250407-16:50:15] [INFO ] Terminating X server (pid 1167) on display 10
[20250407-16:50:15] [INFO ] Terminating the xrdp channel server (pid 1177) on display 10
[20250407-16:50:15] [INFO ] X server on display 10 (pid 1167) returned exit code 0 and signal number 0
[20250407-16:50:15] [INFO ] xrdp channel server for display 10 (pid 1177) exit code 0 and signal number 0
[20250407-16:50:15] [INFO ] cleanup_sockets:
[20250407-16:50:15] [INFO ] ++ terminated session:  username shima, display :10.0, session_pid 1163, ip ::ffff:122.218.16.28:55757 - socket: 11
[20250408-00:51:43] [INFO ] Socket 7: AF_INET6 connection received from ::1 port 51742
[20250408-00:51:43] [INFO ] Terminal Server Users group is disabled, allowing authentication
[20250408-00:51:44] [INFO ] ++ created session (access granted): username shima, ip ::ffff:122.218.16.28:54773 - socket: 11
[20250408-00:51:44] [INFO ] starting Xorg session...
[20250408-00:51:44] [INFO ] Starting session: session_pid 3036, display :10.0, width 1280, height 1024, bpp 24, client ip ::ffff:122.218.16.28:54773 - socket: 11, user name shima
[20250408-00:51:44] [INFO ] [session start] (display 10): calling auth_start_session from pid 3036
[20250408-00:51:44] [ERROR] sesman_data_in: scp_process_msg failed
[20250408-00:51:44] [INFO ] Starting X server on display 10: /usr/lib/xorg/Xorg :10 -auth .Xauthority -config xrdp/xorg.conf -noreset -nolisten tcp -logfile .xorgxrdp.%s.log  
[20250408-00:51:44] [ERROR] sesman_main_loop: trans_check_wait_objs failed, removing trans
[20250408-00:51:44] [INFO ] Found X server running at /tmp/.X11-unix/X10
[20250408-00:51:44] [INFO ] Found X server running at /tmp/.X11-unix/X10
[20250408-00:51:44] [INFO ] Session started successfully for user shima on display 10
[20250408-00:51:44] [INFO ] Starting the xrdp channel server for display 10
[20250408-00:51:44] [INFO ] Found X server running at /tmp/.X11-unix/X10
[20250408-00:51:44] [INFO ] Session in progress on display 10, waiting until the window manager (pid 3039) exits to end the session
[20250408-00:51:44] [INFO ] Starting the default window manager on display 10: /etc/xrdp/startwm.sh
[20250408-01:56:25] [INFO ] Socket 7: AF_INET6 connection received from ::1 port 41048
[20250408-01:56:27] [ERROR] pam_authenticate failed: Authentication failure
[20250408-01:56:27] [INFO ] Username or password error for user: shima
[20250408-01:56:27] [ERROR] sesman_data_in: scp_process_msg failed
[20250408-01:56:27] [ERROR] sesman_main_loop: trans_check_wait_objs failed, removing trans
[20250408-10:40:47] [INFO ] Socket 7: AF_INET6 connection received from ::1 port 47480
[20250408-10:40:49] [ERROR] pam_authenticate failed: Authentication failure
[20250408-10:40:49] [INFO ] Username or password error for user: student
[20250408-10:40:49] [ERROR] sesman_data_in: scp_process_msg failed
[20250408-10:40:49] [ERROR] sesman_main_loop: trans_check_wait_objs failed, removing trans
[20250408-10:44:18] [INFO ] Calling auth_stop_session and auth_end from pid 3036
[20250408-10:44:18] [INFO ] Terminating X server (pid 3040) on display 10
[20250408-10:44:18] [INFO ] Terminating the xrdp channel server (pid 3050) on display 10
[20250408-10:44:18] [INFO ] X server on display 10 (pid 3040) returned exit code 0 and signal number 0
[20250408-10:44:18] [INFO ] xrdp channel server for display 10 (pid 3050) exit code 0 and signal number 0
[20250408-10:44:18] [INFO ] cleanup_sockets:
[20250408-10:44:18] [INFO ] ++ terminated session:  username shima, display :10.0, session_pid 3036, ip ::ffff:122.218.16.28:54773 - socket: 11
[20250408-10:44:35] [INFO ] Socket 7: AF_INET6 connection received from ::1 port 60002
[20250408-10:44:35] [INFO ] Terminal Server Users group is disabled, allowing authentication
[20250408-10:44:35] [INFO ] ++ created session (access granted): username shima, ip ::ffff:122.218.16.28:57902 - socket: 11
[20250408-10:44:35] [INFO ] starting Xorg session...
[20250408-10:44:35] [INFO ] Starting session: session_pid 6183, display :10.0, width 1280, height 1024, bpp 24, client ip ::ffff:122.218.16.28:57902 - socket: 11, user name shima
[20250408-10:44:35] [INFO ] [session start] (display 10): calling auth_start_session from pid 6183
[20250408-10:44:35] [ERROR] sesman_data_in: scp_process_msg failed
[20250408-10:44:35] [INFO ] Starting X server on display 10: /usr/lib/xorg/Xorg :10 -auth .Xauthority -config xrdp/xorg.conf -noreset -nolisten tcp -logfile .xorgxrdp.%s.log  
[20250408-10:44:35] [ERROR] sesman_main_loop: trans_check_wait_objs failed, removing trans
[20250408-10:44:35] [INFO ] Found X server running at /tmp/.X11-unix/X10
[20250408-10:44:35] [INFO ] Found X server running at /tmp/.X11-unix/X10
[20250408-10:44:35] [INFO ] Session started successfully for user shima on display 10
[20250408-10:44:35] [INFO ] Starting the xrdp channel server for display 10
[20250408-10:44:35] [INFO ] Found X server running at /tmp/.X11-unix/X10
[20250408-10:44:35] [INFO ] Session in progress on display 10, waiting until the window manager (pid 6186) exits to end the session
[20250408-10:44:35] [INFO ] Starting the default window manager on display 10: /etc/xrdp/startwm.sh
[20250408-10:44:46] [INFO ] Calling auth_stop_session and auth_end from pid 6183
[20250408-10:44:46] [INFO ] Terminating X server (pid 6187) on display 10
[20250408-10:44:46] [INFO ] Terminating the xrdp channel server (pid 6197) on display 10
[20250408-10:44:46] [INFO ] X server on display 10 (pid 6187) returned exit code 0 and signal number 0
[20250408-10:44:46] [INFO ] xrdp channel server for display 10 (pid 6197) exit code 0 and signal number 0
[20250408-10:44:46] [INFO ] cleanup_sockets:
[20250408-10:44:46] [INFO ] ++ terminated session:  username shima, display :10.0, session_pid 6183, ip ::ffff:122.218.16.28:57902 - socket: 11
[20250408-10:45:18] [INFO ] Socket 7: AF_INET6 connection received from ::1 port 40066
[20250408-10:45:20] [ERROR] pam_authenticate failed: Authentication failure
[20250408-10:45:20] [INFO ] Username or password error for user: student
[20250408-10:45:20] [ERROR] sesman_data_in: scp_process_msg failed
[20250408-10:45:20] [ERROR] sesman_main_loop: trans_check_wait_objs failed, removing trans
[20250408-10:45:55] [INFO ] Socket 7: AF_INET6 connection received from ::1 port 34518
[20250408-10:45:57] [ERROR] pam_authenticate failed: Authentication failure
[20250408-10:45:57] [INFO ] Username or password error for user: student
[20250408-10:45:57] [ERROR] sesman_data_in: scp_process_msg failed
[20250408-10:45:57] [ERROR] sesman_main_loop: trans_check_wait_objs failed, removing trans
[20250408-10:46:24] [INFO ] Socket 7: AF_INET6 connection received from ::1 port 59352
[20250408-10:46:26] [ERROR] pam_authenticate failed: Authentication failure
[20250408-10:46:26] [INFO ] Username or password error for user: shima
[20250408-10:46:26] [ERROR] sesman_data_in: scp_process_msg failed
[20250408-10:46:26] [ERROR] sesman_main_loop: trans_check_wait_objs failed, removing trans
[20250408-10:46:52] [INFO ] Socket 7: AF_INET6 connection received from ::1 port 57388
[20250408-10:46:52] [INFO ] Terminal Server Users group is disabled, allowing authentication
[20250408-10:46:52] [INFO ] ++ created session (access granted): username shima, ip ::ffff:122.218.16.28:49828 - socket: 11
[20250408-10:46:52] [INFO ] starting Xorg session...
[20250408-10:46:52] [INFO ] Starting session: session_pid 7055, display :10.0, width 736, height 1072, bpp 24, client ip ::ffff:122.218.16.28:49828 - socket: 11, user name shima
[20250408-10:46:52] [INFO ] [session start] (display 10): calling auth_start_session from pid 7055
[20250408-10:46:52] [ERROR] sesman_data_in: scp_process_msg failed
[20250408-10:46:52] [INFO ] Starting X server on display 10: /usr/lib/xorg/Xorg :10 -auth .Xauthority -config xrdp/xorg.conf -noreset -nolisten tcp -logfile .xorgxrdp.%s.log  
[20250408-10:46:52] [ERROR] sesman_main_loop: trans_check_wait_objs failed, removing trans
[20250408-10:46:52] [INFO ] Found X server running at /tmp/.X11-unix/X10
[20250408-10:46:52] [INFO ] Found X server running at /tmp/.X11-unix/X10
[20250408-10:46:52] [INFO ] Session started successfully for user shima on display 10
[20250408-10:46:52] [INFO ] Starting the xrdp channel server for display 10
[20250408-10:46:52] [INFO ] Found X server running at /tmp/.X11-unix/X10
[20250408-10:46:52] [INFO ] Session in progress on display 10, waiting until the window manager (pid 7058) exits to end the session
[20250408-10:46:52] [INFO ] Starting the default window manager on display 10: /etc/xrdp/startwm.sh
[20250408-10:47:05] [INFO ] Calling auth_stop_session and auth_end from pid 7055
[20250408-10:47:05] [INFO ] Terminating X server (pid 7059) on display 10
[20250408-10:47:05] [INFO ] Terminating the xrdp channel server (pid 7069) on display 10
[20250408-10:47:05] [INFO ] X server on display 10 (pid 7059) returned exit code 0 and signal number 0
[20250408-10:47:05] [INFO ] xrdp channel server for display 10 (pid 7069) exit code 0 and signal number 0
[20250408-10:47:05] [INFO ] cleanup_sockets:
[20250408-10:47:05] [INFO ] ++ terminated session:  username shima, display :10.0, session_pid 7055, ip ::ffff:122.218.16.28:49828 - socket: 11
[20250408-10:47:28] [INFO ] Socket 7: AF_INET6 connection received from ::1 port 52850
[20250408-10:47:28] [INFO ] Terminal Server Users group is disabled, allowing authentication
[20250408-10:47:28] [INFO ] ++ created session (access granted): username shima, ip ::ffff:122.218.16.28:49829 - socket: 11
[20250408-10:47:28] [INFO ] starting Xorg session...
[20250408-10:47:28] [INFO ] Starting session: session_pid 7938, display :10.0, width 736, height 1072, bpp 24, client ip ::ffff:122.218.16.28:49829 - socket: 11, user name shima
[20250408-10:47:28] [INFO ] [session start] (display 10): calling auth_start_session from pid 7938
[20250408-10:47:28] [ERROR] sesman_data_in: scp_process_msg failed
[20250408-10:47:28] [INFO ] Starting X server on display 10: /usr/lib/xorg/Xorg :10 -auth .Xauthority -config xrdp/xorg.conf -noreset -nolisten tcp -logfile .xorgxrdp.%s.log  
[20250408-10:47:28] [ERROR] sesman_main_loop: trans_check_wait_objs failed, removing trans
[20250408-10:47:29] [INFO ] Found X server running at /tmp/.X11-unix/X10
[20250408-10:47:29] [INFO ] Found X server running at /tmp/.X11-unix/X10
[20250408-10:47:29] [INFO ] Session started successfully for user shima on display 10
[20250408-10:47:29] [INFO ] Starting the xrdp channel server for display 10
[20250408-10:47:29] [INFO ] Found X server running at /tmp/.X11-unix/X10
[20250408-10:47:29] [INFO ] Session in progress on display 10, waiting until the window manager (pid 7941) exits to end the session
[20250408-10:47:29] [INFO ] Starting the default window manager on display 10: /etc/xrdp/startwm.sh
[20250408-10:50:20] [INFO ] Calling auth_stop_session and auth_end from pid 7938
[20250408-10:50:20] [INFO ] Terminating X server (pid 7942) on display 10
[20250408-10:50:20] [INFO ] Terminating the xrdp channel server (pid 7952) on display 10
[20250408-10:50:20] [INFO ] X server on display 10 (pid 7942) returned exit code 0 and signal number 0
[20250408-10:50:20] [INFO ] xrdp channel server for display 10 (pid 7952) exit code 0 and signal number 0
[20250408-10:50:20] [INFO ] cleanup_sockets:
[20250408-10:50:20] [INFO ] ++ terminated session:  username shima, display :10.0, session_pid 7938, ip ::ffff:122.218.16.28:49829 - socket: 11
[20250408-10:51:54] [INFO ] Socket 7: AF_INET6 connection received from ::1 port 43120
[20250408-10:51:54] [INFO ] Terminal Server Users group is disabled, allowing authentication
[20250408-10:51:54] [INFO ] ++ created session (access granted): username shima, ip ::ffff:122.218.16.28:49830 - socket: 11
[20250408-10:51:54] [INFO ] starting Xorg session...
[20250408-10:51:54] [INFO ] Starting session: session_pid 8944, display :10.0, width 736, height 1072, bpp 24, client ip ::ffff:122.218.16.28:49830 - socket: 11, user name shima
[20250408-10:51:54] [INFO ] [session start] (display 10): calling auth_start_session from pid 8944
[20250408-10:51:54] [ERROR] sesman_data_in: scp_process_msg failed
[20250408-10:51:54] [INFO ] Starting X server on display 10: /usr/lib/xorg/Xorg :10 -auth .Xauthority -config xrdp/xorg.conf -noreset -nolisten tcp -logfile .xorgxrdp.%s.log  
[20250408-10:51:54] [ERROR] sesman_main_loop: trans_check_wait_objs failed, removing trans
[20250408-10:51:54] [INFO ] Found X server running at /tmp/.X11-unix/X10
[20250408-10:51:54] [INFO ] Found X server running at /tmp/.X11-unix/X10
[20250408-10:51:54] [INFO ] Session started successfully for user shima on display 10
[20250408-10:51:54] [INFO ] Starting the xrdp channel server for display 10
[20250408-10:51:54] [INFO ] Found X server running at /tmp/.X11-unix/X10
[20250408-10:51:54] [INFO ] Session in progress on display 10, waiting until the window manager (pid 8947) exits to end the session
[20250408-10:51:54] [INFO ] Starting the default window manager on display 10: /etc/xrdp/startwm.sh
[20250408-12:04:47] [INFO ] starting xrdp-sesman with pid 47
[20250408-12:05:18] [INFO ] Socket 7: AF_INET6 connection received from ::1 port 44696
[20250408-12:05:18] [INFO ] Terminal Server Users group is disabled, allowing authentication
[20250408-12:05:18] [INFO ] ++ created session (access granted): username shima, ip ::ffff:165.242.90.48:59371 - socket: 11
[20250408-12:05:18] [INFO ] starting Xorg session...
[20250408-12:05:18] [INFO ] Starting session: session_pid 78, display :10.0, width 1280, height 1024, bpp 24, client ip ::ffff:165.242.90.48:59371 - socket: 11, user name shima
[20250408-12:05:18] [INFO ] [session start] (display 10): calling auth_start_session from pid 78
[20250408-12:05:18] [ERROR] sesman_data_in: scp_process_msg failed
[20250408-12:05:18] [ERROR] sesman_main_loop: trans_check_wait_objs failed, removing trans
[20250408-12:05:18] [INFO ] Starting X server on display 10: /usr/lib/xorg/Xorg :10 -auth .Xauthority -config xrdp/xorg.conf -noreset -nolisten tcp -logfile .xorgxrdp.%s.log  
[20250408-12:05:19] [INFO ] Found X server running at /tmp/.X11-unix/X10
[20250408-12:05:19] [INFO ] Found X server running at /tmp/.X11-unix/X10
[20250408-12:05:19] [INFO ] Session started successfully for user shima on display 10
[20250408-12:05:19] [INFO ] Starting the xrdp channel server for display 10
[20250408-12:05:19] [INFO ] Found X server running at /tmp/.X11-unix/X10
[20250408-12:05:19] [INFO ] Session in progress on display 10, waiting until the window manager (pid 81) exits to end the session
[20250408-12:05:19] [INFO ] Starting the default window manager on display 10: /etc/xrdp/startwm.sh
[20250408-12:24:34] [INFO ] Calling auth_stop_session and auth_end from pid 78
[20250408-12:24:34] [INFO ] Terminating X server (pid 82) on display 10
[20250408-12:24:34] [INFO ] Terminating the xrdp channel server (pid 85) on display 10
[20250408-12:24:34] [INFO ] X server on display 10 (pid 82) returned exit code 0 and signal number 0
[20250408-12:24:34] [INFO ] xrdp channel server for display 10 (pid 85) exit code 0 and signal number 0
[20250408-12:24:34] [INFO ] cleanup_sockets:
[20250408-12:24:35] [INFO ] ++ terminated session:  username shima, display :10.0, session_pid 78, ip ::ffff:165.242.90.48:59371 - socket: 11
[20250408-12:32:05] [INFO ] starting xrdp-sesman with pid 47
[20250408-12:40:08] [INFO ] Socket 7: AF_INET6 connection received from ::1 port 37544
[20250408-12:40:08] [INFO ] Terminal Server Users group is disabled, allowing authentication
[20250408-12:40:08] [INFO ] ++ created session (access granted): username shima, ip ::ffff:165.242.90.48:63585 - socket: 11
[20250408-12:40:08] [INFO ] starting Xorg session...
[20250408-12:40:08] [INFO ] Starting session: session_pid 121, display :10.0, width 1280, height 1024, bpp 24, client ip ::ffff:165.242.90.48:63585 - socket: 11, user name shima
[20250408-12:40:08] [INFO ] [session start] (display 10): calling auth_start_session from pid 121
[20250408-12:40:08] [ERROR] sesman_data_in: scp_process_msg failed
[20250408-12:40:08] [ERROR] sesman_main_loop: trans_check_wait_objs failed, removing trans
[20250408-12:40:09] [INFO ] Starting X server on display 10: /usr/lib/xorg/Xorg :10 -auth .Xauthority -config xrdp/xorg.conf -noreset -nolisten tcp -logfile .xorgxrdp.%s.log  
[20250408-12:40:09] [INFO ] Found X server running at /tmp/.X11-unix/X10
[20250408-12:40:09] [INFO ] Found X server running at /tmp/.X11-unix/X10
[20250408-12:40:09] [INFO ] Session started successfully for user shima on display 10
[20250408-12:40:09] [INFO ] Starting the xrdp channel server for display 10
[20250408-12:40:09] [INFO ] Found X server running at /tmp/.X11-unix/X10
[20250408-12:40:09] [INFO ] Session in progress on display 10, waiting until the window manager (pid 124) exits to end the session
[20250408-12:40:09] [INFO ] Starting the default window manager on display 10: /etc/xrdp/startwm.sh
[20250408-13:31:31] [INFO ] Calling auth_stop_session and auth_end from pid 121
[20250408-13:31:31] [INFO ] Terminating X server (pid 125) on display 10
[20250408-13:31:31] [INFO ] Terminating the xrdp channel server (pid 128) on display 10
[20250408-13:31:31] [INFO ] X server on display 10 (pid 125) returned exit code 0 and signal number 0
[20250408-13:31:31] [INFO ] xrdp channel server for display 10 (pid 128) exit code 0 and signal number 0
[20250408-13:31:31] [INFO ] cleanup_sockets:
[20250408-13:31:31] [INFO ] ++ terminated session:  username shima, display :10.0, session_pid 121, ip ::ffff:165.242.90.48:63585 - socket: 11
[20250408-13:31:52] [INFO ] starting xrdp-sesman with pid 49
[20250408-13:31:57] [INFO ] Socket 7: AF_INET6 connection received from ::1 port 46372
[20250408-13:31:57] [INFO ] Terminal Server Users group is disabled, allowing authentication
[20250408-13:31:58] [INFO ] ++ created session (access granted): username shima, ip ::ffff:165.242.90.48:52913 - socket: 11
[20250408-13:31:58] [INFO ] starting Xorg session...
[20250408-13:31:58] [INFO ] Starting session: session_pid 75, display :10.0, width 1280, height 1024, bpp 24, client ip ::ffff:165.242.90.48:52913 - socket: 11, user name shima
[20250408-13:31:58] [INFO ] [session start] (display 10): calling auth_start_session from pid 75
[20250408-13:31:58] [ERROR] sesman_data_in: scp_process_msg failed
[20250408-13:31:58] [INFO ] Starting X server on display 10: /usr/lib/xorg/Xorg :10 -auth .Xauthority -config xrdp/xorg.conf -noreset -nolisten tcp -logfile .xorgxrdp.%s.log  
[20250408-13:31:58] [ERROR] sesman_main_loop: trans_check_wait_objs failed, removing trans
[20250408-13:31:58] [INFO ] Found X server running at /tmp/.X11-unix/X10
[20250408-13:31:58] [INFO ] Found X server running at /tmp/.X11-unix/X10
[20250408-13:31:58] [INFO ] Session started successfully for user shima on display 10
[20250408-13:31:58] [INFO ] Starting the xrdp channel server for display 10
[20250408-13:31:58] [INFO ] Found X server running at /tmp/.X11-unix/X10
[20250408-13:31:58] [INFO ] Session in progress on display 10, waiting until the window manager (pid 78) exits to end the session
[20250408-13:31:58] [INFO ] Starting the default window manager on display 10: /etc/xrdp/startwm.sh
[20250408-13:38:45] [INFO ] Calling auth_stop_session and auth_end from pid 75
[20250408-13:38:45] [INFO ] Terminating X server (pid 79) on display 10
[20250408-13:38:45] [INFO ] Terminating the xrdp channel server (pid 89) on display 10
[20250408-13:38:45] [INFO ] X server on display 10 (pid 79) returned exit code 0 and signal number 0
[20250408-13:38:45] [INFO ] xrdp channel server for display 10 (pid 89) exit code 0 and signal number 0
[20250408-13:38:45] [INFO ] cleanup_sockets:
[20250408-13:38:45] [INFO ] ++ terminated session:  username shima, display :10.0, session_pid 75, ip ::ffff:165.242.90.48:52913 - socket: 11
[20250408-14:46:46] [INFO ] Socket 7: AF_INET6 connection received from ::1 port 35374
[20250408-14:46:46] [INFO ] Terminal Server Users group is disabled, allowing authentication
[20250408-14:46:46] [INFO ] ++ created session (access granted): username shima, ip ::ffff:122.218.16.28:50556 - socket: 11
[20250408-14:46:46] [INFO ] starting Xorg session...
[20250408-14:46:46] [INFO ] Starting session: session_pid 1250, display :10.0, width 1280, height 1024, bpp 24, client ip ::ffff:122.218.16.28:50556 - socket: 11, user name shima
[20250408-14:46:46] [INFO ] [session start] (display 10): calling auth_start_session from pid 1250
[20250408-14:46:46] [ERROR] sesman_data_in: scp_process_msg failed
[20250408-14:46:46] [INFO ] Starting X server on display 10: /usr/lib/xorg/Xorg :10 -auth .Xauthority -config xrdp/xorg.conf -noreset -nolisten tcp -logfile .xorgxrdp.%s.log  
[20250408-14:46:47] [ERROR] sesman_main_loop: trans_check_wait_objs failed, removing trans
[20250408-14:46:47] [INFO ] Found X server running at /tmp/.X11-unix/X10
[20250408-14:46:47] [INFO ] Found X server running at /tmp/.X11-unix/X10
[20250408-14:46:47] [INFO ] Session started successfully for user shima on display 10
[20250408-14:46:47] [INFO ] Starting the xrdp channel server for display 10
[20250408-14:46:47] [INFO ] Found X server running at /tmp/.X11-unix/X10
[20250408-14:46:47] [INFO ] Session in progress on display 10, waiting until the window manager (pid 1253) exits to end the session
[20250408-14:46:47] [INFO ] Starting the default window manager on display 10: /etc/xrdp/startwm.sh
[20250408-16:10:46] [INFO ] Socket 7: AF_INET6 connection received from ::1 port 45568
[20250408-16:10:48] [ERROR] pam_authenticate failed: Authentication failure
[20250408-16:10:48] [INFO ] Username or password error for user: shima
[20250408-16:10:48] [ERROR] sesman_data_in: scp_process_msg failed
[20250408-16:10:48] [ERROR] sesman_main_loop: trans_check_wait_objs failed, removing trans
[20250408-16:11:29] [INFO ] Socket 7: AF_INET6 connection received from ::1 port 50902
[20250408-16:11:29] [INFO ] ++ reconnected session: username shima, display :10.0, session_pid 1250, ip ::ffff:122.218.16.28:54937 - socket: 11
[20250408-16:11:29] [ERROR] sesman_data_in: scp_process_msg failed
[20250408-16:11:29] [INFO ] Starting session reconnection script on display 10: /etc/xrdp/reconnectwm.sh
[20250408-16:11:29] [ERROR] sesman_main_loop: trans_check_wait_objs failed, removing trans
[20250408-16:16:57] [INFO ] Calling auth_stop_session and auth_end from pid 1250
[20250408-16:16:57] [INFO ] Terminating X server (pid 1254) on display 10
[20250408-16:16:57] [INFO ] Terminating the xrdp channel server (pid 1264) on display 10
[20250408-16:16:57] [INFO ] X server on display 10 (pid 1254) returned exit code 0 and signal number 0
[20250408-16:16:57] [INFO ] xrdp channel server for display 10 (pid 1264) exit code 0 and signal number 0
[20250408-16:16:57] [INFO ] cleanup_sockets:
[20250408-16:16:57] [INFO ] ++ terminated session:  username shima, display :10.0, session_pid 1250, ip ::ffff:122.218.16.28:50556 - socket: 11
[20250408-16:23:10] [INFO ] Socket 7: AF_INET6 connection received from ::1 port 45860
[20250408-16:23:13] [ERROR] pam_authenticate failed: Authentication failure
[20250408-16:23:13] [INFO ] Username or password error for user: shima
[20250408-16:23:13] [ERROR] sesman_data_in: scp_process_msg failed
[20250408-16:23:13] [ERROR] sesman_main_loop: trans_check_wait_objs failed, removing trans
[20250408-16:23:35] [INFO ] Socket 7: AF_INET6 connection received from ::1 port 41348
[20250408-16:23:35] [INFO ] Terminal Server Users group is disabled, allowing authentication
[20250408-16:23:35] [INFO ] ++ created session (access granted): username shima, ip ::ffff:122.218.16.28:65487 - socket: 11
[20250408-16:23:35] [INFO ] starting Xorg session...
[20250408-16:23:35] [INFO ] Starting session: session_pid 2453, display :10.0, width 1280, height 1024, bpp 24, client ip ::ffff:122.218.16.28:65487 - socket: 11, user name shima
[20250408-16:23:35] [INFO ] [session start] (display 10): calling auth_start_session from pid 2453
[20250408-16:23:35] [ERROR] sesman_data_in: scp_process_msg failed
[20250408-16:23:35] [INFO ] Starting X server on display 10: /usr/lib/xorg/Xorg :10 -auth .Xauthority -config xrdp/xorg.conf -noreset -nolisten tcp -logfile .xorgxrdp.%s.log  
[20250408-16:23:35] [ERROR] sesman_main_loop: trans_check_wait_objs failed, removing trans
[20250408-16:23:35] [INFO ] Found X server running at /tmp/.X11-unix/X10
[20250408-16:23:35] [INFO ] Found X server running at /tmp/.X11-unix/X10
[20250408-16:23:35] [INFO ] Session started successfully for user shima on display 10
[20250408-16:23:35] [INFO ] Starting the xrdp channel server for display 10
[20250408-16:23:36] [INFO ] Found X server running at /tmp/.X11-unix/X10
[20250408-16:23:36] [INFO ] Session in progress on display 10, waiting until the window manager (pid 2456) exits to end the session
[20250408-16:23:36] [INFO ] Starting the default window manager on display 10: /etc/xrdp/startwm.sh
[20250408-16:24:26] [INFO ] Calling auth_stop_session and auth_end from pid 2453
[20250408-16:24:26] [INFO ] Terminating X server (pid 2457) on display 10
[20250408-16:24:26] [INFO ] Terminating the xrdp channel server (pid 2467) on display 10
[20250408-16:24:26] [INFO ] X server on display 10 (pid 2457) returned exit code 0 and signal number 0
[20250408-16:24:26] [INFO ] xrdp channel server for display 10 (pid 2467) exit code 0 and signal number 0
[20250408-16:24:26] [INFO ] cleanup_sockets:
[20250408-16:24:26] [INFO ] ++ terminated session:  username shima, display :10.0, session_pid 2453, ip ::ffff:122.218.16.28:65487 - socket: 11
[20250408-16:43:30] [INFO ] Socket 7: AF_INET6 connection received from ::1 port 55942
[20250408-16:43:31] [INFO ] Terminal Server Users group is disabled, allowing authentication
[20250408-16:43:31] [INFO ] ++ created session (access granted): username shima, ip ::ffff:122.218.16.28:49154 - socket: 11
[20250408-16:43:31] [INFO ] starting Xorg session...
[20250408-16:43:31] [INFO ] Starting session: session_pid 3507, display :10.0, width 1280, height 1024, bpp 24, client ip ::ffff:122.218.16.28:49154 - socket: 11, user name shima
[20250408-16:43:31] [INFO ] [session start] (display 10): calling auth_start_session from pid 3507
[20250408-16:43:31] [ERROR] sesman_data_in: scp_process_msg failed
[20250408-16:43:31] [INFO ] Starting X server on display 10: /usr/lib/xorg/Xorg :10 -auth .Xauthority -config xrdp/xorg.conf -noreset -nolisten tcp -logfile .xorgxrdp.%s.log  
[20250408-16:43:31] [ERROR] sesman_main_loop: trans_check_wait_objs failed, removing trans
[20250408-16:43:31] [INFO ] Found X server running at /tmp/.X11-unix/X10
[20250408-16:43:31] [INFO ] Found X server running at /tmp/.X11-unix/X10
[20250408-16:43:31] [INFO ] Session started successfully for user shima on display 10
[20250408-16:43:31] [INFO ] Starting the xrdp channel server for display 10
[20250408-16:43:31] [INFO ] Found X server running at /tmp/.X11-unix/X10
[20250408-16:43:31] [INFO ] Session in progress on display 10, waiting until the window manager (pid 3510) exits to end the session
[20250408-16:43:31] [INFO ] Starting the default window manager on display 10: /etc/xrdp/startwm.sh
[20250409-00:18:39] [INFO ] Socket 7: AF_INET6 connection received from ::1 port 33908
[20250409-00:18:39] [INFO ] ++ reconnected session: username shima, display :10.0, session_pid 3507, ip ::ffff:122.218.16.28:57878 - socket: 11
[20250409-00:18:39] [ERROR] sesman_data_in: scp_process_msg failed
[20250409-00:18:39] [INFO ] Starting session reconnection script on display 10: /etc/xrdp/reconnectwm.sh
[20250409-00:18:39] [ERROR] sesman_main_loop: trans_check_wait_objs failed, removing trans
[20250409-00:18:57] [INFO ] Calling auth_stop_session and auth_end from pid 3507
[20250409-00:18:57] [INFO ] Terminating X server (pid 3511) on display 10
[20250409-00:18:57] [INFO ] Terminating the xrdp channel server (pid 3521) on display 10
[20250409-00:18:57] [INFO ] X server on display 10 (pid 3511) returned exit code 0 and signal number 0
[20250409-00:18:57] [INFO ] xrdp channel server for display 10 (pid 3521) exit code 0 and signal number 0
[20250409-00:18:57] [INFO ] cleanup_sockets:
[20250409-00:18:57] [INFO ] ++ terminated session:  username shima, display :10.0, session_pid 3507, ip ::ffff:122.218.16.28:49154 - socket: 11
[20250409-00:19:01] [INFO ] Socket 7: AF_INET6 connection received from ::1 port 41028
[20250409-00:19:02] [INFO ] Terminal Server Users group is disabled, allowing authentication
[20250409-00:19:02] [INFO ] ++ created session (access granted): username shima, ip ::ffff:122.218.16.28:57891 - socket: 11
[20250409-00:19:02] [INFO ] starting Xorg session...
[20250409-00:19:02] [INFO ] Starting session: session_pid 5878, display :10.0, width 1280, height 1024, bpp 24, client ip ::ffff:122.218.16.28:57891 - socket: 11, user name shima
[20250409-00:19:02] [INFO ] [session start] (display 10): calling auth_start_session from pid 5878
[20250409-00:19:02] [ERROR] sesman_data_in: scp_process_msg failed
[20250409-00:19:02] [INFO ] Starting X server on display 10: /usr/lib/xorg/Xorg :10 -auth .Xauthority -config xrdp/xorg.conf -noreset -nolisten tcp -logfile .xorgxrdp.%s.log  
[20250409-00:19:02] [ERROR] sesman_main_loop: trans_check_wait_objs failed, removing trans
[20250409-00:19:02] [INFO ] Found X server running at /tmp/.X11-unix/X10
[20250409-00:19:02] [INFO ] Found X server running at /tmp/.X11-unix/X10
[20250409-00:19:02] [INFO ] Session started successfully for user shima on display 10
[20250409-00:19:02] [INFO ] Starting the xrdp channel server for display 10
[20250409-00:19:02] [INFO ] Found X server running at /tmp/.X11-unix/X10
[20250409-00:19:02] [INFO ] Session in progress on display 10, waiting until the window manager (pid 5881) exits to end the session
[20250409-00:19:02] [INFO ] Starting the default window manager on display 10: /etc/xrdp/startwm.sh
[20250409-09:40:16] [INFO ] Socket 7: AF_INET6 connection received from ::1 port 54420
[20250409-09:40:16] [INFO ] ++ reconnected session: username shima, display :10.0, session_pid 5878, ip ::ffff:122.218.16.28:50535 - socket: 11
[20250409-09:40:16] [ERROR] sesman_data_in: scp_process_msg failed
[20250409-09:40:16] [ERROR] sesman_main_loop: trans_check_wait_objs failed, removing trans
[20250409-09:40:16] [INFO ] Starting session reconnection script on display 10: /etc/xrdp/reconnectwm.sh
[20250409-13:41:27] [INFO ] Socket 7: AF_INET6 connection received from ::1 port 53750
[20250409-13:41:29] [ERROR] pam_authenticate failed: Authentication failure
[20250409-13:41:29] [INFO ] Username or password error for user: shima
[20250409-13:41:29] [ERROR] sesman_data_in: scp_process_msg failed
[20250409-13:41:29] [ERROR] sesman_main_loop: trans_check_wait_objs failed, removing trans
[20250409-13:41:55] [INFO ] Socket 7: AF_INET6 connection received from ::1 port 58938
[20250409-13:41:55] [INFO ] ++ reconnected session: username shima, display :10.0, session_pid 5878, ip ::ffff:165.242.85.229:49722 - socket: 11
[20250409-13:41:55] [ERROR] sesman_data_in: scp_process_msg failed
[20250409-13:41:55] [ERROR] sesman_main_loop: trans_check_wait_objs failed, removing trans
[20250409-13:41:55] [INFO ] Starting session reconnection script on display 10: /etc/xrdp/reconnectwm.sh
[20250409-15:03:01] [INFO ] Socket 7: AF_INET6 connection received from ::1 port 38016
[20250409-15:03:03] [ERROR] pam_authenticate failed: Authentication failure
[20250409-15:03:03] [INFO ] Username or password error for user: shima
[20250409-15:03:03] [ERROR] sesman_data_in: scp_process_msg failed
[20250409-15:03:03] [ERROR] sesman_main_loop: trans_check_wait_objs failed, removing trans
[20250409-15:03:52] [INFO ] Socket 7: AF_INET6 connection received from ::1 port 58650
[20250409-15:03:53] [INFO ] ++ reconnected session: username shima, display :10.0, session_pid 5878, ip ::ffff:165.242.90.48:53124 - socket: 11
[20250409-15:03:53] [ERROR] sesman_data_in: scp_process_msg failed
[20250409-15:03:53] [INFO ] Starting session reconnection script on display 10: /etc/xrdp/reconnectwm.sh
[20250409-15:03:53] [ERROR] sesman_main_loop: trans_check_wait_objs failed, removing trans
[20250409-15:06:18] [INFO ] Calling auth_stop_session and auth_end from pid 5878
[20250409-15:06:18] [INFO ] Terminating X server (pid 5882) on display 10
[20250409-15:06:18] [INFO ] Terminating the xrdp channel server (pid 5892) on display 10
[20250409-15:06:18] [INFO ] X server on display 10 (pid 5882) returned exit code 0 and signal number 0
[20250409-15:06:18] [INFO ] xrdp channel server for display 10 (pid 5892) exit code 0 and signal number 0
[20250409-15:06:18] [INFO ] cleanup_sockets:
[20250409-15:06:18] [INFO ] ++ terminated session:  username shima, display :10.0, session_pid 5878, ip ::ffff:122.218.16.28:57891 - socket: 11
[20250409-15:30:16] [INFO ] Socket 7: AF_INET6 connection received from ::1 port 57900
[20250409-15:30:19] [ERROR] pam_authenticate failed: Authentication failure
[20250409-15:30:19] [INFO ] Username or password error for user: shima
[20250409-15:30:19] [ERROR] sesman_data_in: scp_process_msg failed
[20250409-15:30:19] [ERROR] sesman_main_loop: trans_check_wait_objs failed, removing trans
[20250409-15:31:07] [INFO ] Socket 7: AF_INET6 connection received from ::1 port 53164
[20250409-15:31:08] [INFO ] Terminal Server Users group is disabled, allowing authentication
[20250409-15:31:08] [INFO ] ++ created session (access granted): username shima, ip ::ffff:165.242.90.29:60135 - socket: 11
[20250409-15:31:08] [INFO ] starting Xorg session...
[20250409-15:31:08] [INFO ] Starting session: session_pid 14541, display :10.0, width 1280, height 1024, bpp 24, client ip ::ffff:165.242.90.29:60135 - socket: 11, user name shima
[20250409-15:31:08] [INFO ] [session start] (display 10): calling auth_start_session from pid 14541
[20250409-15:31:08] [ERROR] sesman_data_in: scp_process_msg failed
[20250409-15:31:08] [INFO ] Starting X server on display 10: /usr/lib/xorg/Xorg :10 -auth .Xauthority -config xrdp/xorg.conf -noreset -nolisten tcp -logfile .xorgxrdp.%s.log  
[20250409-15:31:08] [ERROR] sesman_main_loop: trans_check_wait_objs failed, removing trans
[20250409-15:31:08] [INFO ] Found X server running at /tmp/.X11-unix/X10
[20250409-15:31:08] [INFO ] Found X server running at /tmp/.X11-unix/X10
[20250409-15:31:08] [INFO ] Session started successfully for user shima on display 10
[20250409-15:31:08] [INFO ] Starting the xrdp channel server for display 10
[20250409-15:31:08] [INFO ] Found X server running at /tmp/.X11-unix/X10
[20250409-15:31:08] [INFO ] Session in progress on display 10, waiting until the window manager (pid 14544) exits to end the session
[20250409-15:31:08] [INFO ] Starting the default window manager on display 10: /etc/xrdp/startwm.sh
[20250409-15:31:16] [WARN ] Window manager (pid 14544, display 10) exited quickly (8 secs). This could indicate a window manager config problem
[20250409-15:31:16] [INFO ] Calling auth_stop_session and auth_end from pid 14541
[20250409-15:31:16] [INFO ] Terminating X server (pid 14545) on display 10
[20250409-15:31:16] [INFO ] Terminating the xrdp channel server (pid 14555) on display 10
[20250409-15:31:16] [INFO ] X server on display 10 (pid 14545) returned exit code 0 and signal number 0
[20250409-15:31:16] [INFO ] xrdp channel server for display 10 (pid 14555) exit code 0 and signal number 0
[20250409-15:31:16] [INFO ] cleanup_sockets:
[20250409-15:31:16] [INFO ] ++ terminated session:  username shima, display :10.0, session_pid 14541, ip ::ffff:165.242.90.29:60135 - socket: 11
[20250409-15:32:28] [INFO ] Socket 7: AF_INET6 connection received from ::1 port 48684
[20250409-15:32:31] [ERROR] pam_authenticate failed: Authentication failure
[20250409-15:32:31] [INFO ] Username or password error for user: shima
[20250409-15:32:31] [ERROR] sesman_data_in: scp_process_msg failed
[20250409-15:32:31] [ERROR] sesman_main_loop: trans_check_wait_objs failed, removing trans
[20250409-15:32:47] [INFO ] Socket 7: AF_INET6 connection received from ::1 port 57184
[20250409-15:32:47] [INFO ] Terminal Server Users group is disabled, allowing authentication
[20250409-15:32:47] [INFO ] ++ created session (access granted): username shima, ip ::ffff:122.218.16.30:50254 - socket: 11
[20250409-15:32:47] [INFO ] starting Xorg session...
[20250409-15:32:47] [INFO ] Starting session: session_pid 15410, display :10.0, width 1280, height 1024, bpp 24, client ip ::ffff:122.218.16.30:50254 - socket: 11, user name shima
[20250409-15:32:47] [INFO ] [session start] (display 10): calling auth_start_session from pid 15410
[20250409-15:32:47] [ERROR] sesman_data_in: scp_process_msg failed
[20250409-15:32:47] [INFO ] Starting X server on display 10: /usr/lib/xorg/Xorg :10 -auth .Xauthority -config xrdp/xorg.conf -noreset -nolisten tcp -logfile .xorgxrdp.%s.log  
[20250409-15:32:47] [ERROR] sesman_main_loop: trans_check_wait_objs failed, removing trans
[20250409-15:32:47] [INFO ] Found X server running at /tmp/.X11-unix/X10
[20250409-15:32:47] [INFO ] Found X server running at /tmp/.X11-unix/X10
[20250409-15:32:47] [INFO ] Session started successfully for user shima on display 10
[20250409-15:32:47] [INFO ] Starting the xrdp channel server for display 10
[20250409-15:32:47] [INFO ] Found X server running at /tmp/.X11-unix/X10
[20250409-15:32:47] [INFO ] Session in progress on display 10, waiting until the window manager (pid 15413) exits to end the session
[20250409-15:32:47] [INFO ] Starting the default window manager on display 10: /etc/xrdp/startwm.sh
[20250409-15:34:45] [INFO ] Calling auth_stop_session and auth_end from pid 15410
[20250409-15:34:45] [INFO ] Terminating X server (pid 15414) on display 10
[20250409-15:34:45] [INFO ] Terminating the xrdp channel server (pid 15424) on display 10
[20250409-15:34:45] [INFO ] X server on display 10 (pid 15414) returned exit code 0 and signal number 0
[20250409-15:34:45] [INFO ] xrdp channel server for display 10 (pid 15424) exit code 0 and signal number 0
[20250409-15:34:45] [INFO ] cleanup_sockets:
[20250409-15:34:45] [INFO ] ++ terminated session:  username shima, display :10.0, session_pid 15410, ip ::ffff:122.218.16.30:50254 - socket: 11
[20250409-15:43:51] [INFO ] Socket 7: AF_INET6 connection received from ::1 port 49816
[20250409-15:43:51] [INFO ] Terminal Server Users group is disabled, allowing authentication
[20250409-15:43:51] [INFO ] ++ created session (access granted): username j20138, ip ::ffff:122.218.16.30:50331 - socket: 11
[20250409-15:43:51] [INFO ] starting Xorg session...
[20250409-15:43:51] [INFO ] Starting session: session_pid 16351, display :10.0, width 1280, height 1024, bpp 24, client ip ::ffff:122.218.16.30:50331 - socket: 11, user name j20138
[20250409-15:43:51] [INFO ] [session start] (display 10): calling auth_start_session from pid 16351
[20250409-15:43:51] [ERROR] sesman_data_in: scp_process_msg failed
[20250409-15:43:51] [ERROR] sesman_main_loop: trans_check_wait_objs failed, removing trans
[20250409-15:43:51] [INFO ] Starting X server on display 10: /usr/lib/xorg/Xorg :10 -auth .Xauthority -config xrdp/xorg.conf -noreset -nolisten tcp -logfile .xorgxrdp.%s.log  
[20250409-15:43:52] [INFO ] Found X server running at /tmp/.X11-unix/X10
[20250409-15:43:52] [INFO ] Found X server running at /tmp/.X11-unix/X10
[20250409-15:43:52] [INFO ] Found X server running at /tmp/.X11-unix/X10
[20250409-15:43:52] [INFO ] Session started successfully for user j20138 on display 10
[20250409-15:43:52] [INFO ] Starting the xrdp channel server for display 10
[20250409-15:43:52] [INFO ] Starting the default window manager on display 10: /etc/xrdp/startwm.sh
[20250409-15:43:52] [INFO ] Session in progress on display 10, waiting until the window manager (pid 16354) exits to end the session
[20250409-15:44:02] [INFO ] Calling auth_stop_session and auth_end from pid 16351
[20250409-15:44:02] [INFO ] Terminating X server (pid 16355) on display 10
[20250409-15:44:02] [INFO ] Terminating the xrdp channel server (pid 16365) on display 10
[20250409-15:44:02] [INFO ] X server on display 10 (pid 16355) returned exit code 0 and signal number 0
[20250409-15:44:02] [INFO ] xrdp channel server for display 10 (pid 16365) exit code 0 and signal number 0
[20250409-15:44:02] [INFO ] cleanup_sockets:
[20250409-15:44:02] [INFO ] ++ terminated session:  username j20138, display :10.0, session_pid 16351, ip ::ffff:122.218.16.30:50331 - socket: 11
[20250409-15:45:25] [INFO ] Socket 7: AF_INET6 connection received from ::1 port 51816
[20250409-15:45:25] [INFO ] Terminal Server Users group is disabled, allowing authentication
[20250409-15:45:25] [INFO ] ++ created session (access granted): username j20138, ip ::ffff:122.218.16.30:50346 - socket: 11
[20250409-15:45:25] [INFO ] starting Xorg session...
[20250409-15:45:25] [INFO ] Starting session: session_pid 17265, display :10.0, width 1280, height 1024, bpp 24, client ip ::ffff:122.218.16.30:50346 - socket: 11, user name j20138
[20250409-15:45:25] [INFO ] [session start] (display 10): calling auth_start_session from pid 17265
[20250409-15:45:25] [ERROR] sesman_data_in: scp_process_msg failed
[20250409-15:45:25] [INFO ] Starting X server on display 10: /usr/lib/xorg/Xorg :10 -auth .Xauthority -config xrdp/xorg.conf -noreset -nolisten tcp -logfile .xorgxrdp.%s.log  
[20250409-15:45:25] [ERROR] sesman_main_loop: trans_check_wait_objs failed, removing trans
[20250409-15:45:25] [INFO ] Found X server running at /tmp/.X11-unix/X10
[20250409-15:45:25] [INFO ] Found X server running at /tmp/.X11-unix/X10
[20250409-15:45:25] [INFO ] Session started successfully for user j20138 on display 10
[20250409-15:45:25] [INFO ] Starting the xrdp channel server for display 10
[20250409-15:45:25] [INFO ] Found X server running at /tmp/.X11-unix/X10
[20250409-15:45:25] [INFO ] Session in progress on display 10, waiting until the window manager (pid 17268) exits to end the session
[20250409-15:45:25] [INFO ] Starting the default window manager on display 10: /etc/xrdp/startwm.sh
[20250409-15:45:35] [INFO ] Socket 7: AF_INET6 connection received from ::1 port 58262
[20250409-15:45:37] [ERROR] pam_authenticate failed: Authentication failure
[20250409-15:45:37] [INFO ] Username or password error for user: shima
[20250409-15:45:37] [ERROR] sesman_data_in: scp_process_msg failed
[20250409-15:45:37] [ERROR] sesman_main_loop: trans_check_wait_objs failed, removing trans
[20250409-15:45:44] [INFO ] Socket 7: AF_INET6 connection received from ::1 port 35558
[20250409-15:45:44] [INFO ] Terminal Server Users group is disabled, allowing authentication
[20250409-15:45:44] [INFO ] ++ created session (access granted): username shima, ip ::ffff:165.242.90.48:55101 - socket: 11
[20250409-15:45:44] [INFO ] starting Xorg session...
[20250409-15:45:45] [INFO ] Starting session: session_pid 18095, display :11.0, width 1280, height 1024, bpp 24, client ip ::ffff:165.242.90.48:55101 - socket: 11, user name shima
[20250409-15:45:45] [INFO ] [session start] (display 11): calling auth_start_session from pid 18095
[20250409-15:45:45] [ERROR] sesman_data_in: scp_process_msg failed
[20250409-15:45:45] [INFO ] Starting X server on display 11: /usr/lib/xorg/Xorg :11 -auth .Xauthority -config xrdp/xorg.conf -noreset -nolisten tcp -logfile .xorgxrdp.%s.log  
[20250409-15:45:45] [ERROR] sesman_main_loop: trans_check_wait_objs failed, removing trans
[20250409-15:45:45] [INFO ] Found X server running at /tmp/.X11-unix/X11
[20250409-15:45:45] [INFO ] Found X server running at /tmp/.X11-unix/X11
[20250409-15:45:45] [INFO ] Session started successfully for user shima on display 11
[20250409-15:45:45] [INFO ] Starting the xrdp channel server for display 11
[20250409-15:45:45] [INFO ] Found X server running at /tmp/.X11-unix/X11
[20250409-15:45:45] [INFO ] Session in progress on display 11, waiting until the window manager (pid 18098) exits to end the session
[20250409-15:45:45] [INFO ] Starting the default window manager on display 11: /etc/xrdp/startwm.sh
[20250409-15:45:56] [INFO ] Calling auth_stop_session and auth_end from pid 17265
[20250409-15:45:56] [INFO ] Terminating X server (pid 17269) on display 10
[20250409-15:45:56] [INFO ] Terminating the xrdp channel server (pid 17279) on display 10
[20250409-15:45:56] [INFO ] X server on display 10 (pid 17269) returned exit code 0 and signal number 0
[20250409-15:45:56] [INFO ] xrdp channel server for display 10 (pid 17279) exit code 0 and signal number 0
[20250409-15:45:56] [INFO ] cleanup_sockets:
[20250409-15:45:56] [INFO ] ++ terminated session:  username j20138, display :10.0, session_pid 17265, ip ::ffff:122.218.16.30:50346 - socket: 11
[20250409-15:46:15] [INFO ] Socket 7: AF_INET6 connection received from ::1 port 52656
[20250409-15:46:15] [INFO ] Terminal Server Users group is disabled, allowing authentication
[20250409-15:46:15] [INFO ] ++ created session (access granted): username j20138, ip ::ffff:122.218.16.30:50352 - socket: 11
[20250409-15:46:15] [INFO ] starting Xorg session...
[20250409-15:46:15] [INFO ] Starting session: session_pid 18986, display :10.0, width 1280, height 1024, bpp 24, client ip ::ffff:122.218.16.30:50352 - socket: 11, user name j20138
[20250409-15:46:15] [INFO ] [session start] (display 10): calling auth_start_session from pid 18986
[20250409-15:46:15] [ERROR] sesman_data_in: scp_process_msg failed
[20250409-15:46:15] [INFO ] Starting X server on display 10: /usr/lib/xorg/Xorg :10 -auth .Xauthority -config xrdp/xorg.conf -noreset -nolisten tcp -logfile .xorgxrdp.%s.log  
[20250409-15:46:16] [ERROR] sesman_main_loop: trans_check_wait_objs failed, removing trans
[20250409-15:46:16] [INFO ] Found X server running at /tmp/.X11-unix/X10
[20250409-15:46:16] [INFO ] Found X server running at /tmp/.X11-unix/X10
[20250409-15:46:16] [INFO ] Session started successfully for user j20138 on display 10
[20250409-15:46:16] [INFO ] Starting the xrdp channel server for display 10
[20250409-15:46:16] [INFO ] Found X server running at /tmp/.X11-unix/X10
[20250409-15:46:16] [INFO ] Session in progress on display 10, waiting until the window manager (pid 18989) exits to end the session
[20250409-15:46:16] [INFO ] Starting the default window manager on display 10: /etc/xrdp/startwm.sh
[20250409-15:49:01] [INFO ] Calling auth_stop_session and auth_end from pid 18095
[20250409-15:49:01] [INFO ] Terminating X server (pid 18099) on display 11
[20250409-15:49:01] [INFO ] Terminating the xrdp channel server (pid 18109) on display 11
[20250409-15:49:01] [INFO ] X server on display 11 (pid 18099) returned exit code 0 and signal number 0
[20250409-15:49:01] [INFO ] xrdp channel server for display 11 (pid 18109) exit code 0 and signal number 0
[20250409-15:49:01] [INFO ] cleanup_sockets:
[20250409-15:49:01] [INFO ] ++ terminated session:  username shima, display :11.0, session_pid 18095, ip ::ffff:165.242.90.48:55101 - socket: 11
[20250409-15:49:20] [INFO ] Socket 7: AF_INET6 connection received from ::1 port 49902
[20250409-15:49:22] [ERROR] pam_authenticate failed: Authentication failure
[20250409-15:49:22] [INFO ] Username or password error for user: shima
[20250409-15:49:22] [ERROR] sesman_data_in: scp_process_msg failed
[20250409-15:49:22] [ERROR] sesman_main_loop: trans_check_wait_objs failed, removing trans
[20250409-15:49:30] [INFO ] Socket 7: AF_INET6 connection received from ::1 port 56102
[20250409-15:49:30] [INFO ] Terminal Server Users group is disabled, allowing authentication
[20250409-15:49:30] [INFO ] ++ created session (access granted): username shima, ip ::ffff:210.137.32.246:64715 - socket: 11
[20250409-15:49:30] [INFO ] starting Xorg session...
[20250409-15:49:30] [INFO ] Starting session: session_pid 19922, display :11.0, width 1280, height 1024, bpp 24, client ip ::ffff:210.137.32.246:64715 - socket: 11, user name shima
[20250409-15:49:30] [INFO ] [session start] (display 11): calling auth_start_session from pid 19922
[20250409-15:49:30] [ERROR] sesman_data_in: scp_process_msg failed
[20250409-15:49:30] [INFO ] Starting X server on display 11: /usr/lib/xorg/Xorg :11 -auth .Xauthority -config xrdp/xorg.conf -noreset -nolisten tcp -logfile .xorgxrdp.%s.log  
[20250409-15:49:30] [ERROR] sesman_main_loop: trans_check_wait_objs failed, removing trans
[20250409-15:49:31] [INFO ] Found X server running at /tmp/.X11-unix/X11
[20250409-15:49:31] [INFO ] Found X server running at /tmp/.X11-unix/X11
[20250409-15:49:31] [INFO ] Found X server running at /tmp/.X11-unix/X11
[20250409-15:49:31] [INFO ] Session started successfully for user shima on display 11
[20250409-15:49:31] [INFO ] Starting the xrdp channel server for display 11
[20250409-15:49:31] [INFO ] Starting the default window manager on display 11: /etc/xrdp/startwm.sh
[20250409-15:49:31] [INFO ] Session in progress on display 11, waiting until the window manager (pid 19925) exits to end the session
[20250409-15:49:44] [INFO ] Calling auth_stop_session and auth_end from pid 19922
[20250409-15:49:44] [INFO ] Terminating X server (pid 19926) on display 11
[20250409-15:49:44] [INFO ] Terminating the xrdp channel server (pid 19936) on display 11
[20250409-15:49:44] [INFO ] X server on display 11 (pid 19926) returned exit code 0 and signal number 0
[20250409-15:49:44] [INFO ] xrdp channel server for display 11 (pid 19936) exit code 0 and signal number 0
[20250409-15:49:44] [INFO ] cleanup_sockets:
[20250409-15:49:44] [INFO ] ++ terminated session:  username shima, display :11.0, session_pid 19922, ip ::ffff:210.137.32.246:64715 - socket: 11
[20250409-15:49:57] [INFO ] Calling auth_stop_session and auth_end from pid 18986
[20250409-15:49:57] [INFO ] Terminating X server (pid 18990) on display 10
[20250409-15:49:57] [INFO ] Terminating the xrdp channel server (pid 19000) on display 10
[20250409-15:49:57] [INFO ] X server on display 10 (pid 18990) returned exit code 0 and signal number 0
[20250409-15:49:57] [INFO ] xrdp channel server for display 10 (pid 19000) exit code 0 and signal number 0
[20250409-15:49:57] [INFO ] cleanup_sockets:
[20250409-15:49:57] [INFO ] ++ terminated session:  username j20138, display :10.0, session_pid 18986, ip ::ffff:122.218.16.30:50352 - socket: 11
[20250409-16:14:07] [INFO ] Socket 7: AF_INET6 connection received from ::1 port 59786
[20250409-16:14:09] [ERROR] pam_authenticate failed: Authentication failure
[20250409-16:14:09] [INFO ] Username or password error for user: shima
[20250409-16:14:09] [ERROR] sesman_data_in: scp_process_msg failed
[20250409-16:14:09] [ERROR] sesman_main_loop: trans_check_wait_objs failed, removing trans
[20250409-16:14:16] [INFO ] Socket 7: AF_INET6 connection received from ::1 port 45882
[20250409-16:14:16] [INFO ] Terminal Server Users group is disabled, allowing authentication
[20250409-16:14:16] [INFO ] ++ created session (access granted): username shima, ip ::ffff:122.218.16.30:50458 - socket: 11
[20250409-16:14:16] [INFO ] starting Xorg session...
[20250409-16:14:16] [INFO ] Starting session: session_pid 20906, display :10.0, width 1280, height 1024, bpp 24, client ip ::ffff:122.218.16.30:50458 - socket: 11, user name shima
[20250409-16:14:16] [INFO ] [session start] (display 10): calling auth_start_session from pid 20906
[20250409-16:14:16] [ERROR] sesman_data_in: scp_process_msg failed
[20250409-16:14:16] [INFO ] Starting X server on display 10: /usr/lib/xorg/Xorg :10 -auth .Xauthority -config xrdp/xorg.conf -noreset -nolisten tcp -logfile .xorgxrdp.%s.log  
[20250409-16:14:16] [ERROR] sesman_main_loop: trans_check_wait_objs failed, removing trans
[20250409-16:14:17] [INFO ] Found X server running at /tmp/.X11-unix/X10
[20250409-16:14:17] [INFO ] Found X server running at /tmp/.X11-unix/X10
[20250409-16:14:17] [INFO ] Session started successfully for user shima on display 10
[20250409-16:14:17] [INFO ] Starting the xrdp channel server for display 10
[20250409-16:14:17] [INFO ] Found X server running at /tmp/.X11-unix/X10
[20250409-16:14:17] [INFO ] Session in progress on display 10, waiting until the window manager (pid 20909) exits to end the session
[20250409-16:14:17] [INFO ] Starting the default window manager on display 10: /etc/xrdp/startwm.sh
[20250409-16:14:25] [WARN ] Window manager (pid 20909, display 10) exited quickly (8 secs). This could indicate a window manager config problem
[20250409-16:14:25] [INFO ] Calling auth_stop_session and auth_end from pid 20906
[20250409-16:14:25] [INFO ] Terminating X server (pid 20910) on display 10
[20250409-16:14:25] [INFO ] Terminating the xrdp channel server (pid 20920) on display 10
[20250409-16:14:25] [INFO ] X server on display 10 (pid 20910) returned exit code 0 and signal number 0
[20250409-16:14:25] [INFO ] xrdp channel server for display 10 (pid 20920) exit code 0 and signal number 0
[20250409-16:14:25] [INFO ] cleanup_sockets:
[20250409-16:14:25] [INFO ] ++ terminated session:  username shima, display :10.0, session_pid 20906, ip ::ffff:122.218.16.30:50458 - socket: 11
[20250409-16:31:20] [INFO ] Socket 7: AF_INET6 connection received from ::1 port 34812
[20250409-16:31:20] [INFO ] Terminal Server Users group is disabled, allowing authentication
[20250409-16:31:20] [INFO ] ++ created session (access granted): username shima, ip ::ffff:122.218.16.30:50533 - socket: 11
[20250409-16:31:20] [INFO ] starting Xorg session...
[20250409-16:31:20] [INFO ] Starting session: session_pid 21803, display :10.0, width 1280, height 1024, bpp 24, client ip ::ffff:122.218.16.30:50533 - socket: 11, user name shima
[20250409-16:31:20] [INFO ] [session start] (display 10): calling auth_start_session from pid 21803
[20250409-16:31:20] [ERROR] sesman_data_in: scp_process_msg failed
[20250409-16:31:20] [INFO ] Starting X server on display 10: /usr/lib/xorg/Xorg :10 -auth .Xauthority -config xrdp/xorg.conf -noreset -nolisten tcp -logfile .xorgxrdp.%s.log  
[20250409-16:31:20] [ERROR] sesman_main_loop: trans_check_wait_objs failed, removing trans
[20250409-16:31:20] [INFO ] Found X server running at /tmp/.X11-unix/X10
[20250409-16:31:20] [INFO ] Found X server running at /tmp/.X11-unix/X10
[20250409-16:31:20] [INFO ] Session started successfully for user shima on display 10
[20250409-16:31:20] [INFO ] Starting the xrdp channel server for display 10
[20250409-16:31:20] [INFO ] Found X server running at /tmp/.X11-unix/X10
[20250409-16:31:20] [INFO ] Session in progress on display 10, waiting until the window manager (pid 21806) exits to end the session
[20250409-16:31:20] [INFO ] Starting the default window manager on display 10: /etc/xrdp/startwm.sh
[20250409-16:37:15] [INFO ] Socket 7: AF_INET6 connection received from ::1 port 50836
[20250409-16:37:15] [INFO ] ++ reconnected session: username shima, display :10.0, session_pid 21803, ip ::ffff:122.218.16.30:52790 - socket: 11
[20250409-16:37:15] [ERROR] sesman_data_in: scp_process_msg failed
[20250409-16:37:15] [INFO ] Starting session reconnection script on display 10: /etc/xrdp/reconnectwm.sh
[20250409-16:37:15] [ERROR] sesman_main_loop: trans_check_wait_objs failed, removing trans
[20250409-16:40:18] [INFO ] Calling auth_stop_session and auth_end from pid 21803
[20250409-16:40:18] [INFO ] Terminating X server (pid 21807) on display 10
[20250409-16:40:18] [INFO ] Terminating the xrdp channel server (pid 21817) on display 10
[20250409-16:40:18] [INFO ] X server on display 10 (pid 21807) returned exit code 0 and signal number 0
[20250409-16:40:18] [INFO ] xrdp channel server for display 10 (pid 21817) exit code 0 and signal number 0
[20250409-16:40:18] [INFO ] cleanup_sockets:
[20250409-16:40:18] [INFO ] ++ terminated session:  username shima, display :10.0, session_pid 21803, ip ::ffff:122.218.16.30:50533 - socket: 11
[20250409-16:42:49] [INFO ] Socket 7: AF_INET6 connection received from ::1 port 52260
[20250409-16:42:49] [INFO ] Terminal Server Users group is disabled, allowing authentication
[20250409-16:42:49] [INFO ] ++ created session (access granted): username shima, ip ::ffff:210.137.32.246:35762 - socket: 11
[20250409-16:42:50] [INFO ] starting Xorg session...
[20250409-16:42:50] [INFO ] Starting session: session_pid 22764, display :10.0, width 2560, height 1600, bpp 24, client ip ::ffff:210.137.32.246:35762 - socket: 11, user name shima
[20250409-16:42:50] [INFO ] [session start] (display 10): calling auth_start_session from pid 22764
[20250409-16:42:50] [ERROR] sesman_data_in: scp_process_msg failed
[20250409-16:42:50] [INFO ] Starting X server on display 10: /usr/lib/xorg/Xorg :10 -auth .Xauthority -config xrdp/xorg.conf -noreset -nolisten tcp -logfile .xorgxrdp.%s.log  
[20250409-16:42:50] [ERROR] sesman_main_loop: trans_check_wait_objs failed, removing trans
[20250409-16:42:50] [INFO ] Found X server running at /tmp/.X11-unix/X10
[20250409-16:42:50] [INFO ] Found X server running at /tmp/.X11-unix/X10
[20250409-16:42:50] [INFO ] Session started successfully for user shima on display 10
[20250409-16:42:50] [INFO ] Starting the xrdp channel server for display 10
[20250409-16:42:50] [INFO ] Found X server running at /tmp/.X11-unix/X10
[20250409-16:42:50] [INFO ] Session in progress on display 10, waiting until the window manager (pid 22767) exits to end the session
[20250409-16:42:50] [INFO ] Starting the default window manager on display 10: /etc/xrdp/startwm.sh
[20250409-16:42:57] [WARN ] Window manager (pid 22767, display 10) exited quickly (7 secs). This could indicate a window manager config problem
[20250409-16:42:57] [INFO ] Calling auth_stop_session and auth_end from pid 22764
[20250409-16:42:57] [INFO ] Terminating X server (pid 22768) on display 10
[20250409-16:42:57] [INFO ] Terminating the xrdp channel server (pid 22778) on display 10
[20250409-16:42:57] [INFO ] X server on display 10 (pid 22768) returned exit code 0 and signal number 0
[20250409-16:42:57] [INFO ] xrdp channel server for display 10 (pid 22778) exit code 0 and signal number 0
[20250409-16:42:57] [INFO ] cleanup_sockets:
[20250409-16:42:57] [INFO ] ++ terminated session:  username shima, display :10.0, session_pid 22764, ip ::ffff:210.137.32.246:35762 - socket: 11
[20250409-16:43:52] [INFO ] Socket 7: AF_INET6 connection received from ::1 port 50876
[20250409-16:43:54] [ERROR] pam_authenticate failed: Authentication failure
[20250409-16:43:54] [INFO ] Username or password error for user: shima
[20250409-16:43:54] [ERROR] sesman_data_in: scp_process_msg failed
[20250409-16:43:54] [ERROR] sesman_main_loop: trans_check_wait_objs failed, removing trans
[20250409-16:44:20] [INFO ] Socket 7: AF_INET6 connection received from ::1 port 56104
[20250409-16:44:20] [INFO ] Terminal Server Users group is disabled, allowing authentication
[20250409-16:44:20] [INFO ] ++ created session (access granted): username shima, ip ::ffff:122.218.16.30:50602 - socket: 11
[20250409-16:44:20] [INFO ] starting Xorg session...
[20250409-16:44:20] [INFO ] Starting session: session_pid 23641, display :10.0, width 1280, height 1024, bpp 24, client ip ::ffff:122.218.16.30:50602 - socket: 11, user name shima
[20250409-16:44:20] [INFO ] [session start] (display 10): calling auth_start_session from pid 23641
[20250409-16:44:20] [ERROR] sesman_data_in: scp_process_msg failed
[20250409-16:44:20] [ERROR] sesman_main_loop: trans_check_wait_objs failed, removing trans
[20250409-16:44:20] [INFO ] Starting X server on display 10: /usr/lib/xorg/Xorg :10 -auth .Xauthority -config xrdp/xorg.conf -noreset -nolisten tcp -logfile .xorgxrdp.%s.log  
[20250409-16:44:20] [INFO ] Found X server running at /tmp/.X11-unix/X10
[20250409-16:44:20] [INFO ] Found X server running at /tmp/.X11-unix/X10
[20250409-16:44:20] [INFO ] Found X server running at /tmp/.X11-unix/X10
[20250409-16:44:20] [INFO ] Session started successfully for user shima on display 10
[20250409-16:44:20] [INFO ] Starting the xrdp channel server for display 10
[20250409-16:44:20] [INFO ] Starting the default window manager on display 10: /etc/xrdp/startwm.sh
[20250409-16:44:20] [INFO ] Session in progress on display 10, waiting until the window manager (pid 23644) exits to end the session
[20250409-16:44:28] [WARN ] Window manager (pid 23644, display 10) exited quickly (8 secs). This could indicate a window manager config problem
[20250409-16:44:28] [INFO ] Calling auth_stop_session and auth_end from pid 23641
[20250409-16:44:28] [INFO ] Terminating X server (pid 23645) on display 10
[20250409-16:44:28] [INFO ] Terminating the xrdp channel server (pid 23655) on display 10
[20250409-16:44:28] [INFO ] X server on display 10 (pid 23645) returned exit code 0 and signal number 0
[20250409-16:44:28] [INFO ] xrdp channel server for display 10 (pid 23655) exit code 0 and signal number 0
[20250409-16:44:28] [INFO ] cleanup_sockets:
[20250409-16:44:28] [INFO ] ++ terminated session:  username shima, display :10.0, session_pid 23641, ip ::ffff:122.218.16.30:50602 - socket: 11
[20250409-16:49:41] [INFO ] Socket 7: AF_INET6 connection received from ::1 port 41634
[20250409-16:49:41] [INFO ] Terminal Server Users group is disabled, allowing authentication
[20250409-16:49:41] [INFO ] ++ created session (access granted): username shima, ip ::ffff:210.137.32.246:11958 - socket: 11
[20250409-16:49:41] [INFO ] starting Xorg session...
[20250409-16:49:41] [INFO ] Starting session: session_pid 24526, display :10.0, width 2560, height 1600, bpp 24, client ip ::ffff:210.137.32.246:11958 - socket: 11, user name shima
[20250409-16:49:41] [INFO ] [session start] (display 10): calling auth_start_session from pid 24526
[20250409-16:49:41] [ERROR] sesman_data_in: scp_process_msg failed
[20250409-16:49:41] [INFO ] Starting X server on display 10: /usr/lib/xorg/Xorg :10 -auth .Xauthority -config xrdp/xorg.conf -noreset -nolisten tcp -logfile .xorgxrdp.%s.log  
[20250409-16:49:41] [ERROR] sesman_main_loop: trans_check_wait_objs failed, removing trans
[20250409-16:49:41] [INFO ] Found X server running at /tmp/.X11-unix/X10
[20250409-16:49:41] [INFO ] Found X server running at /tmp/.X11-unix/X10
[20250409-16:49:41] [INFO ] Session started successfully for user shima on display 10
[20250409-16:49:41] [INFO ] Starting the xrdp channel server for display 10
[20250409-16:49:41] [INFO ] Found X server running at /tmp/.X11-unix/X10
[20250409-16:49:41] [INFO ] Session in progress on display 10, waiting until the window manager (pid 24529) exits to end the session
[20250409-16:49:41] [INFO ] Starting the default window manager on display 10: /etc/xrdp/startwm.sh
[20250409-16:49:51] [INFO ] Calling auth_stop_session and auth_end from pid 24526
[20250409-16:49:51] [INFO ] Terminating X server (pid 24530) on display 10
[20250409-16:49:51] [INFO ] Terminating the xrdp channel server (pid 24540) on display 10
[20250409-16:49:51] [INFO ] X server on display 10 (pid 24530) returned exit code 0 and signal number 0
[20250409-16:49:51] [INFO ] xrdp channel server for display 10 (pid 24540) exit code 0 and signal number 0
[20250409-16:49:51] [INFO ] cleanup_sockets:
[20250409-16:49:51] [INFO ] ++ terminated session:  username shima, display :10.0, session_pid 24526, ip ::ffff:210.137.32.246:11958 - socket: 11
[20250409-16:50:14] [INFO ] Socket 7: AF_INET6 connection received from ::1 port 53474
[20250409-16:50:14] [INFO ] Terminal Server Users group is disabled, allowing authentication
[20250409-16:50:14] [INFO ] ++ created session (access granted): username shima, ip ::ffff:210.137.32.246:37947 - socket: 11
[20250409-16:50:14] [INFO ] starting Xorg session...
[20250409-16:50:14] [INFO ] Starting session: session_pid 25406, display :10.0, width 1280, height 1024, bpp 24, client ip ::ffff:210.137.32.246:37947 - socket: 11, user name shima
[20250409-16:50:14] [INFO ] [session start] (display 10): calling auth_start_session from pid 25406
[20250409-16:50:15] [ERROR] sesman_data_in: scp_process_msg failed
[20250409-16:50:15] [ERROR] sesman_main_loop: trans_check_wait_objs failed, removing trans
[20250409-16:50:15] [INFO ] Starting X server on display 10: /usr/lib/xorg/Xorg :10 -auth .Xauthority -config xrdp/xorg.conf -noreset -nolisten tcp -logfile .xorgxrdp.%s.log  
[20250409-16:50:15] [INFO ] Found X server running at /tmp/.X11-unix/X10
[20250409-16:50:15] [INFO ] Found X server running at /tmp/.X11-unix/X10
[20250409-16:50:15] [INFO ] Session started successfully for user shima on display 10
[20250409-16:50:15] [INFO ] Starting the xrdp channel server for display 10
[20250409-16:50:15] [INFO ] Found X server running at /tmp/.X11-unix/X10
[20250409-16:50:15] [INFO ] Session in progress on display 10, waiting until the window manager (pid 25409) exits to end the session
[20250409-16:50:15] [INFO ] Starting the default window manager on display 10: /etc/xrdp/startwm.sh
[20250409-16:50:29] [INFO ] Calling auth_stop_session and auth_end from pid 25406
[20250409-16:50:29] [INFO ] Terminating X server (pid 25410) on display 10
[20250409-16:50:29] [INFO ] Terminating the xrdp channel server (pid 25420) on display 10
[20250409-16:50:29] [INFO ] X server on display 10 (pid 25410) returned exit code 0 and signal number 0
[20250409-16:50:29] [INFO ] xrdp channel server for display 10 (pid 25420) exit code 0 and signal number 0
[20250409-16:50:29] [INFO ] cleanup_sockets:
[20250409-16:50:29] [INFO ] ++ terminated session:  username shima, display :10.0, session_pid 25406, ip ::ffff:210.137.32.246:37947 - socket: 11
[20250409-16:51:58] [INFO ] Socket 7: AF_INET6 connection received from ::1 port 59428
[20250409-16:52:01] [ERROR] pam_authenticate failed: Authentication failure
[20250409-16:52:01] [INFO ] Username or password error for user: shima
[20250409-16:52:01] [ERROR] sesman_data_in: scp_process_msg failed
[20250409-16:52:01] [ERROR] sesman_main_loop: trans_check_wait_objs failed, removing trans
[20250409-16:52:29] [INFO ] Socket 7: AF_INET6 connection received from ::1 port 33476
[20250409-16:52:29] [INFO ] Terminal Server Users group is disabled, allowing authentication
[20250409-16:52:29] [INFO ] ++ created session (access granted): username shima, ip ::ffff:122.218.16.30:50628 - socket: 11
[20250409-16:52:29] [INFO ] starting Xorg session...
[20250409-16:52:29] [INFO ] Starting session: session_pid 26356, display :10.0, width 1280, height 1024, bpp 24, client ip ::ffff:122.218.16.30:50628 - socket: 11, user name shima
[20250409-16:52:29] [INFO ] [session start] (display 10): calling auth_start_session from pid 26356
[20250409-16:52:29] [ERROR] sesman_data_in: scp_process_msg failed
[20250409-16:52:29] [INFO ] Starting X server on display 10: /usr/lib/xorg/Xorg :10 -auth .Xauthority -config xrdp/xorg.conf -noreset -nolisten tcp -logfile .xorgxrdp.%s.log  
[20250409-16:52:29] [ERROR] sesman_main_loop: trans_check_wait_objs failed, removing trans
[20250409-16:52:29] [INFO ] Found X server running at /tmp/.X11-unix/X10
[20250409-16:52:29] [INFO ] Found X server running at /tmp/.X11-unix/X10
[20250409-16:52:29] [INFO ] Session started successfully for user shima on display 10
[20250409-16:52:29] [INFO ] Starting the xrdp channel server for display 10
[20250409-16:52:29] [INFO ] Found X server running at /tmp/.X11-unix/X10
[20250409-16:52:29] [INFO ] Session in progress on display 10, waiting until the window manager (pid 26359) exits to end the session
[20250409-16:52:29] [INFO ] Starting the default window manager on display 10: /etc/xrdp/startwm.sh
[20250409-16:52:36] [WARN ] Window manager (pid 26359, display 10) exited quickly (7 secs). This could indicate a window manager config problem
[20250409-16:52:36] [INFO ] Calling auth_stop_session and auth_end from pid 26356
[20250409-16:52:36] [INFO ] Terminating X server (pid 26360) on display 10
[20250409-16:52:36] [INFO ] Terminating the xrdp channel server (pid 26370) on display 10
[20250409-16:52:36] [INFO ] X server on display 10 (pid 26360) returned exit code 0 and signal number 0
[20250409-16:52:36] [INFO ] xrdp channel server for display 10 (pid 26370) exit code 0 and signal number 0
[20250409-16:52:36] [INFO ] cleanup_sockets:
[20250409-16:52:36] [INFO ] ++ terminated session:  username shima, display :10.0, session_pid 26356, ip ::ffff:122.218.16.30:50628 - socket: 11
[20250409-16:54:04] [INFO ] Socket 7: AF_INET6 connection received from ::1 port 40904
[20250409-16:54:06] [ERROR] pam_authenticate failed: Authentication failure
[20250409-16:54:06] [INFO ] Username or password error for user: shima
[20250409-16:54:06] [ERROR] sesman_data_in: scp_process_msg failed
[20250409-16:54:07] [ERROR] sesman_main_loop: trans_check_wait_objs failed, removing trans
[20250409-16:55:55] [INFO ] Socket 7: AF_INET6 connection received from ::1 port 39768
[20250409-16:55:56] [INFO ] Terminal Server Users group is disabled, allowing authentication
[20250409-16:55:56] [INFO ] ++ created session (access granted): username shima, ip ::ffff:122.218.16.30:50639 - socket: 11
[20250409-16:55:56] [INFO ] starting Xorg session...
[20250409-16:55:56] [INFO ] Starting session: session_pid 27235, display :10.0, width 1280, height 1024, bpp 24, client ip ::ffff:122.218.16.30:50639 - socket: 11, user name shima
[20250409-16:55:56] [INFO ] [session start] (display 10): calling auth_start_session from pid 27235
[20250409-16:55:56] [ERROR] sesman_data_in: scp_process_msg failed
[20250409-16:55:56] [INFO ] Starting X server on display 10: /usr/lib/xorg/Xorg :10 -auth .Xauthority -config xrdp/xorg.conf -noreset -nolisten tcp -logfile .xorgxrdp.%s.log  
[20250409-16:55:56] [ERROR] sesman_main_loop: trans_check_wait_objs failed, removing trans
[20250409-16:55:56] [INFO ] Found X server running at /tmp/.X11-unix/X10
[20250409-16:55:56] [INFO ] Found X server running at /tmp/.X11-unix/X10
[20250409-16:55:56] [INFO ] Session started successfully for user shima on display 10
[20250409-16:55:56] [INFO ] Starting the xrdp channel server for display 10
[20250409-16:55:56] [INFO ] Found X server running at /tmp/.X11-unix/X10
[20250409-16:55:56] [INFO ] Session in progress on display 10, waiting until the window manager (pid 27238) exits to end the session
[20250409-16:55:56] [INFO ] Starting the default window manager on display 10: /etc/xrdp/startwm.sh
[20250409-16:56:04] [WARN ] Window manager (pid 27238, display 10) exited quickly (8 secs). This could indicate a window manager config problem
[20250409-16:56:04] [INFO ] Calling auth_stop_session and auth_end from pid 27235
[20250409-16:56:04] [INFO ] Terminating X server (pid 27239) on display 10
[20250409-16:56:04] [INFO ] Terminating the xrdp channel server (pid 27249) on display 10
[20250409-16:56:04] [INFO ] X server on display 10 (pid 27239) returned exit code 0 and signal number 0
[20250409-16:56:04] [INFO ] xrdp channel server for display 10 (pid 27249) exit code 0 and signal number 0
[20250409-16:56:04] [INFO ] cleanup_sockets:
[20250409-16:56:04] [INFO ] ++ terminated session:  username shima, display :10.0, session_pid 27235, ip ::ffff:122.218.16.30:50639 - socket: 11
[20250409-16:59:29] [INFO ] Socket 7: AF_INET6 connection received from ::1 port 34334
[20250409-16:59:30] [INFO ] Terminal Server Users group is disabled, allowing authentication
[20250409-16:59:30] [INFO ] ++ created session (access granted): username shima, ip ::ffff:122.218.16.30:50753 - socket: 11
[20250409-16:59:30] [INFO ] starting Xorg session...
[20250409-16:59:30] [INFO ] Starting session: session_pid 28123, display :10.0, width 1280, height 1024, bpp 24, client ip ::ffff:122.218.16.30:50753 - socket: 11, user name shima
[20250409-16:59:30] [INFO ] [session start] (display 10): calling auth_start_session from pid 28123
[20250409-16:59:30] [ERROR] sesman_data_in: scp_process_msg failed
[20250409-16:59:30] [INFO ] Starting X server on display 10: /usr/lib/xorg/Xorg :10 -auth .Xauthority -config xrdp/xorg.conf -noreset -nolisten tcp -logfile .xorgxrdp.%s.log  
[20250409-16:59:30] [ERROR] sesman_main_loop: trans_check_wait_objs failed, removing trans
[20250409-16:59:30] [INFO ] Found X server running at /tmp/.X11-unix/X10
[20250409-16:59:30] [INFO ] Found X server running at /tmp/.X11-unix/X10
[20250409-16:59:30] [INFO ] Found X server running at /tmp/.X11-unix/X10
[20250409-16:59:30] [INFO ] Session started successfully for user shima on display 10
[20250409-16:59:30] [INFO ] Starting the xrdp channel server for display 10
[20250409-16:59:30] [INFO ] Starting the default window manager on display 10: /etc/xrdp/startwm.sh
[20250409-16:59:30] [INFO ] Session in progress on display 10, waiting until the window manager (pid 28126) exits to end the session
[20250409-16:59:36] [WARN ] Window manager (pid 28126, display 10) exited quickly (6 secs). This could indicate a window manager config problem
[20250409-16:59:36] [INFO ] Calling auth_stop_session and auth_end from pid 28123
[20250409-16:59:36] [INFO ] Terminating X server (pid 28127) on display 10
[20250409-16:59:36] [INFO ] Terminating the xrdp channel server (pid 28137) on display 10
[20250409-16:59:36] [INFO ] X server on display 10 (pid 28127) returned exit code 0 and signal number 0
[20250409-16:59:36] [INFO ] xrdp channel server for display 10 (pid 28137) exit code 0 and signal number 0
[20250409-16:59:36] [INFO ] cleanup_sockets:
[20250409-16:59:37] [INFO ] ++ terminated session:  username shima, display :10.0, session_pid 28123, ip ::ffff:122.218.16.30:50753 - socket: 11
[20250409-17:00:58] [INFO ] Socket 7: AF_INET6 connection received from ::1 port 56408
[20250409-17:00:58] [INFO ] Terminal Server Users group is disabled, allowing authentication
[20250409-17:00:58] [INFO ] ++ created session (access granted): username shima, ip ::ffff:210.137.32.246:12505 - socket: 11
[20250409-17:00:58] [INFO ] starting Xorg session...
[20250409-17:00:58] [INFO ] Starting session: session_pid 28989, display :10.0, width 2560, height 1600, bpp 24, client ip ::ffff:210.137.32.246:12505 - socket: 11, user name shima
[20250409-17:00:58] [INFO ] [session start] (display 10): calling auth_start_session from pid 28989
[20250409-17:00:58] [ERROR] sesman_data_in: scp_process_msg failed
[20250409-17:00:58] [INFO ] Starting X server on display 10: /usr/lib/xorg/Xorg :10 -auth .Xauthority -config xrdp/xorg.conf -noreset -nolisten tcp -logfile .xorgxrdp.%s.log  
[20250409-17:00:58] [ERROR] sesman_main_loop: trans_check_wait_objs failed, removing trans
[20250409-17:00:58] [INFO ] Found X server running at /tmp/.X11-unix/X10
[20250409-17:00:58] [INFO ] Found X server running at /tmp/.X11-unix/X10
[20250409-17:00:58] [INFO ] Found X server running at /tmp/.X11-unix/X10
[20250409-17:00:58] [INFO ] Session started successfully for user shima on display 10
[20250409-17:00:58] [INFO ] Starting the xrdp channel server for display 10
[20250409-17:00:58] [INFO ] Starting the default window manager on display 10: /etc/xrdp/startwm.sh
[20250409-17:00:58] [INFO ] Session in progress on display 10, waiting until the window manager (pid 28992) exits to end the session
[20250409-17:01:06] [WARN ] Window manager (pid 28992, display 10) exited quickly (8 secs). This could indicate a window manager config problem
[20250409-17:01:06] [INFO ] Calling auth_stop_session and auth_end from pid 28989
[20250409-17:01:06] [INFO ] Terminating X server (pid 28993) on display 10
[20250409-17:01:06] [INFO ] Terminating the xrdp channel server (pid 29003) on display 10
[20250409-17:01:06] [INFO ] X server on display 10 (pid 28993) returned exit code 0 and signal number 0
[20250409-17:01:06] [INFO ] xrdp channel server for display 10 (pid 29003) exit code 0 and signal number 0
[20250409-17:01:06] [INFO ] cleanup_sockets:
[20250409-17:01:06] [INFO ] ++ terminated session:  username shima, display :10.0, session_pid 28989, ip ::ffff:210.137.32.246:12505 - socket: 11
[20250409-17:04:32] [INFO ] Socket 7: AF_INET6 connection received from ::1 port 45260
[20250409-17:04:32] [INFO ] Terminal Server Users group is disabled, allowing authentication
[20250409-17:04:32] [INFO ] ++ created session (access granted): username shima, ip ::ffff:122.218.16.30:50771 - socket: 11
[20250409-17:04:32] [INFO ] starting Xorg session...
[20250409-17:04:32] [INFO ] Starting session: session_pid 29863, display :10.0, width 1280, height 1024, bpp 24, client ip ::ffff:122.218.16.30:50771 - socket: 11, user name shima
[20250409-17:04:32] [INFO ] [session start] (display 10): calling auth_start_session from pid 29863
[20250409-17:04:32] [ERROR] sesman_data_in: scp_process_msg failed
[20250409-17:04:32] [INFO ] Starting X server on display 10: /usr/lib/xorg/Xorg :10 -auth .Xauthority -config xrdp/xorg.conf -noreset -nolisten tcp -logfile .xorgxrdp.%s.log  
[20250409-17:04:32] [ERROR] sesman_main_loop: trans_check_wait_objs failed, removing trans
[20250409-17:04:32] [INFO ] Found X server running at /tmp/.X11-unix/X10
[20250409-17:04:32] [INFO ] Found X server running at /tmp/.X11-unix/X10
[20250409-17:04:32] [INFO ] Found X server running at /tmp/.X11-unix/X10
[20250409-17:04:32] [INFO ] Session started successfully for user shima on display 10
[20250409-17:04:32] [INFO ] Starting the xrdp channel server for display 10
[20250409-17:04:32] [INFO ] Starting the default window manager on display 10: /etc/xrdp/startwm.sh
[20250409-17:04:32] [INFO ] Session in progress on display 10, waiting until the window manager (pid 29866) exits to end the session
[20250409-17:05:16] [INFO ] Calling auth_stop_session and auth_end from pid 29863
[20250409-17:05:16] [INFO ] Terminating X server (pid 29867) on display 10
[20250409-17:05:16] [INFO ] Terminating the xrdp channel server (pid 29877) on display 10
[20250409-17:05:16] [INFO ] X server on display 10 (pid 29867) returned exit code 0 and signal number 0
[20250409-17:05:16] [INFO ] xrdp channel server for display 10 (pid 29877) exit code 0 and signal number 0
[20250409-17:05:16] [INFO ] cleanup_sockets:
[20250409-17:05:16] [INFO ] ++ terminated session:  username shima, display :10.0, session_pid 29863, ip ::ffff:122.218.16.30:50771 - socket: 11
[20250409-17:06:33] [INFO ] Socket 7: AF_INET6 connection received from ::1 port 33842
[20250409-17:06:33] [INFO ] Terminal Server Users group is disabled, allowing authentication
[20250409-17:06:33] [INFO ] ++ created session (access granted): username shima, ip ::ffff:122.218.16.30:50782 - socket: 11
[20250409-17:06:33] [INFO ] starting Xorg session...
[20250409-17:06:33] [INFO ] Starting session: session_pid 30762, display :10.0, width 1280, height 1024, bpp 24, client ip ::ffff:122.218.16.30:50782 - socket: 11, user name shima
[20250409-17:06:33] [INFO ] [session start] (display 10): calling auth_start_session from pid 30762
[20250409-17:06:33] [ERROR] sesman_data_in: scp_process_msg failed
[20250409-17:06:33] [INFO ] Starting X server on display 10: /usr/lib/xorg/Xorg :10 -auth .Xauthority -config xrdp/xorg.conf -noreset -nolisten tcp -logfile .xorgxrdp.%s.log  
[20250409-17:06:33] [ERROR] sesman_main_loop: trans_check_wait_objs failed, removing trans
[20250409-17:06:34] [INFO ] Found X server running at /tmp/.X11-unix/X10
[20250409-17:06:34] [INFO ] Found X server running at /tmp/.X11-unix/X10
[20250409-17:06:34] [INFO ] Session started successfully for user shima on display 10
[20250409-17:06:34] [INFO ] Starting the xrdp channel server for display 10
[20250409-17:06:34] [INFO ] Found X server running at /tmp/.X11-unix/X10
[20250409-17:06:34] [INFO ] Session in progress on display 10, waiting until the window manager (pid 30765) exits to end the session
[20250409-17:06:34] [INFO ] Starting the default window manager on display 10: /etc/xrdp/startwm.sh
[20250409-17:06:42] [WARN ] Window manager (pid 30765, display 10) exited quickly (8 secs). This could indicate a window manager config problem
[20250409-17:06:42] [INFO ] Calling auth_stop_session and auth_end from pid 30762
[20250409-17:06:42] [INFO ] Terminating X server (pid 30766) on display 10
[20250409-17:06:42] [INFO ] Terminating the xrdp channel server (pid 30776) on display 10
[20250409-17:06:42] [INFO ] X server on display 10 (pid 30766) returned exit code 0 and signal number 0
[20250409-17:06:42] [INFO ] xrdp channel server for display 10 (pid 30776) exit code 0 and signal number 0
[20250409-17:06:42] [INFO ] cleanup_sockets:
[20250409-17:06:42] [INFO ] ++ terminated session:  username shima, display :10.0, session_pid 30762, ip ::ffff:122.218.16.30:50782 - socket: 11
[20250409-17:16:05] [INFO ] Socket 7: AF_INET6 connection received from ::1 port 45884
[20250409-17:16:05] [INFO ] Terminal Server Users group is disabled, allowing authentication
[20250409-17:16:05] [INFO ] ++ created session (access granted): username shima, ip ::ffff:122.218.16.30:50824 - socket: 11
[20250409-17:16:05] [INFO ] starting Xorg session...
[20250409-17:16:05] [INFO ] Starting session: session_pid 31675, display :10.0, width 2736, height 1824, bpp 24, client ip ::ffff:122.218.16.30:50824 - socket: 11, user name shima
[20250409-17:16:05] [INFO ] [session start] (display 10): calling auth_start_session from pid 31675
[20250409-17:16:05] [ERROR] sesman_data_in: scp_process_msg failed
[20250409-17:16:05] [INFO ] Starting X server on display 10: /usr/lib/xorg/Xorg :10 -auth .Xauthority -config xrdp/xorg.conf -noreset -nolisten tcp -logfile .xorgxrdp.%s.log  
[20250409-17:16:05] [ERROR] sesman_main_loop: trans_check_wait_objs failed, removing trans
[20250409-17:16:05] [INFO ] Found X server running at /tmp/.X11-unix/X10
[20250409-17:16:05] [INFO ] Found X server running at /tmp/.X11-unix/X10
[20250409-17:16:05] [INFO ] Session started successfully for user shima on display 10
[20250409-17:16:05] [INFO ] Starting the xrdp channel server for display 10
[20250409-17:16:05] [INFO ] Found X server running at /tmp/.X11-unix/X10
[20250409-17:16:05] [INFO ] Session in progress on display 10, waiting until the window manager (pid 31678) exits to end the session
[20250409-17:16:05] [INFO ] Starting the default window manager on display 10: /etc/xrdp/startwm.sh
[20250409-17:16:16] [INFO ] Calling auth_stop_session and auth_end from pid 31675
[20250409-17:16:16] [INFO ] Terminating X server (pid 31679) on display 10
[20250409-17:16:16] [INFO ] Terminating the xrdp channel server (pid 31689) on display 10
[20250409-17:16:16] [INFO ] X server on display 10 (pid 31679) returned exit code 0 and signal number 0
[20250409-17:16:16] [INFO ] xrdp channel server for display 10 (pid 31689) exit code 0 and signal number 0
[20250409-17:16:16] [INFO ] cleanup_sockets:
[20250409-17:16:16] [INFO ] ++ terminated session:  username shima, display :10.0, session_pid 31675, ip ::ffff:122.218.16.30:50824 - socket: 11
[20250409-17:20:42] [INFO ] Socket 7: AF_INET6 connection received from ::1 port 33604
[20250409-17:20:44] [ERROR] pam_authenticate failed: Authentication failure
[20250409-17:20:44] [INFO ] Username or password error for user: j20999
[20250409-17:20:44] [ERROR] sesman_data_in: scp_process_msg failed
[20250409-17:20:44] [ERROR] sesman_main_loop: trans_check_wait_objs failed, removing trans
[20250409-17:20:56] [INFO ] Socket 7: AF_INET6 connection received from ::1 port 51944
[20250409-17:20:58] [ERROR] pam_authenticate failed: Authentication failure
[20250409-17:20:58] [INFO ] Username or password error for user: shima
[20250409-17:20:58] [ERROR] sesman_data_in: scp_process_msg failed
[20250409-17:20:58] [ERROR] sesman_main_loop: trans_check_wait_objs failed, removing trans
[20250409-17:21:08] [INFO ] Socket 7: AF_INET6 connection received from ::1 port 34590
[20250409-17:21:08] [INFO ] Terminal Server Users group is disabled, allowing authentication
[20250409-17:21:08] [INFO ] ++ created session (access granted): username shima, ip ::ffff:122.218.16.30:53316 - socket: 11
[20250409-17:21:08] [INFO ] starting Xorg session...
[20250409-17:21:08] [INFO ] Starting session: session_pid 32619, display :10.0, width 1280, height 1024, bpp 24, client ip ::ffff:122.218.16.30:53316 - socket: 11, user name shima
[20250409-17:21:08] [INFO ] [session start] (display 10): calling auth_start_session from pid 32619
[20250409-17:21:08] [ERROR] sesman_data_in: scp_process_msg failed
[20250409-17:21:08] [INFO ] Starting X server on display 10: /usr/lib/xorg/Xorg :10 -auth .Xauthority -config xrdp/xorg.conf -noreset -nolisten tcp -logfile .xorgxrdp.%s.log  
[20250409-17:21:08] [ERROR] sesman_main_loop: trans_check_wait_objs failed, removing trans
[20250409-17:21:09] [INFO ] Found X server running at /tmp/.X11-unix/X10
[20250409-17:21:09] [INFO ] Found X server running at /tmp/.X11-unix/X10
[20250409-17:21:09] [INFO ] Session started successfully for user shima on display 10
[20250409-17:21:09] [INFO ] Starting the xrdp channel server for display 10
[20250409-17:21:09] [INFO ] Found X server running at /tmp/.X11-unix/X10
[20250409-17:21:09] [INFO ] Session in progress on display 10, waiting until the window manager (pid 32622) exits to end the session
[20250409-17:21:09] [INFO ] Starting the default window manager on display 10: /etc/xrdp/startwm.sh
[20250409-17:21:17] [WARN ] Window manager (pid 32622, display 10) exited quickly (8 secs). This could indicate a window manager config problem
[20250409-17:21:17] [INFO ] Calling auth_stop_session and auth_end from pid 32619
[20250409-17:21:17] [INFO ] Terminating X server (pid 32623) on display 10
[20250409-17:21:17] [INFO ] Terminating the xrdp channel server (pid 32633) on display 10
[20250409-17:21:17] [INFO ] X server on display 10 (pid 32623) returned exit code 0 and signal number 0
[20250409-17:21:17] [INFO ] xrdp channel server for display 10 (pid 32633) exit code 0 and signal number 0
[20250409-17:21:17] [INFO ] cleanup_sockets:
[20250409-17:21:17] [INFO ] ++ terminated session:  username shima, display :10.0, session_pid 32619, ip ::ffff:122.218.16.30:53316 - socket: 11
[20250409-17:21:41] [INFO ] Socket 7: AF_INET6 connection received from ::1 port 49798
[20250409-17:21:41] [INFO ] Terminal Server Users group is disabled, allowing authentication
[20250409-17:21:42] [INFO ] ++ created session (access granted): username shima, ip ::ffff:122.218.16.30:53322 - socket: 11
[20250409-17:21:42] [INFO ] starting Xorg session...
[20250409-17:21:42] [INFO ] Starting session: session_pid 33511, display :10.0, width 1280, height 1024, bpp 24, client ip ::ffff:122.218.16.30:53322 - socket: 11, user name shima
[20250409-17:21:42] [INFO ] [session start] (display 10): calling auth_start_session from pid 33511
[20250409-17:21:42] [ERROR] sesman_data_in: scp_process_msg failed
[20250409-17:21:42] [INFO ] Starting X server on display 10: /usr/lib/xorg/Xorg :10 -auth .Xauthority -config xrdp/xorg.conf -noreset -nolisten tcp -logfile .xorgxrdp.%s.log  
[20250409-17:21:42] [ERROR] sesman_main_loop: trans_check_wait_objs failed, removing trans
[20250409-17:21:42] [INFO ] Found X server running at /tmp/.X11-unix/X10
[20250409-17:21:42] [INFO ] Found X server running at /tmp/.X11-unix/X10
[20250409-17:21:42] [INFO ] Found X server running at /tmp/.X11-unix/X10
[20250409-17:21:42] [INFO ] Session started successfully for user shima on display 10
[20250409-17:21:42] [INFO ] Starting the xrdp channel server for display 10
[20250409-17:21:42] [INFO ] Starting the default window manager on display 10: /etc/xrdp/startwm.sh
[20250409-17:21:42] [INFO ] Session in progress on display 10, waiting until the window manager (pid 33514) exits to end the session
[20250409-17:21:55] [INFO ] Calling auth_stop_session and auth_end from pid 33511
[20250409-17:21:55] [INFO ] Terminating X server (pid 33515) on display 10
[20250409-17:21:55] [INFO ] Terminating the xrdp channel server (pid 33525) on display 10
[20250409-17:21:55] [INFO ] X server on display 10 (pid 33515) returned exit code 0 and signal number 0
[20250409-17:21:55] [INFO ] xrdp channel server for display 10 (pid 33525) exit code 0 and signal number 0
[20250409-17:21:55] [INFO ] cleanup_sockets:
[20250409-17:21:55] [INFO ] ++ terminated session:  username shima, display :10.0, session_pid 33511, ip ::ffff:122.218.16.30:53322 - socket: 11
[20250409-17:23:13] [INFO ] Socket 7: AF_INET6 connection received from ::1 port 36976
[20250409-17:23:13] [INFO ] Terminal Server Users group is disabled, allowing authentication
[20250409-17:23:14] [INFO ] ++ created session (access granted): username shima, ip ::ffff:210.137.32.246:58726 - socket: 11
[20250409-17:23:14] [INFO ] starting Xorg session...
[20250409-17:23:14] [INFO ] Starting session: session_pid 34403, display :10.0, width 1280, height 1024, bpp 24, client ip ::ffff:210.137.32.246:58726 - socket: 11, user name shima
[20250409-17:23:14] [INFO ] [session start] (display 10): calling auth_start_session from pid 34403
[20250409-17:23:14] [ERROR] sesman_data_in: scp_process_msg failed
[20250409-17:23:14] [INFO ] Starting X server on display 10: /usr/lib/xorg/Xorg :10 -auth .Xauthority -config xrdp/xorg.conf -noreset -nolisten tcp -logfile .xorgxrdp.%s.log  
[20250409-17:23:14] [ERROR] sesman_main_loop: trans_check_wait_objs failed, removing trans
[20250409-17:23:14] [INFO ] Found X server running at /tmp/.X11-unix/X10
[20250409-17:23:14] [INFO ] Found X server running at /tmp/.X11-unix/X10
[20250409-17:23:14] [INFO ] Session started successfully for user shima on display 10
[20250409-17:23:14] [INFO ] Starting the xrdp channel server for display 10
[20250409-17:23:14] [INFO ] Found X server running at /tmp/.X11-unix/X10
[20250409-17:23:14] [INFO ] Session in progress on display 10, waiting until the window manager (pid 34406) exits to end the session
[20250409-17:23:14] [INFO ] Starting the default window manager on display 10: /etc/xrdp/startwm.sh
[20250409-17:23:38] [INFO ] Calling auth_stop_session and auth_end from pid 34403
[20250409-17:23:38] [INFO ] Terminating X server (pid 34407) on display 10
[20250409-17:23:38] [INFO ] Terminating the xrdp channel server (pid 34417) on display 10
[20250409-17:23:38] [INFO ] X server on display 10 (pid 34407) returned exit code 0 and signal number 0
[20250409-17:23:38] [INFO ] xrdp channel server for display 10 (pid 34417) exit code 0 and signal number 0
[20250409-17:23:38] [INFO ] cleanup_sockets:
[20250409-17:23:38] [INFO ] ++ terminated session:  username shima, display :10.0, session_pid 34403, ip ::ffff:210.137.32.246:58726 - socket: 11
[20250409-17:24:10] [INFO ] Socket 7: AF_INET6 connection received from ::1 port 42670
[20250409-17:24:10] [INFO ] Terminal Server Users group is disabled, allowing authentication
[20250409-17:24:10] [INFO ] ++ created session (access granted): username shima, ip ::ffff:122.218.16.30:50860 - socket: 11
[20250409-17:24:10] [INFO ] starting Xorg session...
[20250409-17:24:10] [INFO ] Starting session: session_pid 35437, display :10.0, width 1280, height 1024, bpp 24, client ip ::ffff:122.218.16.30:50860 - socket: 11, user name shima
[20250409-17:24:10] [INFO ] [session start] (display 10): calling auth_start_session from pid 35437
[20250409-17:24:10] [ERROR] sesman_data_in: scp_process_msg failed
[20250409-17:24:10] [INFO ] Starting X server on display 10: /usr/lib/xorg/Xorg :10 -auth .Xauthority -config xrdp/xorg.conf -noreset -nolisten tcp -logfile .xorgxrdp.%s.log  
[20250409-17:24:10] [ERROR] sesman_main_loop: trans_check_wait_objs failed, removing trans
[20250409-17:24:11] [INFO ] Found X server running at /tmp/.X11-unix/X10
[20250409-17:24:11] [INFO ] Found X server running at /tmp/.X11-unix/X10
[20250409-17:24:11] [INFO ] Session started successfully for user shima on display 10
[20250409-17:24:11] [INFO ] Starting the xrdp channel server for display 10
[20250409-17:24:11] [INFO ] Found X server running at /tmp/.X11-unix/X10
[20250409-17:24:11] [INFO ] Starting the default window manager on display 10: /etc/xrdp/startwm.sh
[20250409-17:24:11] [INFO ] Session in progress on display 10, waiting until the window manager (pid 35440) exits to end the session
[20250409-17:24:53] [INFO ] Calling auth_stop_session and auth_end from pid 35437
[20250409-17:24:53] [INFO ] Terminating X server (pid 35441) on display 10
[20250409-17:24:53] [INFO ] Terminating the xrdp channel server (pid 35451) on display 10
[20250409-17:24:53] [INFO ] X server on display 10 (pid 35441) returned exit code 0 and signal number 0
[20250409-17:24:53] [INFO ] xrdp channel server for display 10 (pid 35451) exit code 0 and signal number 0
[20250409-17:24:53] [INFO ] cleanup_sockets:
[20250409-17:24:53] [INFO ] ++ terminated session:  username shima, display :10.0, session_pid 35437, ip ::ffff:122.218.16.30:50860 - socket: 11
[20250409-17:26:31] [INFO ] Socket 7: AF_INET6 connection received from ::1 port 35308
[20250409-17:26:31] [INFO ] Terminal Server Users group is disabled, allowing authentication
[20250409-17:26:31] [INFO ] ++ created session (access granted): username shima, ip ::ffff:122.218.16.30:50871 - socket: 11
[20250409-17:26:31] [INFO ] starting Xorg session...
[20250409-17:26:31] [INFO ] Starting session: session_pid 36417, display :10.0, width 1280, height 1024, bpp 24, client ip ::ffff:122.218.16.30:50871 - socket: 11, user name shima
[20250409-17:26:31] [INFO ] [session start] (display 10): calling auth_start_session from pid 36417
[20250409-17:26:31] [ERROR] sesman_data_in: scp_process_msg failed
[20250409-17:26:31] [INFO ] Starting X server on display 10: /usr/lib/xorg/Xorg :10 -auth .Xauthority -config xrdp/xorg.conf -noreset -nolisten tcp -logfile .xorgxrdp.%s.log  
[20250409-17:26:31] [ERROR] sesman_main_loop: trans_check_wait_objs failed, removing trans
[20250409-17:26:31] [INFO ] Found X server running at /tmp/.X11-unix/X10
[20250409-17:26:31] [INFO ] Found X server running at /tmp/.X11-unix/X10
[20250409-17:26:31] [INFO ] Found X server running at /tmp/.X11-unix/X10
[20250409-17:26:31] [INFO ] Session started successfully for user shima on display 10
[20250409-17:26:31] [INFO ] Starting the xrdp channel server for display 10
[20250409-17:26:31] [INFO ] Starting the default window manager on display 10: /etc/xrdp/startwm.sh
[20250409-17:26:31] [INFO ] Session in progress on display 10, waiting until the window manager (pid 36420) exits to end the session
[20250409-17:26:38] [WARN ] Window manager (pid 36420, display 10) exited quickly (7 secs). This could indicate a window manager config problem
[20250409-17:26:38] [INFO ] Calling auth_stop_session and auth_end from pid 36417
[20250409-17:26:38] [INFO ] Terminating X server (pid 36421) on display 10
[20250409-17:26:38] [INFO ] Terminating the xrdp channel server (pid 36431) on display 10
[20250409-17:26:38] [INFO ] X server on display 10 (pid 36421) returned exit code 0 and signal number 0
[20250409-17:26:38] [INFO ] xrdp channel server for display 10 (pid 36431) exit code 0 and signal number 0
[20250409-17:26:38] [INFO ] cleanup_sockets:
[20250409-17:26:38] [INFO ] ++ terminated session:  username shima, display :10.0, session_pid 36417, ip ::ffff:122.218.16.30:50871 - socket: 11
[20250409-17:27:35] [INFO ] Socket 7: AF_INET6 connection received from ::1 port 43316
[20250409-17:27:35] [INFO ] Terminal Server Users group is disabled, allowing authentication
[20250409-17:27:35] [INFO ] ++ created session (access granted): username shima, ip ::ffff:210.137.32.246:31586 - socket: 11
[20250409-17:27:35] [INFO ] starting Xorg session...
[20250409-17:27:35] [INFO ] Starting session: session_pid 37312, display :10.0, width 1280, height 1024, bpp 24, client ip ::ffff:210.137.32.246:31586 - socket: 11, user name shima
[20250409-17:27:35] [INFO ] [session start] (display 10): calling auth_start_session from pid 37312
[20250409-17:27:35] [ERROR] sesman_data_in: scp_process_msg failed
[20250409-17:27:35] [INFO ] Starting X server on display 10: /usr/lib/xorg/Xorg :10 -auth .Xauthority -config xrdp/xorg.conf -noreset -nolisten tcp -logfile .xorgxrdp.%s.log  
[20250409-17:27:35] [ERROR] sesman_main_loop: trans_check_wait_objs failed, removing trans
[20250409-17:27:35] [INFO ] Found X server running at /tmp/.X11-unix/X10
[20250409-17:27:35] [INFO ] Found X server running at /tmp/.X11-unix/X10
[20250409-17:27:35] [INFO ] Session started successfully for user shima on display 10
[20250409-17:27:35] [INFO ] Starting the xrdp channel server for display 10
[20250409-17:27:35] [INFO ] Found X server running at /tmp/.X11-unix/X10
[20250409-17:27:35] [INFO ] Session in progress on display 10, waiting until the window manager (pid 37315) exits to end the session
[20250409-17:27:35] [INFO ] Starting the default window manager on display 10: /etc/xrdp/startwm.sh
[20250409-17:28:14] [INFO ] Socket 7: AF_INET6 connection received from ::1 port 40088
[20250409-17:28:14] [INFO ] ++ reconnected session: username shima, display :10.0, session_pid 37312, ip ::ffff:122.218.16.30:50875 - socket: 11
[20250409-17:28:14] [ERROR] sesman_data_in: scp_process_msg failed
[20250409-17:28:14] [INFO ] Starting session reconnection script on display 10: /etc/xrdp/reconnectwm.sh
[20250409-17:28:14] [ERROR] sesman_main_loop: trans_check_wait_objs failed, removing trans
[20250409-17:28:43] [INFO ] Calling auth_stop_session and auth_end from pid 37312
[20250409-17:28:43] [INFO ] Terminating X server (pid 37316) on display 10
[20250409-17:28:43] [INFO ] Terminating the xrdp channel server (pid 37326) on display 10
[20250409-17:28:43] [INFO ] X server on display 10 (pid 37316) returned exit code 0 and signal number 0
[20250409-17:28:43] [INFO ] xrdp channel server for display 10 (pid 37326) exit code 0 and signal number 0
[20250409-17:28:43] [INFO ] cleanup_sockets:
[20250409-17:28:43] [INFO ] ++ terminated session:  username shima, display :10.0, session_pid 37312, ip ::ffff:210.137.32.246:31586 - socket: 11
[20250409-19:35:46] [INFO ] Socket 7: AF_INET6 connection received from ::1 port 60444
[20250409-19:35:46] [INFO ] Terminal Server Users group is disabled, allowing authentication
[20250409-19:35:46] [INFO ] ++ created session (access granted): username shima, ip ::ffff:122.218.16.30:56100 - socket: 11
[20250409-19:35:46] [INFO ] starting Xorg session...
[20250409-19:35:46] [INFO ] Starting session: session_pid 40852, display :10.0, width 1280, height 1024, bpp 24, client ip ::ffff:122.218.16.30:56100 - socket: 11, user name shima
[20250409-19:35:46] [INFO ] [session start] (display 10): calling auth_start_session from pid 40852
[20250409-19:35:46] [ERROR] sesman_data_in: scp_process_msg failed
[20250409-19:35:46] [INFO ] Starting X server on display 10: /usr/lib/xorg/Xorg :10 -auth .Xauthority -config xrdp/xorg.conf -noreset -nolisten tcp -logfile .xorgxrdp.%s.log  
[20250409-19:35:46] [ERROR] sesman_main_loop: trans_check_wait_objs failed, removing trans
[20250409-19:35:46] [INFO ] Found X server running at /tmp/.X11-unix/X10
[20250409-19:35:46] [INFO ] Found X server running at /tmp/.X11-unix/X10
[20250409-19:35:46] [INFO ] Found X server running at /tmp/.X11-unix/X10
[20250409-19:35:46] [INFO ] Session started successfully for user shima on display 10
[20250409-19:35:46] [INFO ] Starting the xrdp channel server for display 10
[20250409-19:35:46] [INFO ] Starting the default window manager on display 10: /etc/xrdp/startwm.sh
[20250409-19:35:46] [INFO ] Session in progress on display 10, waiting until the window manager (pid 40855) exits to end the session
[20250409-19:35:53] [WARN ] Window manager (pid 40855, display 10) exited quickly (7 secs). This could indicate a window manager config problem
[20250409-19:35:53] [INFO ] Calling auth_stop_session and auth_end from pid 40852
[20250409-19:35:53] [INFO ] Terminating X server (pid 40856) on display 10
[20250409-19:35:53] [INFO ] Terminating the xrdp channel server (pid 40866) on display 10
[20250409-19:35:53] [INFO ] X server on display 10 (pid 40856) returned exit code 0 and signal number 0
[20250409-19:35:53] [INFO ] xrdp channel server for display 10 (pid 40866) exit code 0 and signal number 0
[20250409-19:35:53] [INFO ] cleanup_sockets:
[20250409-19:35:53] [INFO ] ++ terminated session:  username shima, display :10.0, session_pid 40852, ip ::ffff:122.218.16.30:56100 - socket: 11
[20250409-19:55:17] [INFO ] starting xrdp-sesman with pid 49
[20250409-20:07:32] [INFO ] starting xrdp-sesman with pid 49
[20250409-20:20:12] [INFO ] starting xrdp-sesman with pid 49
[20250409-20:21:04] [INFO ] Socket 7: AF_INET6 connection received from ::1 port 52330
[20250409-20:21:04] [INFO ] Terminal Server Users group is disabled, allowing authentication
[20250409-20:21:04] [INFO ] ++ created session (access granted): username shima, ip ::ffff:122.218.16.30:57142 - socket: 11
[20250409-20:21:04] [INFO ] starting Xorg session...
[20250409-20:21:04] [INFO ] Starting session: session_pid 81, display :10.0, width 1280, height 1024, bpp 24, client ip ::ffff:122.218.16.30:57142 - socket: 11, user name shima
[20250409-20:21:04] [INFO ] [session start] (display 10): calling auth_start_session from pid 81
[20250409-20:21:04] [ERROR] sesman_data_in: scp_process_msg failed
[20250409-20:21:04] [INFO ] Starting X server on display 10: /usr/lib/xorg/Xorg :10 -auth .Xauthority -config xrdp/xorg.conf -noreset -nolisten tcp -logfile .xorgxrdp.%s.log  
[20250409-20:21:04] [ERROR] sesman_main_loop: trans_check_wait_objs failed, removing trans
[20250409-20:21:05] [INFO ] Found X server running at /tmp/.X11-unix/X10
[20250409-20:21:05] [INFO ] Found X server running at /tmp/.X11-unix/X10
[20250409-20:21:05] [INFO ] Session started successfully for user shima on display 10
[20250409-20:21:05] [INFO ] Starting the xrdp channel server for display 10
[20250409-20:21:05] [INFO ] Found X server running at /tmp/.X11-unix/X10
[20250409-20:21:05] [INFO ] Session in progress on display 10, waiting until the window manager (pid 84) exits to end the session
[20250409-20:21:05] [INFO ] Starting the default window manager on display 10: /etc/xrdp/startwm.sh
[20250409-20:21:17] [INFO ] Calling auth_stop_session and auth_end from pid 81
[20250409-20:21:17] [INFO ] Terminating X server (pid 85) on display 10
[20250409-20:21:17] [INFO ] Terminating the xrdp channel server (pid 95) on display 10
[20250409-20:21:17] [INFO ] X server on display 10 (pid 85) returned exit code 0 and signal number 0
[20250409-20:21:17] [INFO ] xrdp channel server for display 10 (pid 95) exit code 0 and signal number 0
[20250409-20:21:17] [INFO ] cleanup_sockets:
[20250409-20:21:17] [INFO ] ++ terminated session:  username shima, display :10.0, session_pid 81, ip ::ffff:122.218.16.30:57142 - socket: 11
[20250409-21:25:34] [INFO ] Socket 7: AF_INET6 connection received from ::1 port 57990
[20250409-21:25:36] [ERROR] pam_authenticate failed: Authentication failure
[20250409-21:25:36] [INFO ] Username or password error for user: shima
[20250409-21:25:36] [ERROR] sesman_data_in: scp_process_msg failed
[20250409-21:25:36] [ERROR] sesman_main_loop: trans_check_wait_objs failed, removing trans
[20250410-03:10:54] [INFO ] Socket 7: AF_INET6 connection received from ::1 port 50362
[20250410-03:10:56] [ERROR] pam_authenticate failed: Authentication failure
[20250410-03:10:56] [INFO ] Username or password error for user: shima
[20250410-03:10:56] [ERROR] sesman_data_in: scp_process_msg failed
[20250410-03:10:56] [ERROR] sesman_main_loop: trans_check_wait_objs failed, removing trans
[20250410-03:11:28] [INFO ] Socket 7: AF_INET6 connection received from ::1 port 35816
[20250410-03:11:30] [ERROR] pam_authenticate failed: Authentication failure
[20250410-03:11:30] [INFO ] Username or password error for user: shima
[20250410-03:11:30] [ERROR] sesman_data_in: scp_process_msg failed
[20250410-03:11:30] [ERROR] sesman_main_loop: trans_check_wait_objs failed, removing trans
[20250410-12:49:47] [INFO ] Socket 7: AF_INET6 connection received from ::1 port 36026
[20250410-12:49:50] [ERROR] pam_authenticate failed: Authentication failure
[20250410-12:49:50] [INFO ] Username or password error for user: shima
[20250410-12:49:50] [ERROR] sesman_data_in: scp_process_msg failed
[20250410-12:49:50] [ERROR] sesman_main_loop: trans_check_wait_objs failed, removing trans
[20250410-12:50:16] [INFO ] Socket 7: AF_INET6 connection received from ::1 port 49432
[20250410-12:50:19] [ERROR] pam_authenticate failed: Authentication failure
[20250410-12:50:19] [INFO ] Username or password error for user: shima
[20250410-12:50:19] [ERROR] sesman_data_in: scp_process_msg failed
[20250410-12:50:19] [ERROR] sesman_main_loop: trans_check_wait_objs failed, removing trans
[20250410-12:52:19] [INFO ] Socket 7: AF_INET6 connection received from ::1 port 47574
[20250410-12:52:19] [INFO ] Terminal Server Users group is disabled, allowing authentication
[20250410-12:52:19] [INFO ] ++ created session (access granted): username shima, ip ::ffff:165.242.90.29:53009 - socket: 11
[20250410-12:52:19] [INFO ] starting Xorg session...
[20250410-12:52:19] [INFO ] Starting session: session_pid 7138, display :10.0, width 1280, height 1024, bpp 24, client ip ::ffff:165.242.90.29:53009 - socket: 11, user name shima
[20250410-12:52:19] [INFO ] [session start] (display 10): calling auth_start_session from pid 7138
[20250410-12:52:19] [ERROR] sesman_data_in: scp_process_msg failed
[20250410-12:52:19] [INFO ] Starting X server on display 10: /usr/lib/xorg/Xorg :10 -auth .Xauthority -config xrdp/xorg.conf -noreset -nolisten tcp -logfile .xorgxrdp.%s.log  
[20250410-12:52:19] [ERROR] sesman_main_loop: trans_check_wait_objs failed, removing trans
[20250410-12:52:19] [INFO ] Found X server running at /tmp/.X11-unix/X10
[20250410-12:52:19] [INFO ] Found X server running at /tmp/.X11-unix/X10
[20250410-12:52:19] [INFO ] Session started successfully for user shima on display 10
[20250410-12:52:19] [INFO ] Starting the xrdp channel server for display 10
[20250410-12:52:19] [INFO ] Found X server running at /tmp/.X11-unix/X10
[20250410-12:52:20] [INFO ] Session in progress on display 10, waiting until the window manager (pid 7141) exits to end the session
[20250410-12:52:20] [INFO ] Starting the default window manager on display 10: /etc/xrdp/startwm.sh
[20250410-13:17:21] [INFO ] Calling auth_stop_session and auth_end from pid 7138
[20250410-13:17:21] [INFO ] Terminating X server (pid 7142) on display 10
[20250410-13:17:21] [INFO ] Terminating the xrdp channel server (pid 7152) on display 10
[20250410-13:17:21] [INFO ] X server on display 10 (pid 7142) returned exit code 0 and signal number 0
[20250410-13:17:21] [INFO ] xrdp channel server for display 10 (pid 7152) exit code 0 and signal number 0
[20250410-13:17:21] [INFO ] cleanup_sockets:
[20250410-13:17:21] [INFO ] ++ terminated session:  username shima, display :10.0, session_pid 7138, ip ::ffff:165.242.90.29:53009 - socket: 11
[20250410-13:30:55] [INFO ] Socket 7: AF_INET6 connection received from ::1 port 44590
[20250410-13:30:56] [ERROR] pam_authenticate failed: Authentication failure
[20250410-13:30:56] [INFO ] Username or password error for user: SURFACE2019A\shima
[20250410-13:30:56] [ERROR] sesman_data_in: scp_process_msg failed
[20250410-13:30:56] [ERROR] sesman_main_loop: trans_check_wait_objs failed, removing trans
[20250410-13:31:21] [INFO ] Socket 7: AF_INET6 connection received from ::1 port 34352
[20250410-13:31:21] [INFO ] Terminal Server Users group is disabled, allowing authentication
[20250410-13:31:21] [INFO ] ++ created session (access granted): username shima, ip ::ffff:122.218.16.30:54907 - socket: 11
[20250410-13:31:21] [INFO ] starting Xorg session...
[20250410-13:31:21] [INFO ] Starting session: session_pid 8535, display :10.0, width 1280, height 1024, bpp 24, client ip ::ffff:122.218.16.30:54907 - socket: 11, user name shima
[20250410-13:31:21] [INFO ] [session start] (display 10): calling auth_start_session from pid 8535
[20250410-13:31:22] [ERROR] sesman_data_in: scp_process_msg failed
[20250410-13:31:22] [INFO ] Starting X server on display 10: /usr/lib/xorg/Xorg :10 -auth .Xauthority -config xrdp/xorg.conf -noreset -nolisten tcp -logfile .xorgxrdp.%s.log  
[20250410-13:31:22] [ERROR] sesman_main_loop: trans_check_wait_objs failed, removing trans
[20250410-13:31:22] [INFO ] Found X server running at /tmp/.X11-unix/X10
[20250410-13:31:22] [INFO ] Found X server running at /tmp/.X11-unix/X10
[20250410-13:31:22] [INFO ] Found X server running at /tmp/.X11-unix/X10
[20250410-13:31:22] [INFO ] Session started successfully for user shima on display 10
[20250410-13:31:22] [INFO ] Starting the xrdp channel server for display 10
[20250410-13:31:22] [INFO ] Starting the default window manager on display 10: /etc/xrdp/startwm.sh
[20250410-13:31:22] [INFO ] Session in progress on display 10, waiting until the window manager (pid 8538) exits to end the session
[20250410-13:35:18] [INFO ] Calling auth_stop_session and auth_end from pid 8535
[20250410-13:35:18] [INFO ] Terminating X server (pid 8539) on display 10
[20250410-13:35:18] [INFO ] Terminating the xrdp channel server (pid 8549) on display 10
[20250410-13:35:18] [INFO ] X server on display 10 (pid 8539) returned exit code 0 and signal number 0
[20250410-13:35:18] [INFO ] xrdp channel server for display 10 (pid 8549) exit code 0 and signal number 0
[20250410-13:35:18] [INFO ] cleanup_sockets:
[20250410-13:35:18] [INFO ] ++ terminated session:  username shima, display :10.0, session_pid 8535, ip ::ffff:122.218.16.30:54907 - socket: 11
[20250410-13:56:24] [INFO ] Socket 7: AF_INET6 connection received from ::1 port 35276
[20250410-13:56:24] [INFO ] Terminal Server Users group is disabled, allowing authentication
[20250410-13:56:24] [INFO ] ++ created session (access granted): username shima, ip ::ffff:122.218.16.30:54991 - socket: 11
[20250410-13:56:24] [INFO ] starting Xorg session...
[20250410-13:56:24] [INFO ] Starting session: session_pid 9663, display :10.0, width 1280, height 1024, bpp 24, client ip ::ffff:122.218.16.30:54991 - socket: 11, user name shima
[20250410-13:56:24] [INFO ] [session start] (display 10): calling auth_start_session from pid 9663
[20250410-13:56:24] [ERROR] sesman_data_in: scp_process_msg failed
[20250410-13:56:24] [INFO ] Starting X server on display 10: /usr/lib/xorg/Xorg :10 -auth .Xauthority -config xrdp/xorg.conf -noreset -nolisten tcp -logfile .xorgxrdp.%s.log  
[20250410-13:56:24] [ERROR] sesman_main_loop: trans_check_wait_objs failed, removing trans
[20250410-13:56:24] [INFO ] Found X server running at /tmp/.X11-unix/X10
[20250410-13:56:24] [INFO ] Found X server running at /tmp/.X11-unix/X10
[20250410-13:56:24] [INFO ] Found X server running at /tmp/.X11-unix/X10
[20250410-13:56:24] [INFO ] Session started successfully for user shima on display 10
[20250410-13:56:24] [INFO ] Starting the xrdp channel server for display 10
[20250410-13:56:24] [INFO ] Starting the default window manager on display 10: /etc/xrdp/startwm.sh
[20250410-13:56:24] [INFO ] Session in progress on display 10, waiting until the window manager (pid 9666) exits to end the session
[20250410-13:56:32] [WARN ] Window manager (pid 9666, display 10) exited quickly (8 secs). This could indicate a window manager config problem
[20250410-13:56:32] [INFO ] Calling auth_stop_session and auth_end from pid 9663
[20250410-13:56:32] [INFO ] Terminating X server (pid 9667) on display 10
[20250410-13:56:32] [INFO ] Terminating the xrdp channel server (pid 9677) on display 10
[20250410-13:56:32] [INFO ] X server on display 10 (pid 9667) returned exit code 0 and signal number 0
[20250410-13:56:32] [INFO ] xrdp channel server for display 10 (pid 9677) exit code 0 and signal number 0
[20250410-13:56:32] [INFO ] cleanup_sockets:
[20250410-13:56:32] [INFO ] ++ terminated session:  username shima, display :10.0, session_pid 9663, ip ::ffff:122.218.16.30:54991 - socket: 11
[20250410-14:07:52] [INFO ] Socket 7: AF_INET6 connection received from ::1 port 38864
[20250410-14:07:53] [INFO ] Terminal Server Users group is disabled, allowing authentication
[20250410-14:07:53] [INFO ] ++ created session (access granted): username shima, ip ::ffff:165.242.90.48:50179 - socket: 11
[20250410-14:07:53] [INFO ] starting Xorg session...
[20250410-14:07:53] [INFO ] Starting session: session_pid 10611, display :10.0, width 2560, height 1600, bpp 24, client ip ::ffff:165.242.90.48:50179 - socket: 11, user name shima
[20250410-14:07:53] [INFO ] [session start] (display 10): calling auth_start_session from pid 10611
[20250410-14:07:53] [ERROR] sesman_data_in: scp_process_msg failed
[20250410-14:07:53] [INFO ] Starting X server on display 10: /usr/lib/xorg/Xorg :10 -auth .Xauthority -config xrdp/xorg.conf -noreset -nolisten tcp -logfile .xorgxrdp.%s.log  
[20250410-14:07:53] [ERROR] sesman_main_loop: trans_check_wait_objs failed, removing trans
[20250410-14:07:53] [INFO ] Found X server running at /tmp/.X11-unix/X10
[20250410-14:07:53] [INFO ] Found X server running at /tmp/.X11-unix/X10
[20250410-14:07:53] [INFO ] Session started successfully for user shima on display 10
[20250410-14:07:53] [INFO ] Starting the xrdp channel server for display 10
[20250410-14:07:53] [INFO ] Found X server running at /tmp/.X11-unix/X10
[20250410-14:07:53] [INFO ] Session in progress on display 10, waiting until the window manager (pid 10614) exits to end the session
[20250410-14:07:53] [INFO ] Starting the default window manager on display 10: /etc/xrdp/startwm.sh
[20250410-14:10:28] [INFO ] Calling auth_stop_session and auth_end from pid 10611
[20250410-14:10:28] [INFO ] Terminating X server (pid 10615) on display 10
[20250410-14:10:28] [INFO ] Terminating the xrdp channel server (pid 10625) on display 10
[20250410-14:10:28] [INFO ] X server on display 10 (pid 10615) returned exit code 0 and signal number 0
[20250410-14:10:28] [INFO ] xrdp channel server for display 10 (pid 10625) exit code 0 and signal number 0
[20250410-14:10:28] [INFO ] cleanup_sockets:
[20250410-14:10:28] [INFO ] ++ terminated session:  username shima, display :10.0, session_pid 10611, ip ::ffff:165.242.90.48:50179 - socket: 11
[20250410-14:10:49] [INFO ] Socket 7: AF_INET6 connection received from ::1 port 43992
[20250410-14:10:49] [INFO ] Terminal Server Users group is disabled, allowing authentication
[20250410-14:10:49] [INFO ] ++ created session (access granted): username shima, ip ::ffff:165.242.90.48:50570 - socket: 11
[20250410-14:10:49] [INFO ] starting Xorg session...
[20250410-14:10:49] [INFO ] Starting session: session_pid 11741, display :10.0, width 1280, height 1024, bpp 24, client ip ::ffff:165.242.90.48:50570 - socket: 11, user name shima
[20250410-14:10:49] [INFO ] [session start] (display 10): calling auth_start_session from pid 11741
[20250410-14:10:49] [ERROR] sesman_data_in: scp_process_msg failed
[20250410-14:10:49] [INFO ] Starting X server on display 10: /usr/lib/xorg/Xorg :10 -auth .Xauthority -config xrdp/xorg.conf -noreset -nolisten tcp -logfile .xorgxrdp.%s.log  
[20250410-14:10:49] [ERROR] sesman_main_loop: trans_check_wait_objs failed, removing trans
[20250410-14:10:50] [INFO ] Found X server running at /tmp/.X11-unix/X10
[20250410-14:10:50] [INFO ] Found X server running at /tmp/.X11-unix/X10
[20250410-14:10:50] [INFO ] Session started successfully for user shima on display 10
[20250410-14:10:50] [INFO ] Starting the xrdp channel server for display 10
[20250410-14:10:50] [INFO ] Found X server running at /tmp/.X11-unix/X10
[20250410-14:10:50] [INFO ] Session in progress on display 10, waiting until the window manager (pid 11744) exits to end the session
[20250410-14:10:50] [INFO ] Starting the default window manager on display 10: /etc/xrdp/startwm.sh
[20250410-14:10:59] [WARN ] Window manager (pid 11744, display 10) exited quickly (9 secs). This could indicate a window manager config problem
[20250410-14:10:59] [INFO ] Calling auth_stop_session and auth_end from pid 11741
[20250410-14:10:59] [INFO ] Terminating X server (pid 11745) on display 10
[20250410-14:10:59] [INFO ] Terminating the xrdp channel server (pid 11756) on display 10
[20250410-14:10:59] [INFO ] X server on display 10 (pid 11745) returned exit code 0 and signal number 0
[20250410-14:10:59] [INFO ] xrdp channel server for display 10 (pid 11756) exit code 0 and signal number 0
[20250410-14:10:59] [INFO ] cleanup_sockets:
[20250410-14:10:59] [INFO ] ++ terminated session:  username shima, display :10.0, session_pid 11741, ip ::ffff:165.242.90.48:50570 - socket: 11
[20250410-14:41:47] [INFO ] Socket 7: AF_INET6 connection received from ::1 port 42694
[20250410-14:41:47] [INFO ] Terminal Server Users group is disabled, allowing authentication
[20250410-14:41:47] [INFO ] ++ created session (access granted): username shima, ip ::ffff:122.218.16.30:55159 - socket: 11
[20250410-14:41:47] [INFO ] starting Xorg session...
[20250410-14:41:47] [INFO ] Starting session: session_pid 12927, display :10.0, width 1280, height 1024, bpp 24, client ip ::ffff:122.218.16.30:55159 - socket: 11, user name shima
[20250410-14:41:47] [INFO ] [session start] (display 10): calling auth_start_session from pid 12927
[20250410-14:41:47] [ERROR] sesman_data_in: scp_process_msg failed
[20250410-14:41:48] [INFO ] Starting X server on display 10: /usr/lib/xorg/Xorg :10 -auth .Xauthority -config xrdp/xorg.conf -noreset -nolisten tcp -logfile .xorgxrdp.%s.log  
[20250410-14:41:48] [ERROR] sesman_main_loop: trans_check_wait_objs failed, removing trans
[20250410-14:41:48] [INFO ] Found X server running at /tmp/.X11-unix/X10
[20250410-14:41:48] [INFO ] Found X server running at /tmp/.X11-unix/X10
[20250410-14:41:48] [INFO ] Session started successfully for user shima on display 10
[20250410-14:41:48] [INFO ] Starting the xrdp channel server for display 10
[20250410-14:41:48] [INFO ] Found X server running at /tmp/.X11-unix/X10
[20250410-14:41:48] [INFO ] Session in progress on display 10, waiting until the window manager (pid 12930) exits to end the session
[20250410-14:41:48] [INFO ] Starting the default window manager on display 10: /etc/xrdp/startwm.sh
[20250410-14:42:19] [INFO ] Calling auth_stop_session and auth_end from pid 12927
[20250410-14:42:19] [INFO ] Terminating X server (pid 12931) on display 10
[20250410-14:42:19] [INFO ] Terminating the xrdp channel server (pid 12941) on display 10
[20250410-14:42:19] [INFO ] X server on display 10 (pid 12931) returned exit code 0 and signal number 0
[20250410-14:42:19] [INFO ] xrdp channel server for display 10 (pid 12941) exit code 0 and signal number 0
[20250410-14:42:19] [INFO ] cleanup_sockets:
[20250410-14:42:19] [INFO ] ++ terminated session:  username shima, display :10.0, session_pid 12927, ip ::ffff:122.218.16.30:55159 - socket: 11
[20250410-14:42:26] [INFO ] Socket 7: AF_INET6 connection received from ::1 port 44926
[20250410-14:42:26] [INFO ] Terminal Server Users group is disabled, allowing authentication
[20250410-14:42:26] [INFO ] ++ created session (access granted): username shima, ip ::ffff:122.218.16.30:55162 - socket: 11
[20250410-14:42:26] [INFO ] starting Xorg session...
[20250410-14:42:26] [INFO ] Starting session: session_pid 13896, display :10.0, width 1280, height 1024, bpp 24, client ip ::ffff:122.218.16.30:55162 - socket: 11, user name shima
[20250410-14:42:26] [INFO ] [session start] (display 10): calling auth_start_session from pid 13896
[20250410-14:42:26] [ERROR] sesman_data_in: scp_process_msg failed
[20250410-14:42:26] [ERROR] sesman_main_loop: trans_check_wait_objs failed, removing trans
[20250410-14:42:26] [INFO ] Starting X server on display 10: /usr/lib/xorg/Xorg :10 -auth .Xauthority -config xrdp/xorg.conf -noreset -nolisten tcp -logfile .xorgxrdp.%s.log  
[20250410-14:42:26] [INFO ] Found X server running at /tmp/.X11-unix/X10
[20250410-14:42:26] [INFO ] Found X server running at /tmp/.X11-unix/X10
[20250410-14:42:26] [INFO ] Found X server running at /tmp/.X11-unix/X10
[20250410-14:42:26] [INFO ] Session started successfully for user shima on display 10
[20250410-14:42:26] [INFO ] Starting the xrdp channel server for display 10
[20250410-14:42:26] [INFO ] Starting the default window manager on display 10: /etc/xrdp/startwm.sh
[20250410-14:42:26] [INFO ] Session in progress on display 10, waiting until the window manager (pid 13899) exits to end the session
[20250410-14:42:52] [INFO ] Calling auth_stop_session and auth_end from pid 13896
[20250410-14:42:52] [INFO ] Terminating X server (pid 13900) on display 10
[20250410-14:42:52] [INFO ] Terminating the xrdp channel server (pid 13910) on display 10
[20250410-14:42:52] [INFO ] X server on display 10 (pid 13900) returned exit code 0 and signal number 0
[20250410-14:42:52] [INFO ] xrdp channel server for display 10 (pid 13910) exit code 0 and signal number 0
[20250410-14:42:52] [INFO ] cleanup_sockets:
[20250410-14:42:52] [INFO ] ++ terminated session:  username shima, display :10.0, session_pid 13896, ip ::ffff:122.218.16.30:55162 - socket: 11
[20250410-14:42:58] [INFO ] Socket 7: AF_INET6 connection received from ::1 port 56344
[20250410-14:42:58] [INFO ] Terminal Server Users group is disabled, allowing authentication
[20250410-14:42:58] [INFO ] ++ created session (access granted): username shima, ip ::ffff:122.218.16.30:55166 - socket: 11
[20250410-14:42:58] [INFO ] starting Xorg session...
[20250410-14:42:58] [INFO ] Starting session: session_pid 14856, display :10.0, width 1280, height 1024, bpp 24, client ip ::ffff:122.218.16.30:55166 - socket: 11, user name shima
[20250410-14:42:58] [INFO ] [session start] (display 10): calling auth_start_session from pid 14856
[20250410-14:42:58] [ERROR] sesman_data_in: scp_process_msg failed
[20250410-14:42:58] [INFO ] Starting X server on display 10: /usr/lib/xorg/Xorg :10 -auth .Xauthority -config xrdp/xorg.conf -noreset -nolisten tcp -logfile .xorgxrdp.%s.log  
[20250410-14:42:58] [ERROR] sesman_main_loop: trans_check_wait_objs failed, removing trans
[20250410-14:42:59] [INFO ] Found X server running at /tmp/.X11-unix/X10
[20250410-14:42:59] [INFO ] Found X server running at /tmp/.X11-unix/X10
[20250410-14:42:59] [INFO ] Found X server running at /tmp/.X11-unix/X10
[20250410-14:42:59] [INFO ] Session started successfully for user shima on display 10
[20250410-14:42:59] [INFO ] Starting the xrdp channel server for display 10
[20250410-14:42:59] [INFO ] Starting the default window manager on display 10: /etc/xrdp/startwm.sh
[20250410-14:42:59] [INFO ] Session in progress on display 10, waiting until the window manager (pid 14859) exits to end the session
[20250410-14:43:14] [INFO ] Calling auth_stop_session and auth_end from pid 14856
[20250410-14:43:14] [INFO ] Terminating X server (pid 14860) on display 10
[20250410-14:43:14] [INFO ] Terminating the xrdp channel server (pid 14870) on display 10
[20250410-14:43:14] [INFO ] X server on display 10 (pid 14860) returned exit code 0 and signal number 0
[20250410-14:43:14] [INFO ] xrdp channel server for display 10 (pid 14870) exit code 0 and signal number 0
[20250410-14:43:14] [INFO ] cleanup_sockets:
[20250410-14:43:14] [INFO ] ++ terminated session:  username shima, display :10.0, session_pid 14856, ip ::ffff:122.218.16.30:55166 - socket: 11
[20250410-14:51:08] [INFO ] Socket 7: AF_INET6 connection received from ::1 port 52494
[20250410-14:51:09] [INFO ] Terminal Server Users group is disabled, allowing authentication
[20250410-14:51:09] [INFO ] ++ created session (access granted): username shima, ip ::ffff:165.242.90.48:55222 - socket: 11
[20250410-14:51:09] [INFO ] starting Xorg session...
[20250410-14:51:09] [INFO ] Starting session: session_pid 15792, display :10.0, width 1280, height 1024, bpp 24, client ip ::ffff:165.242.90.48:55222 - socket: 11, user name shima
[20250410-14:51:09] [INFO ] [session start] (display 10): calling auth_start_session from pid 15792
[20250410-14:51:09] [ERROR] sesman_data_in: scp_process_msg failed
[20250410-14:51:09] [INFO ] Starting X server on display 10: /usr/lib/xorg/Xorg :10 -auth .Xauthority -config xrdp/xorg.conf -noreset -nolisten tcp -logfile .xorgxrdp.%s.log  
[20250410-14:51:09] [ERROR] sesman_main_loop: trans_check_wait_objs failed, removing trans
[20250410-14:51:09] [INFO ] Found X server running at /tmp/.X11-unix/X10
[20250410-14:51:09] [INFO ] Found X server running at /tmp/.X11-unix/X10
[20250410-14:51:09] [INFO ] Session started successfully for user shima on display 10
[20250410-14:51:09] [INFO ] Starting the xrdp channel server for display 10
[20250410-14:51:09] [INFO ] Found X server running at /tmp/.X11-unix/X10
[20250410-14:51:09] [INFO ] Session in progress on display 10, waiting until the window manager (pid 15795) exits to end the session
[20250410-14:51:09] [INFO ] Starting the default window manager on display 10: /etc/xrdp/startwm.sh
[20250410-14:51:15] [WARN ] Window manager (pid 15795, display 10) exited quickly (6 secs). This could indicate a window manager config problem
[20250410-14:51:15] [INFO ] Calling auth_stop_session and auth_end from pid 15792
[20250410-14:51:15] [INFO ] Terminating X server (pid 15796) on display 10
[20250410-14:51:16] [INFO ] Terminating the xrdp channel server (pid 15806) on display 10
[20250410-14:51:16] [INFO ] X server on display 10 (pid 15796) returned exit code 0 and signal number 0
[20250410-14:51:16] [INFO ] xrdp channel server for display 10 (pid 15806) exit code 0 and signal number 0
[20250410-14:51:16] [INFO ] cleanup_sockets:
[20250410-14:51:16] [INFO ] ++ terminated session:  username shima, display :10.0, session_pid 15792, ip ::ffff:165.242.90.48:55222 - socket: 11
[20250410-14:52:23] [INFO ] Socket 7: AF_INET6 connection received from ::1 port 45942
[20250410-14:52:23] [INFO ] Terminal Server Users group is disabled, allowing authentication
[20250410-14:52:23] [INFO ] ++ created session (access granted): username shima, ip ::ffff:165.242.90.48:55381 - socket: 11
[20250410-14:52:23] [INFO ] starting Xorg session...
[20250410-14:52:23] [INFO ] Starting session: session_pid 16676, display :10.0, width 1280, height 1024, bpp 24, client ip ::ffff:165.242.90.48:55381 - socket: 11, user name shima
[20250410-14:52:23] [INFO ] [session start] (display 10): calling auth_start_session from pid 16676
[20250410-14:52:23] [ERROR] sesman_data_in: scp_process_msg failed
[20250410-14:52:23] [INFO ] Starting X server on display 10: /usr/lib/xorg/Xorg :10 -auth .Xauthority -config xrdp/xorg.conf -noreset -nolisten tcp -logfile .xorgxrdp.%s.log  
[20250410-14:52:23] [ERROR] sesman_main_loop: trans_check_wait_objs failed, removing trans
[20250410-14:52:24] [INFO ] Found X server running at /tmp/.X11-unix/X10
[20250410-14:52:24] [INFO ] Found X server running at /tmp/.X11-unix/X10
[20250410-14:52:24] [INFO ] Session started successfully for user shima on display 10
[20250410-14:52:24] [INFO ] Starting the xrdp channel server for display 10
[20250410-14:52:24] [INFO ] Found X server running at /tmp/.X11-unix/X10
[20250410-14:52:24] [INFO ] Session in progress on display 10, waiting until the window manager (pid 16679) exits to end the session
[20250410-14:52:24] [INFO ] Starting the default window manager on display 10: /etc/xrdp/startwm.sh
[20250410-14:52:31] [WARN ] Window manager (pid 16679, display 10) exited quickly (7 secs). This could indicate a window manager config problem
[20250410-14:52:31] [INFO ] Calling auth_stop_session and auth_end from pid 16676
[20250410-14:52:31] [INFO ] Terminating X server (pid 16680) on display 10
[20250410-14:52:31] [INFO ] Terminating the xrdp channel server (pid 16690) on display 10
[20250410-14:52:31] [INFO ] X server on display 10 (pid 16680) returned exit code 0 and signal number 0
[20250410-14:52:31] [INFO ] xrdp channel server for display 10 (pid 16690) exit code 0 and signal number 0
[20250410-14:52:31] [INFO ] cleanup_sockets:
[20250410-14:52:31] [INFO ] ++ terminated session:  username shima, display :10.0, session_pid 16676, ip ::ffff:165.242.90.48:55381 - socket: 11
[20250410-14:55:00] [INFO ] Socket 7: AF_INET6 connection received from ::1 port 39556
[20250410-14:55:00] [INFO ] Terminal Server Users group is disabled, allowing authentication
[20250410-14:55:00] [INFO ] ++ created session (access granted): username shima, ip ::ffff:165.242.90.48:55624 - socket: 11
[20250410-14:55:00] [INFO ] starting Xorg session...
[20250410-14:55:00] [INFO ] Starting session: session_pid 17581, display :10.0, width 1280, height 1024, bpp 24, client ip ::ffff:165.242.90.48:55624 - socket: 11, user name shima
[20250410-14:55:00] [INFO ] [session start] (display 10): calling auth_start_session from pid 17581
[20250410-14:55:00] [ERROR] sesman_data_in: scp_process_msg failed
[20250410-14:55:00] [INFO ] Starting X server on display 10: /usr/lib/xorg/Xorg :10 -auth .Xauthority -config xrdp/xorg.conf -noreset -nolisten tcp -logfile .xorgxrdp.%s.log  
[20250410-14:55:00] [ERROR] sesman_main_loop: trans_check_wait_objs failed, removing trans
[20250410-14:55:01] [INFO ] Found X server running at /tmp/.X11-unix/X10
[20250410-14:55:01] [INFO ] Found X server running at /tmp/.X11-unix/X10
[20250410-14:55:01] [INFO ] Found X server running at /tmp/.X11-unix/X10
[20250410-14:55:01] [INFO ] Session started successfully for user shima on display 10
[20250410-14:55:01] [INFO ] Starting the xrdp channel server for display 10
[20250410-14:55:01] [INFO ] Starting the default window manager on display 10: /etc/xrdp/startwm.sh
[20250410-14:55:01] [INFO ] Session in progress on display 10, waiting until the window manager (pid 17584) exits to end the session
[20250410-14:55:09] [WARN ] Window manager (pid 17584, display 10) exited quickly (8 secs). This could indicate a window manager config problem
[20250410-14:55:09] [INFO ] Calling auth_stop_session and auth_end from pid 17581
[20250410-14:55:09] [INFO ] Terminating X server (pid 17585) on display 10
[20250410-14:55:09] [INFO ] Terminating the xrdp channel server (pid 17595) on display 10
[20250410-14:55:09] [INFO ] X server on display 10 (pid 17585) returned exit code 0 and signal number 0
[20250410-14:55:09] [INFO ] xrdp channel server for display 10 (pid 17595) exit code 0 and signal number 0
[20250410-14:55:09] [INFO ] cleanup_sockets:
[20250410-14:55:09] [INFO ] ++ terminated session:  username shima, display :10.0, session_pid 17581, ip ::ffff:165.242.90.48:55624 - socket: 11
[20250410-14:55:34] [INFO ] Socket 7: AF_INET6 connection received from ::1 port 60950
[20250410-14:55:34] [INFO ] Terminal Server Users group is disabled, allowing authentication
[20250410-14:55:34] [INFO ] ++ created session (access granted): username shima, ip ::ffff:165.242.90.48:55713 - socket: 11
[20250410-14:55:34] [INFO ] starting Xorg session...
[20250410-14:55:34] [INFO ] Starting session: session_pid 18479, display :10.0, width 1280, height 1024, bpp 24, client ip ::ffff:165.242.90.48:55713 - socket: 11, user name shima
[20250410-14:55:34] [INFO ] [session start] (display 10): calling auth_start_session from pid 18479
[20250410-14:55:34] [ERROR] sesman_data_in: scp_process_msg failed
[20250410-14:55:34] [INFO ] Starting X server on display 10: /usr/lib/xorg/Xorg :10 -auth .Xauthority -config xrdp/xorg.conf -noreset -nolisten tcp -logfile .xorgxrdp.%s.log  
[20250410-14:55:34] [ERROR] sesman_main_loop: trans_check_wait_objs failed, removing trans
[20250410-14:55:35] [INFO ] Found X server running at /tmp/.X11-unix/X10
[20250410-14:55:35] [INFO ] Found X server running at /tmp/.X11-unix/X10
[20250410-14:55:35] [INFO ] Session started successfully for user shima on display 10
[20250410-14:55:35] [INFO ] Starting the xrdp channel server for display 10
[20250410-14:55:35] [INFO ] Found X server running at /tmp/.X11-unix/X10
[20250410-14:55:35] [INFO ] Session in progress on display 10, waiting until the window manager (pid 18483) exits to end the session
[20250410-14:55:35] [INFO ] Starting the default window manager on display 10: /etc/xrdp/startwm.sh
[20250410-14:55:42] [WARN ] Window manager (pid 18483, display 10) exited quickly (7 secs). This could indicate a window manager config problem
[20250410-14:55:42] [INFO ] Calling auth_stop_session and auth_end from pid 18479
[20250410-14:55:42] [INFO ] Terminating X server (pid 18484) on display 10
[20250410-14:55:42] [INFO ] Terminating the xrdp channel server (pid 18494) on display 10
[20250410-14:55:42] [INFO ] X server on display 10 (pid 18484) returned exit code 0 and signal number 0
[20250410-14:55:42] [INFO ] xrdp channel server for display 10 (pid 18494) exit code 0 and signal number 0
[20250410-14:55:42] [INFO ] cleanup_sockets:
[20250410-14:55:42] [INFO ] ++ terminated session:  username shima, display :10.0, session_pid 18479, ip ::ffff:165.242.90.48:55713 - socket: 11
[20250410-14:55:57] [INFO ] Socket 7: AF_INET6 connection received from ::1 port 38932
[20250410-14:55:58] [INFO ] Terminal Server Users group is disabled, allowing authentication
[20250410-14:55:58] [INFO ] ++ created session (access granted): username shima, ip ::ffff:165.242.90.48:55755 - socket: 11
[20250410-14:55:58] [INFO ] starting Xorg session...
[20250410-14:55:58] [INFO ] Starting session: session_pid 19355, display :10.0, width 1280, height 1024, bpp 24, client ip ::ffff:165.242.90.48:55755 - socket: 11, user name shima
[20250410-14:55:58] [INFO ] [session start] (display 10): calling auth_start_session from pid 19355
[20250410-14:55:58] [ERROR] sesman_data_in: scp_process_msg failed
[20250410-14:55:58] [INFO ] Starting X server on display 10: /usr/lib/xorg/Xorg :10 -auth .Xauthority -config xrdp/xorg.conf -noreset -nolisten tcp -logfile .xorgxrdp.%s.log  
[20250410-14:55:58] [ERROR] sesman_main_loop: trans_check_wait_objs failed, removing trans
[20250410-14:55:58] [INFO ] Found X server running at /tmp/.X11-unix/X10
[20250410-14:55:58] [INFO ] Found X server running at /tmp/.X11-unix/X10
[20250410-14:55:58] [INFO ] Session started successfully for user shima on display 10
[20250410-14:55:58] [INFO ] Starting the xrdp channel server for display 10
[20250410-14:55:58] [INFO ] Found X server running at /tmp/.X11-unix/X10
[20250410-14:55:58] [INFO ] Session in progress on display 10, waiting until the window manager (pid 19358) exits to end the session
[20250410-14:55:58] [INFO ] Starting the default window manager on display 10: /etc/xrdp/startwm.sh
[20250410-14:56:07] [WARN ] Window manager (pid 19358, display 10) exited quickly (9 secs). This could indicate a window manager config problem
[20250410-14:56:07] [INFO ] Calling auth_stop_session and auth_end from pid 19355
[20250410-14:56:07] [INFO ] Terminating X server (pid 19359) on display 10
[20250410-14:56:07] [INFO ] Terminating the xrdp channel server (pid 19369) on display 10
[20250410-14:56:07] [INFO ] X server on display 10 (pid 19359) returned exit code 0 and signal number 0
[20250410-14:56:07] [INFO ] xrdp channel server for display 10 (pid 19369) exit code 0 and signal number 0
[20250410-14:56:07] [INFO ] cleanup_sockets:
[20250410-14:56:07] [INFO ] ++ terminated session:  username shima, display :10.0, session_pid 19355, ip ::ffff:165.242.90.48:55755 - socket: 11
[20250410-14:57:25] [INFO ] Socket 7: AF_INET6 connection received from ::1 port 45866
[20250410-14:57:25] [INFO ] Terminal Server Users group is disabled, allowing authentication
[20250410-14:57:25] [INFO ] ++ created session (access granted): username shima, ip ::ffff:165.242.90.48:55875 - socket: 11
[20250410-14:57:25] [INFO ] starting Xorg session...
[20250410-14:57:25] [INFO ] Starting session: session_pid 20248, display :10.0, width 1280, height 1024, bpp 24, client ip ::ffff:165.242.90.48:55875 - socket: 11, user name shima
[20250410-14:57:25] [INFO ] [session start] (display 10): calling auth_start_session from pid 20248
[20250410-14:57:25] [ERROR] sesman_data_in: scp_process_msg failed
[20250410-14:57:25] [INFO ] Starting X server on display 10: /usr/lib/xorg/Xorg :10 -auth .Xauthority -config xrdp/xorg.conf -noreset -nolisten tcp -logfile .xorgxrdp.%s.log  
[20250410-14:57:25] [ERROR] sesman_main_loop: trans_check_wait_objs failed, removing trans
[20250410-14:57:26] [INFO ] Found X server running at /tmp/.X11-unix/X10
[20250410-14:57:26] [INFO ] Found X server running at /tmp/.X11-unix/X10
[20250410-14:57:26] [INFO ] Session started successfully for user shima on display 10
[20250410-14:57:26] [INFO ] Starting the xrdp channel server for display 10
[20250410-14:57:26] [INFO ] Found X server running at /tmp/.X11-unix/X10
[20250410-14:57:26] [INFO ] Session in progress on display 10, waiting until the window manager (pid 20251) exits to end the session
[20250410-14:57:26] [INFO ] Starting the default window manager on display 10: /etc/xrdp/startwm.sh
[20250410-14:57:32] [WARN ] Window manager (pid 20251, display 10) exited quickly (6 secs). This could indicate a window manager config problem
[20250410-14:57:32] [INFO ] Calling auth_stop_session and auth_end from pid 20248
[20250410-14:57:32] [INFO ] Terminating X server (pid 20252) on display 10
[20250410-14:57:32] [INFO ] Terminating the xrdp channel server (pid 20262) on display 10
[20250410-14:57:32] [INFO ] X server on display 10 (pid 20252) returned exit code 0 and signal number 0
[20250410-14:57:32] [INFO ] xrdp channel server for display 10 (pid 20262) exit code 0 and signal number 0
[20250410-14:57:32] [INFO ] cleanup_sockets:
[20250410-14:57:32] [INFO ] ++ terminated session:  username shima, display :10.0, session_pid 20248, ip ::ffff:165.242.90.48:55875 - socket: 11
[20250410-14:58:08] [INFO ] Socket 7: AF_INET6 connection received from ::1 port 37868
[20250410-14:58:08] [INFO ] Terminal Server Users group is disabled, allowing authentication
[20250410-14:58:08] [INFO ] ++ created session (access granted): username shima, ip ::ffff:122.218.16.30:55221 - socket: 11
[20250410-14:58:08] [INFO ] starting Xorg session...
[20250410-14:58:08] [INFO ] Starting session: session_pid 21121, display :10.0, width 1280, height 1024, bpp 24, client ip ::ffff:122.218.16.30:55221 - socket: 11, user name shima
[20250410-14:58:08] [INFO ] [session start] (display 10): calling auth_start_session from pid 21121
[20250410-14:58:08] [ERROR] sesman_data_in: scp_process_msg failed
[20250410-14:58:08] [INFO ] Starting X server on display 10: /usr/lib/xorg/Xorg :10 -auth .Xauthority -config xrdp/xorg.conf -noreset -nolisten tcp -logfile .xorgxrdp.%s.log  
[20250410-14:58:08] [ERROR] sesman_main_loop: trans_check_wait_objs failed, removing trans
[20250410-14:58:09] [INFO ] Found X server running at /tmp/.X11-unix/X10
[20250410-14:58:09] [INFO ] Found X server running at /tmp/.X11-unix/X10
[20250410-14:58:09] [INFO ] Found X server running at /tmp/.X11-unix/X10
[20250410-14:58:09] [INFO ] Session started successfully for user shima on display 10
[20250410-14:58:09] [INFO ] Starting the xrdp channel server for display 10
[20250410-14:58:09] [INFO ] Starting the default window manager on display 10: /etc/xrdp/startwm.sh
[20250410-14:58:09] [INFO ] Session in progress on display 10, waiting until the window manager (pid 21124) exits to end the session
[20250410-15:00:36] [INFO ] Calling auth_stop_session and auth_end from pid 21121
[20250410-15:00:36] [INFO ] Terminating X server (pid 21125) on display 10
[20250410-15:00:36] [INFO ] Terminating the xrdp channel server (pid 21135) on display 10
[20250410-15:00:36] [INFO ] X server on display 10 (pid 21125) returned exit code 0 and signal number 0
[20250410-15:00:36] [INFO ] xrdp channel server for display 10 (pid 21135) exit code 0 and signal number 0
[20250410-15:00:36] [INFO ] cleanup_sockets:
[20250410-15:00:36] [INFO ] ++ terminated session:  username shima, display :10.0, session_pid 21121, ip ::ffff:122.218.16.30:55221 - socket: 11
[20250410-15:01:45] [INFO ] Socket 7: AF_INET6 connection received from ::1 port 44942
[20250410-15:01:45] [INFO ] Terminal Server Users group is disabled, allowing authentication
[20250410-15:01:45] [INFO ] ++ created session (access granted): username shima, ip ::ffff:165.242.90.48:56217 - socket: 11
[20250410-15:01:45] [INFO ] starting Xorg session...
[20250410-15:01:45] [INFO ] Starting session: session_pid 22607, display :10.0, width 1280, height 800, bpp 24, client ip ::ffff:165.242.90.48:56217 - socket: 11, user name shima
[20250410-15:01:45] [INFO ] [session start] (display 10): calling auth_start_session from pid 22607
[20250410-15:01:45] [ERROR] sesman_data_in: scp_process_msg failed
[20250410-15:01:45] [INFO ] Starting X server on display 10: /usr/lib/xorg/Xorg :10 -auth .Xauthority -config xrdp/xorg.conf -noreset -nolisten tcp -logfile .xorgxrdp.%s.log  
[20250410-15:01:45] [ERROR] sesman_main_loop: trans_check_wait_objs failed, removing trans
[20250410-15:01:45] [INFO ] Found X server running at /tmp/.X11-unix/X10
[20250410-15:01:45] [INFO ] Found X server running at /tmp/.X11-unix/X10
[20250410-15:01:45] [INFO ] Found X server running at /tmp/.X11-unix/X10
[20250410-15:01:45] [INFO ] Session started successfully for user shima on display 10
[20250410-15:01:45] [INFO ] Starting the xrdp channel server for display 10
[20250410-15:01:45] [INFO ] Starting the default window manager on display 10: /etc/xrdp/startwm.sh
[20250410-15:01:45] [INFO ] Session in progress on display 10, waiting until the window manager (pid 22610) exits to end the session
[20250410-15:42:45] [INFO ] Calling auth_stop_session and auth_end from pid 22607
[20250410-15:42:45] [INFO ] Terminating X server (pid 22611) on display 10
[20250410-15:42:45] [INFO ] Terminating the xrdp channel server (pid 22621) on display 10
[20250410-15:42:45] [INFO ] X server on display 10 (pid 22611) returned exit code 0 and signal number 0
[20250410-15:42:45] [INFO ] xrdp channel server for display 10 (pid 22621) exit code 0 and signal number 0
[20250410-15:42:45] [INFO ] cleanup_sockets:
[20250410-15:42:45] [INFO ] ++ terminated session:  username shima, display :10.0, session_pid 22607, ip ::ffff:165.242.90.48:56217 - socket: 11
[20250410-15:42:58] [INFO ] Socket 7: AF_INET6 connection received from ::1 port 55324
[20250410-15:43:00] [ERROR] pam_authenticate failed: Authentication failure
[20250410-15:43:00] [INFO ] Username or password error for user: a20999
[20250410-15:43:00] [ERROR] sesman_data_in: scp_process_msg failed
[20250410-15:43:00] [ERROR] sesman_main_loop: trans_check_wait_objs failed, removing trans
[20250410-15:46:03] [INFO ] Socket 7: AF_INET6 connection received from ::1 port 46676
[20250410-15:46:04] [INFO ] Terminal Server Users group is disabled, allowing authentication
[20250410-15:46:04] [INFO ] ++ created session (access granted): username a20999, ip ::ffff:165.242.90.48:60452 - socket: 11
[20250410-15:46:04] [INFO ] starting Xorg session...
[20250410-15:46:04] [INFO ] Starting session: session_pid 25654, display :10.0, width 1280, height 800, bpp 24, client ip ::ffff:165.242.90.48:60452 - socket: 11, user name a20999
[20250410-15:46:04] [INFO ] [session start] (display 10): calling auth_start_session from pid 25654
[20250410-15:46:04] [ERROR] sesman_data_in: scp_process_msg failed
[20250410-15:46:04] [INFO ] Starting X server on display 10: /usr/lib/xorg/Xorg :10 -auth .Xauthority -config xrdp/xorg.conf -noreset -nolisten tcp -logfile .xorgxrdp.%s.log  
[20250410-15:46:04] [ERROR] sesman_main_loop: trans_check_wait_objs failed, removing trans
[20250410-15:46:04] [INFO ] Found X server running at /tmp/.X11-unix/X10
[20250410-15:46:04] [INFO ] Found X server running at /tmp/.X11-unix/X10
[20250410-15:46:04] [INFO ] Found X server running at /tmp/.X11-unix/X10
[20250410-15:46:04] [INFO ] Session started successfully for user a20999 on display 10
[20250410-15:46:04] [INFO ] Starting the xrdp channel server for display 10
[20250410-15:46:04] [INFO ] Starting the default window manager on display 10: /etc/xrdp/startwm.sh
[20250410-15:46:04] [INFO ] Session in progress on display 10, waiting until the window manager (pid 25657) exits to end the session
[20250410-15:46:21] [INFO ] Calling auth_stop_session and auth_end from pid 25654
[20250410-15:46:21] [INFO ] Terminating X server (pid 25658) on display 10
[20250410-15:46:21] [INFO ] Terminating the xrdp channel server (pid 25668) on display 10
[20250410-15:46:21] [INFO ] X server on display 10 (pid 25658) returned exit code 0 and signal number 0
[20250410-15:46:21] [INFO ] xrdp channel server for display 10 (pid 25668) exit code 0 and signal number 0
[20250410-15:46:21] [INFO ] cleanup_sockets:
[20250410-15:46:21] [INFO ] ++ terminated session:  username a20999, display :10.0, session_pid 25654, ip ::ffff:165.242.90.48:60452 - socket: 11
[20250410-15:51:55] [INFO ] Socket 7: AF_INET6 connection received from ::1 port 43280
[20250410-15:51:55] [INFO ] Terminal Server Users group is disabled, allowing authentication
[20250410-15:51:55] [INFO ] ++ created session (access granted): username a20999, ip ::ffff:122.218.16.30:55339 - socket: 11
[20250410-15:51:55] [INFO ] starting Xorg session...
[20250410-15:51:55] [INFO ] Starting session: session_pid 26702, display :10.0, width 1280, height 1024, bpp 24, client ip ::ffff:122.218.16.30:55339 - socket: 11, user name a20999
[20250410-15:51:55] [INFO ] [session start] (display 10): calling auth_start_session from pid 26702
[20250410-15:51:55] [ERROR] sesman_data_in: scp_process_msg failed
[20250410-15:51:55] [INFO ] Starting X server on display 10: /usr/lib/xorg/Xorg :10 -auth .Xauthority -config xrdp/xorg.conf -noreset -nolisten tcp -logfile .xorgxrdp.%s.log  
[20250410-15:51:55] [ERROR] sesman_main_loop: trans_check_wait_objs failed, removing trans
[20250410-15:51:55] [INFO ] Found X server running at /tmp/.X11-unix/X10
[20250410-15:51:55] [INFO ] Found X server running at /tmp/.X11-unix/X10
[20250410-15:51:55] [INFO ] Session started successfully for user a20999 on display 10
[20250410-15:51:55] [INFO ] Starting the xrdp channel server for display 10
[20250410-15:51:55] [INFO ] Found X server running at /tmp/.X11-unix/X10
[20250410-15:51:55] [INFO ] Session in progress on display 10, waiting until the window manager (pid 26705) exits to end the session
[20250410-15:51:55] [INFO ] Starting the default window manager on display 10: /etc/xrdp/startwm.sh
[20250410-15:52:03] [WARN ] Window manager (pid 26705, display 10) exited quickly (8 secs). This could indicate a window manager config problem
[20250410-15:52:03] [INFO ] Calling auth_stop_session and auth_end from pid 26702
[20250410-15:52:03] [INFO ] Terminating X server (pid 26706) on display 10
[20250410-15:52:03] [INFO ] Terminating the xrdp channel server (pid 26716) on display 10
[20250410-15:52:03] [INFO ] X server on display 10 (pid 26706) returned exit code 0 and signal number 0
[20250410-15:52:04] [INFO ] xrdp channel server for display 10 (pid 26716) exit code 0 and signal number 0
[20250410-15:52:04] [INFO ] cleanup_sockets:
[20250410-15:52:04] [INFO ] ++ terminated session:  username a20999, display :10.0, session_pid 26702, ip ::ffff:122.218.16.30:55339 - socket: 11
[20250410-15:53:58] [INFO ] Socket 7: AF_INET6 connection received from ::1 port 58928
[20250410-15:53:58] [INFO ] Terminal Server Users group is disabled, allowing authentication
[20250410-15:53:58] [INFO ] ++ created session (access granted): username a20999, ip ::ffff:122.218.16.30:55343 - socket: 11
[20250410-15:53:58] [INFO ] starting Xorg session...
[20250410-15:53:58] [INFO ] Starting session: session_pid 27590, display :10.0, width 1280, height 800, bpp 24, client ip ::ffff:122.218.16.30:55343 - socket: 11, user name a20999
[20250410-15:53:58] [INFO ] [session start] (display 10): calling auth_start_session from pid 27590
[20250410-15:53:58] [ERROR] sesman_data_in: scp_process_msg failed
[20250410-15:53:58] [INFO ] Starting X server on display 10: /usr/lib/xorg/Xorg :10 -auth .Xauthority -config xrdp/xorg.conf -noreset -nolisten tcp -logfile .xorgxrdp.%s.log  
[20250410-15:53:58] [ERROR] sesman_main_loop: trans_check_wait_objs failed, removing trans
[20250410-15:53:58] [INFO ] Found X server running at /tmp/.X11-unix/X10
[20250410-15:53:58] [INFO ] Found X server running at /tmp/.X11-unix/X10
[20250410-15:53:58] [INFO ] Found X server running at /tmp/.X11-unix/X10
[20250410-15:53:58] [INFO ] Session started successfully for user a20999 on display 10
[20250410-15:53:58] [INFO ] Starting the xrdp channel server for display 10
[20250410-15:53:58] [INFO ] Starting the default window manager on display 10: /etc/xrdp/startwm.sh
[20250410-15:53:58] [INFO ] Session in progress on display 10, waiting until the window manager (pid 27593) exits to end the session
[20250410-15:54:23] [INFO ] Calling auth_stop_session and auth_end from pid 27590
[20250410-15:54:23] [INFO ] Terminating X server (pid 27594) on display 10
[20250410-15:54:23] [INFO ] Terminating the xrdp channel server (pid 27604) on display 10
[20250410-15:54:23] [INFO ] X server on display 10 (pid 27594) returned exit code 0 and signal number 0
[20250410-15:54:23] [INFO ] xrdp channel server for display 10 (pid 27604) exit code 0 and signal number 0
[20250410-15:54:23] [INFO ] cleanup_sockets:
[20250410-15:54:23] [INFO ] ++ terminated session:  username a20999, display :10.0, session_pid 27590, ip ::ffff:122.218.16.30:55343 - socket: 11
[20250410-15:54:54] [INFO ] Socket 7: AF_INET6 connection received from ::1 port 43384
[20250410-15:54:55] [INFO ] Terminal Server Users group is disabled, allowing authentication
[20250410-15:54:55] [INFO ] ++ created session (access granted): username a20999, ip ::ffff:122.218.16.30:55354 - socket: 11
[20250410-15:54:55] [INFO ] starting Xorg session...
[20250410-15:54:55] [INFO ] Starting session: session_pid 28997, display :10.0, width 1280, height 800, bpp 24, client ip ::ffff:122.218.16.30:55354 - socket: 11, user name a20999
[20250410-15:54:55] [INFO ] [session start] (display 10): calling auth_start_session from pid 28997
[20250410-15:54:55] [ERROR] sesman_data_in: scp_process_msg failed
[20250410-15:54:55] [INFO ] Starting X server on display 10: /usr/lib/xorg/Xorg :10 -auth .Xauthority -config xrdp/xorg.conf -noreset -nolisten tcp -logfile .xorgxrdp.%s.log  
[20250410-15:54:55] [ERROR] sesman_main_loop: trans_check_wait_objs failed, removing trans
[20250410-15:54:55] [INFO ] Found X server running at /tmp/.X11-unix/X10
[20250410-15:54:55] [INFO ] Found X server running at /tmp/.X11-unix/X10
[20250410-15:54:55] [INFO ] Session started successfully for user a20999 on display 10
[20250410-15:54:55] [INFO ] Starting the xrdp channel server for display 10
[20250410-15:54:55] [INFO ] Found X server running at /tmp/.X11-unix/X10
[20250410-15:54:55] [INFO ] Session in progress on display 10, waiting until the window manager (pid 29001) exits to end the session
[20250410-15:54:55] [INFO ] Starting the default window manager on display 10: /etc/xrdp/startwm.sh
[20250410-15:55:05] [INFO ] Calling auth_stop_session and auth_end from pid 28997
[20250410-15:55:05] [INFO ] Terminating X server (pid 29002) on display 10
[20250410-15:55:05] [INFO ] Terminating the xrdp channel server (pid 29012) on display 10
[20250410-15:55:05] [INFO ] X server on display 10 (pid 29002) returned exit code 0 and signal number 0
[20250410-15:55:05] [INFO ] xrdp channel server for display 10 (pid 29012) exit code 0 and signal number 0
[20250410-15:55:06] [INFO ] cleanup_sockets:
[20250410-15:55:06] [INFO ] ++ terminated session:  username a20999, display :10.0, session_pid 28997, ip ::ffff:122.218.16.30:55354 - socket: 11
[20250410-15:56:20] [INFO ] Socket 7: AF_INET6 connection received from ::1 port 35368
[20250410-15:56:20] [INFO ] Terminal Server Users group is disabled, allowing authentication
[20250410-15:56:20] [INFO ] ++ created session (access granted): username a20999, ip ::ffff:122.218.16.30:55358 - socket: 11
[20250410-15:56:20] [INFO ] starting Xorg session...
[20250410-15:56:20] [INFO ] Starting session: session_pid 29945, display :10.0, width 1280, height 800, bpp 24, client ip ::ffff:122.218.16.30:55358 - socket: 11, user name a20999
[20250410-15:56:20] [INFO ] [session start] (display 10): calling auth_start_session from pid 29945
[20250410-15:56:20] [ERROR] sesman_data_in: scp_process_msg failed
[20250410-15:56:20] [INFO ] Starting X server on display 10: /usr/lib/xorg/Xorg :10 -auth .Xauthority -config xrdp/xorg.conf -noreset -nolisten tcp -logfile .xorgxrdp.%s.log  
[20250410-15:56:20] [ERROR] sesman_main_loop: trans_check_wait_objs failed, removing trans
[20250410-15:56:20] [INFO ] Found X server running at /tmp/.X11-unix/X10
[20250410-15:56:20] [INFO ] Found X server running at /tmp/.X11-unix/X10
[20250410-15:56:20] [INFO ] Found X server running at /tmp/.X11-unix/X10
[20250410-15:56:20] [INFO ] Session started successfully for user a20999 on display 10
[20250410-15:56:20] [INFO ] Starting the xrdp channel server for display 10
[20250410-15:56:20] [INFO ] Starting the default window manager on display 10: /etc/xrdp/startwm.sh
[20250410-15:56:20] [INFO ] Session in progress on display 10, waiting until the window manager (pid 29948) exits to end the session
[20250410-15:56:29] [WARN ] Window manager (pid 29948, display 10) exited quickly (9 secs). This could indicate a window manager config problem
[20250410-15:56:29] [INFO ] Calling auth_stop_session and auth_end from pid 29945
[20250410-15:56:29] [INFO ] Terminating X server (pid 29949) on display 10
[20250410-15:56:29] [INFO ] Terminating the xrdp channel server (pid 29959) on display 10
[20250410-15:56:29] [INFO ] X server on display 10 (pid 29949) returned exit code 0 and signal number 0
[20250410-15:56:29] [INFO ] xrdp channel server for display 10 (pid 29959) exit code 0 and signal number 0
[20250410-15:56:29] [INFO ] cleanup_sockets:
[20250410-15:56:29] [INFO ] ++ terminated session:  username a20999, display :10.0, session_pid 29945, ip ::ffff:122.218.16.30:55358 - socket: 11
[20250410-16:06:06] [INFO ] Socket 7: AF_INET6 connection received from ::1 port 45732
[20250410-16:06:06] [INFO ] Terminal Server Users group is disabled, allowing authentication
[20250410-16:06:06] [INFO ] ++ created session (access granted): username a20999, ip ::ffff:165.242.90.48:62249 - socket: 11
[20250410-16:06:06] [INFO ] starting Xorg session...
[20250410-16:06:06] [INFO ] Starting session: session_pid 30887, display :10.0, width 1280, height 800, bpp 24, client ip ::ffff:165.242.90.48:62249 - socket: 11, user name a20999
[20250410-16:06:06] [INFO ] [session start] (display 10): calling auth_start_session from pid 30887
[20250410-16:06:06] [ERROR] sesman_data_in: scp_process_msg failed
[20250410-16:06:06] [INFO ] Starting X server on display 10: /usr/lib/xorg/Xorg :10 -auth .Xauthority -config xrdp/xorg.conf -noreset -nolisten tcp -logfile .xorgxrdp.%s.log  
[20250410-16:06:06] [ERROR] sesman_main_loop: trans_check_wait_objs failed, removing trans
[20250410-16:06:06] [INFO ] Found X server running at /tmp/.X11-unix/X10
[20250410-16:06:06] [INFO ] Found X server running at /tmp/.X11-unix/X10
[20250410-16:06:06] [INFO ] Session started successfully for user a20999 on display 10
[20250410-16:06:06] [INFO ] Starting the xrdp channel server for display 10
[20250410-16:06:06] [INFO ] Found X server running at /tmp/.X11-unix/X10
[20250410-16:06:06] [INFO ] Session in progress on display 10, waiting until the window manager (pid 30890) exits to end the session
[20250410-16:06:06] [INFO ] Starting the default window manager on display 10: /etc/xrdp/startwm.sh
[20250410-16:08:28] [INFO ] Calling auth_stop_session and auth_end from pid 30887
[20250410-16:08:28] [INFO ] Terminating X server (pid 30891) on display 10
[20250410-16:08:28] [INFO ] Terminating the xrdp channel server (pid 30901) on display 10
[20250410-16:08:28] [INFO ] X server on display 10 (pid 30891) returned exit code 0 and signal number 0
[20250410-16:08:29] [INFO ] xrdp channel server for display 10 (pid 30901) exit code 0 and signal number 0
[20250410-16:08:29] [INFO ] cleanup_sockets:
[20250410-16:08:29] [INFO ] ++ terminated session:  username a20999, display :10.0, session_pid 30887, ip ::ffff:165.242.90.48:62249 - socket: 11
[20250410-16:12:32] [INFO ] Socket 7: AF_INET6 connection received from ::1 port 46974
[20250410-16:12:32] [INFO ] Terminal Server Users group is disabled, allowing authentication
[20250410-16:12:32] [INFO ] ++ created session (access granted): username a20999, ip ::ffff:165.242.90.59:60436 - socket: 11
[20250410-16:12:32] [INFO ] starting Xorg session...
[20250410-16:12:32] [INFO ] Starting session: session_pid 31970, display :10.0, width 1024, height 768, bpp 24, client ip ::ffff:165.242.90.59:60436 - socket: 11, user name a20999
[20250410-16:12:32] [INFO ] [session start] (display 10): calling auth_start_session from pid 31970
[20250410-16:12:32] [ERROR] sesman_data_in: scp_process_msg failed
[20250410-16:12:32] [INFO ] Starting X server on display 10: /usr/lib/xorg/Xorg :10 -auth .Xauthority -config xrdp/xorg.conf -noreset -nolisten tcp -logfile .xorgxrdp.%s.log  
[20250410-16:12:32] [ERROR] sesman_main_loop: trans_check_wait_objs failed, removing trans
[20250410-16:12:32] [INFO ] Found X server running at /tmp/.X11-unix/X10
[20250410-16:12:32] [INFO ] Found X server running at /tmp/.X11-unix/X10
[20250410-16:12:32] [INFO ] Session started successfully for user a20999 on display 10
[20250410-16:12:32] [INFO ] Starting the xrdp channel server for display 10
[20250410-16:12:32] [INFO ] Found X server running at /tmp/.X11-unix/X10
[20250410-16:12:32] [INFO ] Session in progress on display 10, waiting until the window manager (pid 31973) exits to end the session
[20250410-16:12:32] [INFO ] Starting the default window manager on display 10: /etc/xrdp/startwm.sh
[20250410-16:13:05] [INFO ] Calling auth_stop_session and auth_end from pid 31970
[20250410-16:13:05] [INFO ] Terminating X server (pid 31974) on display 10
[20250410-16:13:05] [INFO ] Terminating the xrdp channel server (pid 31984) on display 10
[20250410-16:13:05] [INFO ] X server on display 10 (pid 31974) returned exit code 0 and signal number 0
[20250410-16:13:05] [INFO ] xrdp channel server for display 10 (pid 31984) exit code 0 and signal number 0
[20250410-16:13:05] [INFO ] cleanup_sockets:
[20250410-16:13:05] [INFO ] ++ terminated session:  username a20999, display :10.0, session_pid 31970, ip ::ffff:165.242.90.59:60436 - socket: 11
[20250410-16:19:27] [INFO ] Socket 7: AF_INET6 connection received from ::1 port 45844
[20250410-16:19:28] [INFO ] Terminal Server Users group is disabled, allowing authentication
[20250410-16:19:28] [INFO ] ++ created session (access granted): username a20999, ip ::ffff:165.242.90.86:55261 - socket: 11
[20250410-16:19:28] [INFO ] starting Xorg session...
[20250410-16:19:28] [INFO ] Starting session: session_pid 32983, display :10.0, width 1280, height 800, bpp 24, client ip ::ffff:165.242.90.86:55261 - socket: 11, user name a20999
[20250410-16:19:28] [INFO ] [session start] (display 10): calling auth_start_session from pid 32983
[20250410-16:19:28] [ERROR] sesman_data_in: scp_process_msg failed
[20250410-16:19:28] [INFO ] Starting X server on display 10: /usr/lib/xorg/Xorg :10 -auth .Xauthority -config xrdp/xorg.conf -noreset -nolisten tcp -logfile .xorgxrdp.%s.log  
[20250410-16:19:28] [ERROR] sesman_main_loop: trans_check_wait_objs failed, removing trans
[20250410-16:19:28] [INFO ] Found X server running at /tmp/.X11-unix/X10
[20250410-16:19:28] [INFO ] Found X server running at /tmp/.X11-unix/X10
[20250410-16:19:28] [INFO ] Found X server running at /tmp/.X11-unix/X10
[20250410-16:19:28] [INFO ] Session started successfully for user a20999 on display 10
[20250410-16:19:28] [INFO ] Starting the xrdp channel server for display 10
[20250410-16:19:28] [INFO ] Starting the default window manager on display 10: /etc/xrdp/startwm.sh
[20250410-16:19:28] [INFO ] Session in progress on display 10, waiting until the window manager (pid 32986) exits to end the session
[20250410-16:20:14] [INFO ] Calling auth_stop_session and auth_end from pid 32983
[20250410-16:20:14] [INFO ] Terminating X server (pid 32987) on display 10
[20250410-16:20:14] [INFO ] Terminating the xrdp channel server (pid 32997) on display 10
[20250410-16:20:14] [INFO ] X server on display 10 (pid 32987) returned exit code 0 and signal number 0
[20250410-16:20:14] [INFO ] xrdp channel server for display 10 (pid 32997) exit code 0 and signal number 0
[20250410-16:20:14] [INFO ] cleanup_sockets:
[20250410-16:20:14] [INFO ] ++ terminated session:  username a20999, display :10.0, session_pid 32983, ip ::ffff:165.242.90.86:55261 - socket: 11
[20250410-16:20:18] [INFO ] Socket 7: AF_INET6 connection received from ::1 port 48502
[20250410-16:20:18] [INFO ] Terminal Server Users group is disabled, allowing authentication
[20250410-16:20:18] [INFO ] ++ created session (access granted): username a20999, ip ::ffff:165.242.90.86:55267 - socket: 11
[20250410-16:20:18] [INFO ] starting Xorg session...
[20250410-16:20:18] [INFO ] Starting session: session_pid 33958, display :10.0, width 1280, height 800, bpp 24, client ip ::ffff:165.242.90.86:55267 - socket: 11, user name a20999
[20250410-16:20:18] [INFO ] [session start] (display 10): calling auth_start_session from pid 33958
[20250410-16:20:18] [ERROR] sesman_data_in: scp_process_msg failed
[20250410-16:20:18] [INFO ] Starting X server on display 10: /usr/lib/xorg/Xorg :10 -auth .Xauthority -config xrdp/xorg.conf -noreset -nolisten tcp -logfile .xorgxrdp.%s.log  
[20250410-16:20:18] [ERROR] sesman_main_loop: trans_check_wait_objs failed, removing trans
[20250410-16:20:19] [INFO ] Found X server running at /tmp/.X11-unix/X10
[20250410-16:20:19] [INFO ] Found X server running at /tmp/.X11-unix/X10
[20250410-16:20:19] [INFO ] Session started successfully for user a20999 on display 10
[20250410-16:20:19] [INFO ] Starting the xrdp channel server for display 10
[20250410-16:20:19] [INFO ] Found X server running at /tmp/.X11-unix/X10
[20250410-16:20:19] [INFO ] Session in progress on display 10, waiting until the window manager (pid 33961) exits to end the session
[20250410-16:20:19] [INFO ] Starting the default window manager on display 10: /etc/xrdp/startwm.sh
[20250410-16:20:50] [INFO ] Calling auth_stop_session and auth_end from pid 33958
[20250410-16:20:50] [INFO ] Terminating X server (pid 33962) on display 10
[20250410-16:20:50] [INFO ] Terminating the xrdp channel server (pid 33972) on display 10
[20250410-16:20:50] [INFO ] X server on display 10 (pid 33962) returned exit code 0 and signal number 0
[20250410-16:20:50] [INFO ] xrdp channel server for display 10 (pid 33972) exit code 0 and signal number 0
[20250410-16:20:50] [INFO ] cleanup_sockets:
[20250410-16:20:50] [INFO ] ++ terminated session:  username a20999, display :10.0, session_pid 33958, ip ::ffff:165.242.90.86:55267 - socket: 11
[20250410-16:22:35] [INFO ] Socket 7: AF_INET6 connection received from ::1 port 33994
[20250410-16:22:35] [INFO ] Terminal Server Users group is disabled, allowing authentication
[20250410-16:22:35] [INFO ] ++ created session (access granted): username a20999, ip ::ffff:165.242.90.86:55286 - socket: 11
[20250410-16:22:35] [INFO ] starting Xorg session...
[20250410-16:22:35] [INFO ] Starting session: session_pid 34936, display :10.0, width 1280, height 800, bpp 24, client ip ::ffff:165.242.90.86:55286 - socket: 11, user name a20999
[20250410-16:22:35] [INFO ] [session start] (display 10): calling auth_start_session from pid 34936
[20250410-16:22:35] [ERROR] sesman_data_in: scp_process_msg failed
[20250410-16:22:35] [INFO ] Starting X server on display 10: /usr/lib/xorg/Xorg :10 -auth .Xauthority -config xrdp/xorg.conf -noreset -nolisten tcp -logfile .xorgxrdp.%s.log  
[20250410-16:22:35] [ERROR] sesman_main_loop: trans_check_wait_objs failed, removing trans
[20250410-16:22:35] [INFO ] Found X server running at /tmp/.X11-unix/X10
[20250410-16:22:35] [INFO ] Found X server running at /tmp/.X11-unix/X10
[20250410-16:22:35] [INFO ] Found X server running at /tmp/.X11-unix/X10
[20250410-16:22:35] [INFO ] Session started successfully for user a20999 on display 10
[20250410-16:22:35] [INFO ] Starting the xrdp channel server for display 10
[20250410-16:22:35] [INFO ] Starting the default window manager on display 10: /etc/xrdp/startwm.sh
[20250410-16:22:35] [INFO ] Session in progress on display 10, waiting until the window manager (pid 34939) exits to end the session
[20250410-16:28:12] [INFO ] Calling auth_stop_session and auth_end from pid 34936
[20250410-16:28:12] [INFO ] Terminating X server (pid 34940) on display 10
[20250410-16:28:12] [INFO ] Terminating the xrdp channel server (pid 34950) on display 10
[20250410-16:28:12] [INFO ] X server on display 10 (pid 34940) returned exit code 0 and signal number 0
[20250410-16:28:12] [INFO ] xrdp channel server for display 10 (pid 34950) exit code 0 and signal number 0
[20250410-16:28:12] [INFO ] cleanup_sockets:
[20250410-16:28:12] [INFO ] ++ terminated session:  username a20999, display :10.0, session_pid 34936, ip ::ffff:165.242.90.86:55286 - socket: 11
[20250410-18:38:39] [INFO ] Socket 7: AF_INET6 connection received from ::1 port 53738
[20250410-18:38:39] [INFO ] Terminal Server Users group is disabled, allowing authentication
[20250410-18:38:39] [INFO ] ++ created session (access granted): username a20999, ip ::ffff:122.218.16.30:55737 - socket: 11
[20250410-18:38:39] [INFO ] starting Xorg session...
[20250410-18:38:39] [INFO ] Starting session: session_pid 37075, display :10.0, width 1280, height 1024, bpp 24, client ip ::ffff:122.218.16.30:55737 - socket: 11, user name a20999
[20250410-18:38:39] [INFO ] [session start] (display 10): calling auth_start_session from pid 37075
[20250410-18:38:39] [ERROR] sesman_data_in: scp_process_msg failed
[20250410-18:38:39] [INFO ] Starting X server on display 10: /usr/lib/xorg/Xorg :10 -auth .Xauthority -config xrdp/xorg.conf -noreset -nolisten tcp -logfile .xorgxrdp.%s.log  
[20250410-18:38:39] [ERROR] sesman_main_loop: trans_check_wait_objs failed, removing trans
[20250410-18:38:40] [INFO ] Found X server running at /tmp/.X11-unix/X10
[20250410-18:38:40] [INFO ] Found X server running at /tmp/.X11-unix/X10
[20250410-18:38:40] [INFO ] Session started successfully for user a20999 on display 10
[20250410-18:38:40] [INFO ] Starting the xrdp channel server for display 10
[20250410-18:38:40] [INFO ] Found X server running at /tmp/.X11-unix/X10
[20250410-18:38:40] [INFO ] Session in progress on display 10, waiting until the window manager (pid 37078) exits to end the session
[20250410-18:38:40] [INFO ] Starting the default window manager on display 10: /etc/xrdp/startwm.sh
[20250410-18:38:47] [WARN ] Window manager (pid 37078, display 10) exited quickly (7 secs). This could indicate a window manager config problem
[20250410-18:38:47] [INFO ] Calling auth_stop_session and auth_end from pid 37075
[20250410-18:38:47] [INFO ] Terminating X server (pid 37079) on display 10
[20250410-18:38:47] [INFO ] Terminating the xrdp channel server (pid 37089) on display 10
[20250410-18:38:47] [INFO ] X server on display 10 (pid 37079) returned exit code 0 and signal number 0
[20250410-18:38:47] [INFO ] xrdp channel server for display 10 (pid 37089) exit code 0 and signal number 0
[20250410-18:38:47] [INFO ] cleanup_sockets:
[20250410-18:38:47] [INFO ] ++ terminated session:  username a20999, display :10.0, session_pid 37075, ip ::ffff:122.218.16.30:55737 - socket: 11
[20250410-19:45:58] [INFO ] Socket 7: AF_INET6 connection received from ::1 port 58214
[20250410-19:45:58] [INFO ] Terminal Server Users group is disabled, allowing authentication
[20250410-19:45:58] [INFO ] ++ created session (access granted): username a20999, ip ::ffff:165.242.43.123:62084 - socket: 11
[20250410-19:45:58] [INFO ] starting Xorg session...
[20250410-19:45:58] [INFO ] Starting session: session_pid 38566, display :10.0, width 1280, height 800, bpp 24, client ip ::ffff:165.242.43.123:62084 - socket: 11, user name a20999
[20250410-19:45:58] [INFO ] [session start] (display 10): calling auth_start_session from pid 38566
[20250410-19:45:58] [ERROR] sesman_data_in: scp_process_msg failed
[20250410-19:45:59] [ERROR] sesman_main_loop: trans_check_wait_objs failed, removing trans
[20250410-19:45:59] [INFO ] Starting X server on display 10: /usr/lib/xorg/Xorg :10 -auth .Xauthority -config xrdp/xorg.conf -noreset -nolisten tcp -logfile .xorgxrdp.%s.log  
[20250410-19:45:59] [INFO ] Found X server running at /tmp/.X11-unix/X10
[20250410-19:45:59] [INFO ] Found X server running at /tmp/.X11-unix/X10
[20250410-19:45:59] [INFO ] Found X server running at /tmp/.X11-unix/X10
[20250410-19:45:59] [INFO ] Session started successfully for user a20999 on display 10
[20250410-19:45:59] [INFO ] Starting the xrdp channel server for display 10
[20250410-19:45:59] [INFO ] Starting the default window manager on display 10: /etc/xrdp/startwm.sh
[20250410-19:45:59] [INFO ] Session in progress on display 10, waiting until the window manager (pid 38569) exits to end the session
[20250410-19:46:15] [INFO ] Calling auth_stop_session and auth_end from pid 38566
[20250410-19:46:15] [INFO ] Terminating X server (pid 38570) on display 10
[20250410-19:46:15] [INFO ] Terminating the xrdp channel server (pid 38580) on display 10
[20250410-19:46:15] [INFO ] X server on display 10 (pid 38570) returned exit code 0 and signal number 0
[20250410-19:46:15] [INFO ] xrdp channel server for display 10 (pid 38580) exit code 0 and signal number 0
[20250410-19:46:15] [INFO ] cleanup_sockets:
[20250410-19:46:15] [INFO ] ++ terminated session:  username a20999, display :10.0, session_pid 38566, ip ::ffff:165.242.43.123:62084 - socket: 11
[20250410-19:46:29] [INFO ] Socket 7: AF_INET6 connection received from ::1 port 45286
[20250410-19:46:29] [INFO ] Terminal Server Users group is disabled, allowing authentication
[20250410-19:46:29] [INFO ] ++ created session (access granted): username a20999, ip ::ffff:165.242.43.123:62091 - socket: 11
[20250410-19:46:29] [INFO ] starting Xorg session...
[20250410-19:46:29] [INFO ] Starting session: session_pid 39452, display :10.0, width 1280, height 800, bpp 24, client ip ::ffff:165.242.43.123:62091 - socket: 11, user name a20999
[20250410-19:46:29] [INFO ] [session start] (display 10): calling auth_start_session from pid 39452
[20250410-19:46:29] [ERROR] sesman_data_in: scp_process_msg failed
[20250410-19:46:29] [INFO ] Starting X server on display 10: /usr/lib/xorg/Xorg :10 -auth .Xauthority -config xrdp/xorg.conf -noreset -nolisten tcp -logfile .xorgxrdp.%s.log  
[20250410-19:46:29] [ERROR] sesman_main_loop: trans_check_wait_objs failed, removing trans
[20250410-19:46:29] [INFO ] Found X server running at /tmp/.X11-unix/X10
[20250410-19:46:29] [INFO ] Found X server running at /tmp/.X11-unix/X10
[20250410-19:46:29] [INFO ] Session started successfully for user a20999 on display 10
[20250410-19:46:29] [INFO ] Starting the xrdp channel server for display 10
[20250410-19:46:29] [INFO ] Found X server running at /tmp/.X11-unix/X10
[20250410-19:46:29] [INFO ] Session in progress on display 10, waiting until the window manager (pid 39455) exits to end the session
[20250410-19:46:29] [INFO ] Starting the default window manager on display 10: /etc/xrdp/startwm.sh
[20250410-19:46:57] [INFO ] Calling auth_stop_session and auth_end from pid 39452
[20250410-19:46:57] [INFO ] Terminating X server (pid 39456) on display 10
[20250410-19:46:57] [INFO ] Terminating the xrdp channel server (pid 39466) on display 10
[20250410-19:46:57] [INFO ] X server on display 10 (pid 39456) returned exit code 0 and signal number 0
[20250410-19:46:57] [INFO ] xrdp channel server for display 10 (pid 39466) exit code 0 and signal number 0
[20250410-19:46:57] [INFO ] cleanup_sockets:
[20250410-19:46:57] [INFO ] ++ terminated session:  username a20999, display :10.0, session_pid 39452, ip ::ffff:165.242.43.123:62091 - socket: 11
[20250410-19:47:33] [INFO ] Socket 7: AF_INET6 connection received from ::1 port 59932
[20250410-19:47:33] [INFO ] Terminal Server Users group is disabled, allowing authentication
[20250410-19:47:33] [INFO ] ++ created session (access granted): username a20999, ip ::ffff:165.242.43.123:62118 - socket: 11
[20250410-19:47:33] [INFO ] starting Xorg session...
[20250410-19:47:33] [INFO ] Starting session: session_pid 40341, display :10.0, width 1280, height 800, bpp 24, client ip ::ffff:165.242.43.123:62118 - socket: 11, user name a20999
[20250410-19:47:33] [INFO ] [session start] (display 10): calling auth_start_session from pid 40341
[20250410-19:47:33] [ERROR] sesman_data_in: scp_process_msg failed
[20250410-19:47:33] [INFO ] Starting X server on display 10: /usr/lib/xorg/Xorg :10 -auth .Xauthority -config xrdp/xorg.conf -noreset -nolisten tcp -logfile .xorgxrdp.%s.log  
[20250410-19:47:33] [ERROR] sesman_main_loop: trans_check_wait_objs failed, removing trans
[20250410-19:47:34] [INFO ] Found X server running at /tmp/.X11-unix/X10
[20250410-19:47:34] [INFO ] Found X server running at /tmp/.X11-unix/X10
[20250410-19:47:34] [INFO ] Session started successfully for user a20999 on display 10
[20250410-19:47:34] [INFO ] Starting the xrdp channel server for display 10
[20250410-19:47:34] [INFO ] Found X server running at /tmp/.X11-unix/X10
[20250410-19:47:34] [INFO ] Session in progress on display 10, waiting until the window manager (pid 40344) exits to end the session
[20250410-19:47:34] [INFO ] Starting the default window manager on display 10: /etc/xrdp/startwm.sh
[20250410-19:50:49] [INFO ] Calling auth_stop_session and auth_end from pid 40341
[20250410-19:50:49] [INFO ] Terminating X server (pid 40345) on display 10
[20250410-19:50:49] [INFO ] Terminating the xrdp channel server (pid 40355) on display 10
[20250410-19:50:49] [INFO ] X server on display 10 (pid 40345) returned exit code 0 and signal number 0
[20250410-19:50:49] [INFO ] xrdp channel server for display 10 (pid 40355) exit code 0 and signal number 0
[20250410-19:50:49] [INFO ] cleanup_sockets:
[20250410-19:50:49] [INFO ] ++ terminated session:  username a20999, display :10.0, session_pid 40341, ip ::ffff:165.242.43.123:62118 - socket: 11
[20250410-19:51:04] [INFO ] Socket 7: AF_INET6 connection received from ::1 port 42270
[20250410-19:51:04] [INFO ] Terminal Server Users group is disabled, allowing authentication
[20250410-19:51:04] [INFO ] ++ created session (access granted): username a20999, ip ::ffff:165.242.43.123:62150 - socket: 11
[20250410-19:51:04] [INFO ] starting Xorg session...
[20250410-19:51:04] [INFO ] Starting session: session_pid 42418, display :10.0, width 1024, height 768, bpp 24, client ip ::ffff:165.242.43.123:62150 - socket: 11, user name a20999
[20250410-19:51:04] [INFO ] [session start] (display 10): calling auth_start_session from pid 42418
[20250410-19:51:04] [ERROR] sesman_data_in: scp_process_msg failed
[20250410-19:51:04] [INFO ] Starting X server on display 10: /usr/lib/xorg/Xorg :10 -auth .Xauthority -config xrdp/xorg.conf -noreset -nolisten tcp -logfile .xorgxrdp.%s.log  
[20250410-19:51:04] [ERROR] sesman_main_loop: trans_check_wait_objs failed, removing trans
[20250410-19:51:05] [INFO ] Found X server running at /tmp/.X11-unix/X10
[20250410-19:51:05] [INFO ] Found X server running at /tmp/.X11-unix/X10
[20250410-19:51:05] [INFO ] Session started successfully for user a20999 on display 10
[20250410-19:51:05] [INFO ] Starting the xrdp channel server for display 10
[20250410-19:51:05] [INFO ] Found X server running at /tmp/.X11-unix/X10
[20250410-19:51:05] [INFO ] Session in progress on display 10, waiting until the window manager (pid 42421) exits to end the session
[20250410-19:51:05] [INFO ] Starting the default window manager on display 10: /etc/xrdp/startwm.sh
[20250410-19:52:20] [INFO ] Calling auth_stop_session and auth_end from pid 42418
[20250410-19:52:20] [INFO ] Terminating X server (pid 42422) on display 10
[20250410-19:52:20] [INFO ] Terminating the xrdp channel server (pid 42432) on display 10
[20250410-19:52:20] [INFO ] X server on display 10 (pid 42422) returned exit code 0 and signal number 0
[20250410-19:52:20] [INFO ] xrdp channel server for display 10 (pid 42432) exit code 0 and signal number 0
[20250410-19:52:20] [INFO ] cleanup_sockets:
[20250410-19:52:20] [INFO ] ++ terminated session:  username a20999, display :10.0, session_pid 42418, ip ::ffff:165.242.43.123:62150 - socket: 11
[20250410-19:57:24] [INFO ] Socket 7: AF_INET6 connection received from ::1 port 51986
[20250410-19:57:24] [INFO ] Terminal Server Users group is disabled, allowing authentication
[20250410-19:57:24] [INFO ] ++ created session (access granted): username a20999, ip ::ffff:165.242.43.123:62262 - socket: 11
[20250410-19:57:24] [INFO ] starting Xorg session...
[20250410-19:57:24] [INFO ] Starting session: session_pid 44375, display :10.0, width 800, height 600, bpp 24, client ip ::ffff:165.242.43.123:62262 - socket: 11, user name a20999
[20250410-19:57:24] [INFO ] [session start] (display 10): calling auth_start_session from pid 44375
[20250410-19:57:24] [ERROR] sesman_data_in: scp_process_msg failed
[20250410-19:57:24] [INFO ] Starting X server on display 10: /usr/lib/xorg/Xorg :10 -auth .Xauthority -config xrdp/xorg.conf -noreset -nolisten tcp -logfile .xorgxrdp.%s.log  
[20250410-19:57:24] [ERROR] sesman_main_loop: trans_check_wait_objs failed, removing trans
[20250410-19:57:24] [INFO ] Found X server running at /tmp/.X11-unix/X10
[20250410-19:57:24] [INFO ] Found X server running at /tmp/.X11-unix/X10
[20250410-19:57:24] [INFO ] Session started successfully for user a20999 on display 10
[20250410-19:57:24] [INFO ] Starting the xrdp channel server for display 10
[20250410-19:57:24] [INFO ] Found X server running at /tmp/.X11-unix/X10
[20250410-19:57:24] [INFO ] Session in progress on display 10, waiting until the window manager (pid 44378) exits to end the session
[20250410-19:57:24] [INFO ] Starting the default window manager on display 10: /etc/xrdp/startwm.sh
[20250410-19:59:05] [INFO ] Socket 7: AF_INET6 connection received from ::1 port 37968
[20250410-19:59:05] [INFO ] ++ reconnected session: username a20999, display :10.0, session_pid 44375, ip ::ffff:165.242.43.123:62273 - socket: 11
[20250410-19:59:05] [ERROR] sesman_data_in: scp_process_msg failed
[20250410-19:59:05] [INFO ] Starting session reconnection script on display 10: /etc/xrdp/reconnectwm.sh
[20250410-19:59:05] [ERROR] sesman_main_loop: trans_check_wait_objs failed, removing trans
[20250410-21:09:18] [INFO ] Calling auth_stop_session and auth_end from pid 44375
[20250410-21:09:18] [INFO ] Terminating X server (pid 44379) on display 10
[20250410-21:09:18] [INFO ] Terminating the xrdp channel server (pid 44389) on display 10
[20250410-21:09:18] [INFO ] X server on display 10 (pid 44379) returned exit code 0 and signal number 0
[20250410-21:09:18] [INFO ] xrdp channel server for display 10 (pid 44389) exit code 0 and signal number 0
[20250410-21:09:18] [INFO ] cleanup_sockets:
[20250410-21:09:18] [INFO ] ++ terminated session:  username a20999, display :10.0, session_pid 44375, ip ::ffff:165.242.43.123:62262 - socket: 11
[20250410-21:09:37] [INFO ] Socket 7: AF_INET6 connection received from ::1 port 47016
[20250410-21:09:37] [INFO ] Terminal Server Users group is disabled, allowing authentication
[20250410-21:09:37] [INFO ] ++ created session (access granted): username a20999, ip ::ffff:165.242.43.123:63360 - socket: 11
[20250410-21:09:37] [INFO ] starting Xorg session...
[20250410-21:09:37] [INFO ] Starting session: session_pid 47958, display :10.0, width 1280, height 800, bpp 24, client ip ::ffff:165.242.43.123:63360 - socket: 11, user name a20999
[20250410-21:09:37] [INFO ] [session start] (display 10): calling auth_start_session from pid 47958
[20250410-21:09:37] [ERROR] sesman_data_in: scp_process_msg failed
[20250410-21:09:37] [INFO ] Starting X server on display 10: /usr/lib/xorg/Xorg :10 -auth .Xauthority -config xrdp/xorg.conf -noreset -nolisten tcp -logfile .xorgxrdp.%s.log  
[20250410-21:09:37] [ERROR] sesman_main_loop: trans_check_wait_objs failed, removing trans
[20250410-21:09:38] [INFO ] Found X server running at /tmp/.X11-unix/X10
[20250410-21:09:38] [INFO ] Found X server running at /tmp/.X11-unix/X10
[20250410-21:09:38] [INFO ] Found X server running at /tmp/.X11-unix/X10
[20250410-21:09:38] [INFO ] Session started successfully for user a20999 on display 10
[20250410-21:09:38] [INFO ] Starting the xrdp channel server for display 10
[20250410-21:09:38] [INFO ] Starting the default window manager on display 10: /etc/xrdp/startwm.sh
[20250410-21:09:38] [INFO ] Session in progress on display 10, waiting until the window manager (pid 47961) exits to end the session
[20250410-21:19:14] [INFO ] Calling auth_stop_session and auth_end from pid 47958
[20250410-21:19:14] [INFO ] Terminating X server (pid 47962) on display 10
[20250410-21:19:14] [INFO ] Terminating the xrdp channel server (pid 47972) on display 10
[20250410-21:19:14] [INFO ] X server on display 10 (pid 47962) returned exit code 0 and signal number 0
[20250410-21:19:14] [INFO ] xrdp channel server for display 10 (pid 47972) exit code 0 and signal number 0
[20250410-21:19:14] [INFO ] cleanup_sockets:
[20250410-21:19:14] [INFO ] ++ terminated session:  username a20999, display :10.0, session_pid 47958, ip ::ffff:165.242.43.123:63360 - socket: 11
[20250411-04:02:26] [INFO ] Socket 7: AF_INET6 connection received from ::1 port 37760
[20250411-04:02:27] [INFO ] Terminal Server Users group is disabled, allowing authentication
[20250411-04:02:27] [INFO ] ++ created session (access granted): username a20999, ip ::ffff:122.218.16.30:64785 - socket: 11
[20250411-04:02:27] [INFO ] starting Xorg session...
[20250411-04:02:27] [INFO ] Starting session: session_pid 53942, display :10.0, width 864, height 485, bpp 24, client ip ::ffff:122.218.16.30:64785 - socket: 11, user name a20999
[20250411-04:02:27] [INFO ] [session start] (display 10): calling auth_start_session from pid 53942
[20250411-04:02:27] [ERROR] sesman_data_in: scp_process_msg failed
[20250411-04:02:27] [INFO ] Starting X server on display 10: /usr/lib/xorg/Xorg :10 -auth .Xauthority -config xrdp/xorg.conf -noreset -nolisten tcp -logfile .xorgxrdp.%s.log  
[20250411-04:02:27] [ERROR] sesman_main_loop: trans_check_wait_objs failed, removing trans
[20250411-04:02:27] [INFO ] Found X server running at /tmp/.X11-unix/X10
[20250411-04:02:27] [INFO ] Found X server running at /tmp/.X11-unix/X10
[20250411-04:02:27] [INFO ] Session started successfully for user a20999 on display 10
[20250411-04:02:27] [INFO ] Starting the xrdp channel server for display 10
[20250411-04:02:27] [INFO ] Found X server running at /tmp/.X11-unix/X10
[20250411-04:02:27] [INFO ] Session in progress on display 10, waiting until the window manager (pid 53945) exits to end the session
[20250411-04:02:27] [INFO ] Starting the default window manager on display 10: /etc/xrdp/startwm.sh
[20250411-04:05:33] [INFO ] Calling auth_stop_session and auth_end from pid 53942
[20250411-04:05:33] [INFO ] Terminating X server (pid 53946) on display 10
[20250411-04:05:33] [INFO ] Terminating the xrdp channel server (pid 53956) on display 10
[20250411-04:05:33] [INFO ] X server on display 10 (pid 53946) returned exit code 0 and signal number 0
[20250411-04:05:33] [INFO ] xrdp channel server for display 10 (pid 53956) exit code 0 and signal number 0
[20250411-04:05:33] [INFO ] cleanup_sockets:
[20250411-04:05:33] [INFO ] ++ terminated session:  username a20999, display :10.0, session_pid 53942, ip ::ffff:122.218.16.30:64785 - socket: 11
[20250411-04:30:04] [INFO ] Socket 7: AF_INET6 connection received from ::1 port 40326
[20250411-04:30:04] [INFO ] Terminal Server Users group is disabled, allowing authentication
[20250411-04:30:04] [INFO ] ++ created session (access granted): username a20999, ip ::ffff:122.218.16.30:56785 - socket: 11
[20250411-04:30:04] [INFO ] starting Xorg session...
[20250411-04:30:04] [INFO ] Starting session: session_pid 54983, display :10.0, width 1280, height 800, bpp 24, client ip ::ffff:122.218.16.30:56785 - socket: 11, user name a20999
[20250411-04:30:04] [INFO ] [session start] (display 10): calling auth_start_session from pid 54983
[20250411-04:30:04] [ERROR] sesman_data_in: scp_process_msg failed
[20250411-04:30:04] [INFO ] Starting X server on display 10: /usr/lib/xorg/Xorg :10 -auth .Xauthority -config xrdp/xorg.conf -noreset -nolisten tcp -logfile .xorgxrdp.%s.log  
[20250411-04:30:04] [ERROR] sesman_main_loop: trans_check_wait_objs failed, removing trans
[20250411-04:30:05] [INFO ] Found X server running at /tmp/.X11-unix/X10
[20250411-04:30:05] [INFO ] Found X server running at /tmp/.X11-unix/X10
[20250411-04:30:05] [INFO ] Session started successfully for user a20999 on display 10
[20250411-04:30:05] [INFO ] Starting the xrdp channel server for display 10
[20250411-04:30:05] [INFO ] Found X server running at /tmp/.X11-unix/X10
[20250411-04:30:05] [INFO ] Session in progress on display 10, waiting until the window manager (pid 54986) exits to end the session
[20250411-04:30:05] [INFO ] Starting the default window manager on display 10: /etc/xrdp/startwm.sh
[20250411-04:32:03] [INFO ] Calling auth_stop_session and auth_end from pid 54983
[20250411-04:32:03] [INFO ] Terminating X server (pid 54987) on display 10
[20250411-04:32:03] [INFO ] Terminating the xrdp channel server (pid 54997) on display 10
[20250411-04:32:03] [INFO ] X server on display 10 (pid 54987) returned exit code 0 and signal number 0
[20250411-04:32:03] [INFO ] xrdp channel server for display 10 (pid 54997) exit code 0 and signal number 0
[20250411-04:32:03] [INFO ] cleanup_sockets:
[20250411-04:32:03] [INFO ] ++ terminated session:  username a20999, display :10.0, session_pid 54983, ip ::ffff:122.218.16.30:56785 - socket: 11
[20250411-08:28:39] [INFO ] Socket 7: AF_INET6 connection received from ::1 port 45380
[20250411-08:28:39] [INFO ] Terminal Server Users group is disabled, allowing authentication
[20250411-08:28:39] [INFO ] ++ created session (access granted): username a20999, ip ::ffff:122.218.16.30:50816 - socket: 11
[20250411-08:28:39] [INFO ] starting Xorg session...
[20250411-08:28:39] [INFO ] Starting session: session_pid 57582, display :10.0, width 1280, height 800, bpp 24, client ip ::ffff:122.218.16.30:50816 - socket: 11, user name a20999
[20250411-08:28:39] [INFO ] [session start] (display 10): calling auth_start_session from pid 57582
[20250411-08:28:39] [ERROR] sesman_data_in: scp_process_msg failed
[20250411-08:28:39] [INFO ] Starting X server on display 10: /usr/lib/xorg/Xorg :10 -auth .Xauthority -config xrdp/xorg.conf -noreset -nolisten tcp -logfile .xorgxrdp.%s.log  
[20250411-08:28:39] [ERROR] sesman_main_loop: trans_check_wait_objs failed, removing trans
[20250411-08:28:40] [INFO ] Found X server running at /tmp/.X11-unix/X10
[20250411-08:28:40] [INFO ] Found X server running at /tmp/.X11-unix/X10
[20250411-08:28:40] [INFO ] Session started successfully for user a20999 on display 10
[20250411-08:28:40] [INFO ] Starting the xrdp channel server for display 10
[20250411-08:28:40] [INFO ] Found X server running at /tmp/.X11-unix/X10
[20250411-08:28:40] [INFO ] Starting the default window manager on display 10: /etc/xrdp/startwm.sh
[20250411-08:28:40] [INFO ] Session in progress on display 10, waiting until the window manager (pid 57585) exits to end the session
[20250411-08:36:50] [INFO ] Socket 7: AF_INET6 connection received from ::1 port 51602
[20250411-08:36:51] [INFO ] ++ reconnected session: username a20999, display :10.0, session_pid 57582, ip ::ffff:122.218.16.30:51437 - socket: 11
[20250411-08:36:51] [ERROR] sesman_data_in: scp_process_msg failed
[20250411-08:36:51] [ERROR] sesman_main_loop: trans_check_wait_objs failed, removing trans
[20250411-08:36:51] [INFO ] Starting session reconnection script on display 10: /etc/xrdp/reconnectwm.sh
[20250411-08:43:53] [INFO ] Calling auth_stop_session and auth_end from pid 57582
[20250411-08:43:53] [INFO ] Terminating X server (pid 57586) on display 10
[20250411-08:43:53] [INFO ] Terminating the xrdp channel server (pid 57596) on display 10
[20250411-08:43:53] [INFO ] X server on display 10 (pid 57586) returned exit code 0 and signal number 0
[20250411-08:43:53] [INFO ] xrdp channel server for display 10 (pid 57596) exit code 0 and signal number 0
[20250411-08:43:53] [INFO ] cleanup_sockets:
[20250411-08:43:53] [INFO ] ++ terminated session:  username a20999, display :10.0, session_pid 57582, ip ::ffff:122.218.16.30:50816 - socket: 11
[20250411-10:22:08] [INFO ] Socket 7: AF_INET6 connection received from ::1 port 34562
[20250411-10:22:08] [INFO ] Terminal Server Users group is disabled, allowing authentication
[20250411-10:22:08] [INFO ] ++ created session (access granted): username a20999, ip ::ffff:165.242.90.48:52756 - socket: 11
[20250411-10:22:08] [INFO ] starting Xorg session...
[20250411-10:22:08] [INFO ] Starting session: session_pid 61636, display :10.0, width 1920, height 1080, bpp 24, client ip ::ffff:165.242.90.48:52756 - socket: 11, user name a20999
[20250411-10:22:08] [INFO ] [session start] (display 10): calling auth_start_session from pid 61636
[20250411-10:22:08] [ERROR] sesman_data_in: scp_process_msg failed
[20250411-10:22:08] [INFO ] Starting X server on display 10: /usr/lib/xorg/Xorg :10 -auth .Xauthority -config xrdp/xorg.conf -noreset -nolisten tcp -logfile .xorgxrdp.%s.log  
[20250411-10:22:08] [ERROR] sesman_main_loop: trans_check_wait_objs failed, removing trans
[20250411-10:22:09] [INFO ] Found X server running at /tmp/.X11-unix/X10
[20250411-10:22:09] [INFO ] Found X server running at /tmp/.X11-unix/X10
[20250411-10:22:09] [INFO ] Session started successfully for user a20999 on display 10
[20250411-10:22:09] [INFO ] Starting the xrdp channel server for display 10
[20250411-10:22:09] [INFO ] Found X server running at /tmp/.X11-unix/X10
[20250411-10:22:09] [INFO ] Session in progress on display 10, waiting until the window manager (pid 61639) exits to end the session
[20250411-10:22:09] [INFO ] Starting the default window manager on display 10: /etc/xrdp/startwm.sh
[20250411-10:22:18] [WARN ] Window manager (pid 61639, display 10) exited quickly (9 secs). This could indicate a window manager config problem
[20250411-10:22:18] [INFO ] Calling auth_stop_session and auth_end from pid 61636
[20250411-10:22:18] [INFO ] Terminating X server (pid 61640) on display 10
[20250411-10:22:18] [INFO ] Terminating the xrdp channel server (pid 61650) on display 10
[20250411-10:22:18] [INFO ] X server on display 10 (pid 61640) returned exit code 0 and signal number 0
[20250411-10:22:18] [INFO ] xrdp channel server for display 10 (pid 61650) exit code 0 and signal number 0
[20250411-10:22:18] [INFO ] cleanup_sockets:
[20250411-10:22:18] [INFO ] ++ terminated session:  username a20999, display :10.0, session_pid 61636, ip ::ffff:165.242.90.48:52756 - socket: 11
[20250411-10:43:06] [INFO ] Socket 7: AF_INET6 connection received from ::1 port 60482
[20250411-10:43:06] [INFO ] Terminal Server Users group is disabled, allowing authentication
[20250411-10:43:06] [INFO ] ++ created session (access granted): username a20999, ip ::ffff:122.218.16.30:53958 - socket: 11
[20250411-10:43:06] [INFO ] starting Xorg session...
[20250411-10:43:06] [INFO ] Starting session: session_pid 62623, display :10.0, width 1280, height 800, bpp 24, client ip ::ffff:122.218.16.30:53958 - socket: 11, user name a20999
[20250411-10:43:06] [INFO ] [session start] (display 10): calling auth_start_session from pid 62623
[20250411-10:43:06] [ERROR] sesman_data_in: scp_process_msg failed
[20250411-10:43:07] [INFO ] Starting X server on display 10: /usr/lib/xorg/Xorg :10 -auth .Xauthority -config xrdp/xorg.conf -noreset -nolisten tcp -logfile .xorgxrdp.%s.log  
[20250411-10:43:07] [ERROR] sesman_main_loop: trans_check_wait_objs failed, removing trans
[20250411-10:43:07] [INFO ] Found X server running at /tmp/.X11-unix/X10
[20250411-10:43:07] [INFO ] Found X server running at /tmp/.X11-unix/X10
[20250411-10:43:07] [INFO ] Session started successfully for user a20999 on display 10
[20250411-10:43:07] [INFO ] Starting the xrdp channel server for display 10
[20250411-10:43:07] [INFO ] Found X server running at /tmp/.X11-unix/X10
[20250411-10:43:07] [INFO ] Session in progress on display 10, waiting until the window manager (pid 62626) exits to end the session
[20250411-10:43:07] [INFO ] Starting the default window manager on display 10: /etc/xrdp/startwm.sh
[20250411-10:43:58] [INFO ] Calling auth_stop_session and auth_end from pid 62623
[20250411-10:43:58] [INFO ] Terminating X server (pid 62627) on display 10
[20250411-10:43:58] [INFO ] Terminating the xrdp channel server (pid 62637) on display 10
[20250411-10:43:58] [INFO ] X server on display 10 (pid 62627) returned exit code 0 and signal number 0
[20250411-10:43:58] [INFO ] xrdp channel server for display 10 (pid 62637) exit code 0 and signal number 0
[20250411-10:43:58] [INFO ] cleanup_sockets:
[20250411-10:43:58] [INFO ] ++ terminated session:  username a20999, display :10.0, session_pid 62623, ip ::ffff:122.218.16.30:53958 - socket: 11
[20250411-11:59:45] [INFO ] Socket 7: AF_INET6 connection received from ::1 port 40902
[20250411-11:59:45] [INFO ] Terminal Server Users group is disabled, allowing authentication
[20250411-11:59:45] [INFO ] ++ created session (access granted): username a20999, ip ::ffff:165.242.90.48:54885 - socket: 11
[20250411-11:59:45] [INFO ] starting Xorg session...
[20250411-11:59:45] [INFO ] Starting session: session_pid 63851, display :10.0, width 1280, height 800, bpp 24, client ip ::ffff:165.242.90.48:54885 - socket: 11, user name a20999
[20250411-11:59:45] [INFO ] [session start] (display 10): calling auth_start_session from pid 63851
[20250411-11:59:45] [ERROR] sesman_data_in: scp_process_msg failed
[20250411-11:59:45] [INFO ] Starting X server on display 10: /usr/lib/xorg/Xorg :10 -auth .Xauthority -config xrdp/xorg.conf -noreset -nolisten tcp -logfile .xorgxrdp.%s.log  
[20250411-11:59:45] [ERROR] sesman_main_loop: trans_check_wait_objs failed, removing trans
[20250411-11:59:45] [INFO ] Found X server running at /tmp/.X11-unix/X10
[20250411-11:59:45] [INFO ] Found X server running at /tmp/.X11-unix/X10
[20250411-11:59:46] [INFO ] Session started successfully for user a20999 on display 10
[20250411-11:59:46] [INFO ] Starting the xrdp channel server for display 10
[20250411-11:59:46] [INFO ] Found X server running at /tmp/.X11-unix/X10
[20250411-11:59:46] [INFO ] Session in progress on display 10, waiting until the window manager (pid 63854) exits to end the session
[20250411-11:59:46] [INFO ] Starting the default window manager on display 10: /etc/xrdp/startwm.sh
[20250411-12:00:34] [INFO ] Calling auth_stop_session and auth_end from pid 63851
[20250411-12:00:34] [INFO ] Terminating X server (pid 63855) on display 10
[20250411-12:00:34] [INFO ] Terminating the xrdp channel server (pid 63865) on display 10
[20250411-12:00:35] [INFO ] X server on display 10 (pid 63855) returned exit code 0 and signal number 0
[20250411-12:00:35] [INFO ] xrdp channel server for display 10 (pid 63865) exit code 0 and signal number 0
[20250411-12:00:35] [INFO ] cleanup_sockets:
[20250411-12:00:35] [INFO ] ++ terminated session:  username a20999, display :10.0, session_pid 63851, ip ::ffff:165.242.90.48:54885 - socket: 11
[20250412-06:35:46] [INFO ] Socket 7: AF_INET6 connection received from ::1 port 59206
[20250412-06:35:46] [INFO ] Terminal Server Users group is disabled, allowing authentication
[20250412-06:35:46] [INFO ] ++ created session (access granted): username a20999, ip ::ffff:133.165.144.189:62555 - socket: 11
[20250412-06:35:46] [INFO ] starting Xorg session...
[20250412-06:35:46] [INFO ] Starting session: session_pid 77829, display :10.0, width 1280, height 800, bpp 24, client ip ::ffff:133.165.144.189:62555 - socket: 11, user name a20999
[20250412-06:35:46] [INFO ] [session start] (display 10): calling auth_start_session from pid 77829
[20250412-06:35:46] [ERROR] sesman_data_in: scp_process_msg failed
[20250412-06:35:46] [INFO ] Starting X server on display 10: /usr/lib/xorg/Xorg :10 -auth .Xauthority -config xrdp/xorg.conf -noreset -nolisten tcp -logfile .xorgxrdp.%s.log  
[20250412-06:35:46] [ERROR] sesman_main_loop: trans_check_wait_objs failed, removing trans
[20250412-06:35:46] [INFO ] Found X server running at /tmp/.X11-unix/X10
[20250412-06:35:46] [INFO ] Found X server running at /tmp/.X11-unix/X10
[20250412-06:35:46] [INFO ] Found X server running at /tmp/.X11-unix/X10
[20250412-06:35:46] [INFO ] Session started successfully for user a20999 on display 10
[20250412-06:35:47] [INFO ] Session in progress on display 10, waiting until the window manager (pid 77832) exits to end the session
[20250412-06:35:46] [INFO ] Starting the xrdp channel server for display 10
[20250412-06:35:47] [INFO ] Starting the default window manager on display 10: /etc/xrdp/startwm.sh
[20250412-19:49:31] [INFO ] Socket 7: AF_INET6 connection received from ::1 port 33904
[20250412-19:49:32] [INFO ] ++ reconnected session: username a20999, display :10.0, session_pid 77829, ip ::ffff:160.86.248.90:62752 - socket: 11
[20250412-19:49:32] [ERROR] sesman_data_in: scp_process_msg failed
[20250412-19:49:32] [INFO ] Starting session reconnection script on display 10: /etc/xrdp/reconnectwm.sh
[20250412-19:49:32] [ERROR] sesman_main_loop: trans_check_wait_objs failed, removing trans
[20250412-19:49:55] [INFO ] Calling auth_stop_session and auth_end from pid 77829
[20250412-19:49:56] [INFO ] Terminating X server (pid 77833) on display 10
[20250412-19:49:56] [INFO ] Terminating the xrdp channel server (pid 77843) on display 10
[20250412-19:49:56] [INFO ] X server on display 10 (pid 77833) returned exit code 0 and signal number 0
[20250412-19:49:56] [INFO ] xrdp channel server for display 10 (pid 77843) exit code 0 and signal number 0
[20250412-19:49:56] [INFO ] cleanup_sockets:
[20250412-19:49:56] [INFO ] ++ terminated session:  username a20999, display :10.0, session_pid 77829, ip ::ffff:133.165.144.189:62555 - socket: 11
[20250412-20:59:00] [INFO ] Socket 7: AF_INET6 connection received from ::1 port 49502
[20250412-20:59:00] [INFO ] Terminal Server Users group is disabled, allowing authentication
[20250412-20:59:00] [INFO ] ++ created session (access granted): username a20999, ip ::ffff:133.165.144.189:61268 - socket: 11
[20250412-20:59:00] [INFO ] starting Xorg session...
[20250412-20:59:00] [INFO ] Starting session: session_pid 92858, display :10.0, width 1280, height 800, bpp 24, client ip ::ffff:133.165.144.189:61268 - socket: 11, user name a20999
[20250412-20:59:00] [INFO ] [session start] (display 10): calling auth_start_session from pid 92858
[20250412-20:59:00] [ERROR] sesman_data_in: scp_process_msg failed
[20250412-20:59:00] [INFO ] Starting X server on display 10: /usr/lib/xorg/Xorg :10 -auth .Xauthority -config xrdp/xorg.conf -noreset -nolisten tcp -logfile .xorgxrdp.%s.log  
[20250412-20:59:00] [ERROR] sesman_main_loop: trans_check_wait_objs failed, removing trans
[20250412-20:59:00] [INFO ] Found X server running at /tmp/.X11-unix/X10
[20250412-20:59:00] [INFO ] Found X server running at /tmp/.X11-unix/X10
[20250412-20:59:00] [INFO ] Session started successfully for user a20999 on display 10
[20250412-20:59:00] [INFO ] Starting the xrdp channel server for display 10
[20250412-20:59:00] [INFO ] Found X server running at /tmp/.X11-unix/X10
[20250412-20:59:00] [INFO ] Session in progress on display 10, waiting until the window manager (pid 92861) exits to end the session
[20250412-20:59:00] [INFO ] Starting the default window manager on display 10: /etc/xrdp/startwm.sh
[20250412-20:59:38] [INFO ] Calling auth_stop_session and auth_end from pid 92858
[20250412-20:59:39] [INFO ] Terminating X server (pid 92862) on display 10
[20250412-20:59:39] [INFO ] Terminating the xrdp channel server (pid 92872) on display 10
[20250412-20:59:39] [INFO ] X server on display 10 (pid 92862) returned exit code 0 and signal number 0
[20250412-20:59:39] [INFO ] xrdp channel server for display 10 (pid 92872) exit code 0 and signal number 0
[20250412-20:59:39] [INFO ] cleanup_sockets:
[20250412-20:59:39] [INFO ] ++ terminated session:  username a20999, display :10.0, session_pid 92858, ip ::ffff:133.165.144.189:61268 - socket: 11
[20250412-21:00:00] [INFO ] Socket 7: AF_INET6 connection received from ::1 port 44848
[20250412-21:00:02] [ERROR] pam_authenticate failed: Authentication failure
[20250412-21:00:02] [INFO ] Username or password error for user: a20999
[20250412-21:00:02] [ERROR] sesman_data_in: scp_process_msg failed
[20250412-21:00:02] [ERROR] sesman_main_loop: trans_check_wait_objs failed, removing trans
[20250412-21:00:09] [INFO ] Socket 7: AF_INET6 connection received from ::1 port 34984
[20250412-21:00:09] [INFO ] Terminal Server Users group is disabled, allowing authentication
[20250412-21:00:09] [INFO ] ++ created session (access granted): username a20999, ip ::ffff:160.86.248.90:63215 - socket: 11
[20250412-21:00:09] [INFO ] starting Xorg session...
[20250412-21:00:09] [INFO ] Starting session: session_pid 93822, display :10.0, width 1280, height 800, bpp 24, client ip ::ffff:160.86.248.90:63215 - socket: 11, user name a20999
[20250412-21:00:09] [INFO ] [session start] (display 10): calling auth_start_session from pid 93822
[20250412-21:00:09] [ERROR] sesman_data_in: scp_process_msg failed
[20250412-21:00:09] [INFO ] Starting X server on display 10: /usr/lib/xorg/Xorg :10 -auth .Xauthority -config xrdp/xorg.conf -noreset -nolisten tcp -logfile .xorgxrdp.%s.log  
[20250412-21:00:09] [ERROR] sesman_main_loop: trans_check_wait_objs failed, removing trans
[20250412-21:00:10] [INFO ] Found X server running at /tmp/.X11-unix/X10
[20250412-21:00:10] [INFO ] Found X server running at /tmp/.X11-unix/X10
[20250412-21:00:10] [INFO ] Found X server running at /tmp/.X11-unix/X10
[20250412-21:00:10] [INFO ] Session started successfully for user a20999 on display 10
[20250412-21:00:10] [INFO ] Starting the xrdp channel server for display 10
[20250412-21:00:10] [INFO ] Starting the default window manager on display 10: /etc/xrdp/startwm.sh
[20250412-21:00:10] [INFO ] Session in progress on display 10, waiting until the window manager (pid 93825) exits to end the session
[20250412-21:00:22] [INFO ] Calling auth_stop_session and auth_end from pid 93822
[20250412-21:00:22] [INFO ] Terminating X server (pid 93826) on display 10
[20250412-21:00:22] [INFO ] Terminating the xrdp channel server (pid 93836) on display 10
[20250412-21:00:22] [INFO ] X server on display 10 (pid 93826) returned exit code 0 and signal number 0
[20250412-21:00:22] [INFO ] xrdp channel server for display 10 (pid 93836) exit code 0 and signal number 0
[20250412-21:00:22] [INFO ] cleanup_sockets:
[20250412-21:00:22] [INFO ] ++ terminated session:  username a20999, display :10.0, session_pid 93822, ip ::ffff:160.86.248.90:63215 - socket: 11
[20250412-21:00:56] [INFO ] Socket 7: AF_INET6 connection received from ::1 port 55896
[20250412-21:00:56] [INFO ] Terminal Server Users group is disabled, allowing authentication
[20250412-21:00:56] [INFO ] ++ created session (access granted): username a20999, ip ::ffff:160.86.248.90:63216 - socket: 11
[20250412-21:00:56] [INFO ] starting Xorg session...
[20250412-21:00:57] [INFO ] Starting session: session_pid 94703, display :10.0, width 1280, height 800, bpp 24, client ip ::ffff:160.86.248.90:63216 - socket: 11, user name a20999
[20250412-21:00:57] [INFO ] [session start] (display 10): calling auth_start_session from pid 94703
[20250412-21:00:57] [ERROR] sesman_data_in: scp_process_msg failed
[20250412-21:00:57] [ERROR] sesman_main_loop: trans_check_wait_objs failed, removing trans
[20250412-21:00:57] [INFO ] Starting X server on display 10: /usr/lib/xorg/Xorg :10 -auth .Xauthority -config xrdp/xorg.conf -noreset -nolisten tcp -logfile .xorgxrdp.%s.log  
[20250412-21:00:57] [INFO ] Found X server running at /tmp/.X11-unix/X10
[20250412-21:00:57] [INFO ] Found X server running at /tmp/.X11-unix/X10
[20250412-21:00:57] [INFO ] Session started successfully for user a20999 on display 10
[20250412-21:00:57] [INFO ] Starting the xrdp channel server for display 10
[20250412-21:00:57] [INFO ] Found X server running at /tmp/.X11-unix/X10
[20250412-21:00:57] [INFO ] Session in progress on display 10, waiting until the window manager (pid 94706) exits to end the session
[20250412-21:00:57] [INFO ] Starting the default window manager on display 10: /etc/xrdp/startwm.sh
[20250412-21:01:17] [INFO ] Calling auth_stop_session and auth_end from pid 94703
[20250412-21:01:17] [INFO ] Terminating X server (pid 94707) on display 10
[20250412-21:01:17] [INFO ] Terminating the xrdp channel server (pid 94717) on display 10
[20250412-21:01:17] [INFO ] X server on display 10 (pid 94707) returned exit code 0 and signal number 0
[20250412-21:01:17] [INFO ] xrdp channel server for display 10 (pid 94717) exit code 0 and signal number 0
[20250412-21:01:17] [INFO ] cleanup_sockets:
[20250412-21:01:17] [INFO ] ++ terminated session:  username a20999, display :10.0, session_pid 94703, ip ::ffff:160.86.248.90:63216 - socket: 11
[20250412-23:00:52] [INFO ] Socket 7: AF_INET6 connection received from ::1 port 33392
[20250412-23:00:54] [ERROR] pam_authenticate failed: Authentication failure
[20250412-23:00:54] [INFO ] Username or password error for user: a20999
[20250412-23:00:54] [ERROR] sesman_data_in: scp_process_msg failed
[20250412-23:00:54] [ERROR] sesman_main_loop: trans_check_wait_objs failed, removing trans
[20250412-23:03:19] [INFO ] Socket 7: AF_INET6 connection received from ::1 port 40516
[20250412-23:03:22] [ERROR] pam_authenticate failed: Authentication failure
[20250412-23:03:22] [INFO ] Username or password error for user: j20138
[20250412-23:03:22] [ERROR] sesman_data_in: scp_process_msg failed
[20250412-23:03:22] [ERROR] sesman_main_loop: trans_check_wait_objs failed, removing trans
[20250412-23:05:55] [INFO ] Socket 7: AF_INET6 connection received from ::1 port 38908
[20250412-23:05:57] [ERROR] pam_authenticate failed: Authentication failure
[20250412-23:05:57] [INFO ] Username or password error for user: j20138
[20250412-23:05:57] [ERROR] sesman_data_in: scp_process_msg failed
[20250412-23:05:57] [ERROR] sesman_main_loop: trans_check_wait_objs failed, removing trans
[20250412-23:10:58] [INFO ] Socket 7: AF_INET6 connection received from ::1 port 54128
[20250412-23:11:00] [ERROR] pam_authenticate failed: Authentication failure
[20250412-23:11:00] [INFO ] Username or password error for user: j20138
[20250412-23:11:00] [ERROR] sesman_data_in: scp_process_msg failed
[20250412-23:11:00] [ERROR] sesman_main_loop: trans_check_wait_objs failed, removing trans
[20250412-23:14:47] [INFO ] Socket 7: AF_INET6 connection received from ::1 port 41128
[20250412-23:14:49] [ERROR] pam_authenticate failed: Authentication failure
[20250412-23:14:49] [INFO ] Username or password error for user: j20138
[20250412-23:14:49] [ERROR] sesman_data_in: scp_process_msg failed
[20250412-23:14:49] [ERROR] sesman_main_loop: trans_check_wait_objs failed, removing trans
[20250412-23:17:33] [INFO ] Socket 7: AF_INET6 connection received from ::1 port 46438
[20250412-23:17:34] [ERROR] pam_authenticate failed: Authentication failure
[20250412-23:17:34] [INFO ] Username or password error for user: j20138
[20250412-23:17:34] [ERROR] sesman_data_in: scp_process_msg failed
[20250412-23:17:34] [ERROR] sesman_main_loop: trans_check_wait_objs failed, removing trans
[20250412-23:21:47] [INFO ] Socket 7: AF_INET6 connection received from ::1 port 41102
[20250412-23:21:47] [INFO ] Terminal Server Users group is disabled, allowing authentication
[20250412-23:21:47] [INFO ] ++ created session (access granted): username j20138, ip ::ffff:60.154.72.135:64817 - socket: 11
[20250412-23:21:48] [INFO ] starting Xorg session...
[20250412-23:21:48] [INFO ] Starting session: session_pid 96071, display :10.0, width 1280, height 800, bpp 24, client ip ::ffff:60.154.72.135:64817 - socket: 11, user name j20138
[20250412-23:21:48] [INFO ] [session start] (display 10): calling auth_start_session from pid 96071
[20250412-23:21:48] [ERROR] sesman_data_in: scp_process_msg failed
[20250412-23:21:48] [INFO ] Starting X server on display 10: /usr/lib/xorg/Xorg :10 -auth .Xauthority -config xrdp/xorg.conf -noreset -nolisten tcp -logfile .xorgxrdp.%s.log  
[20250412-23:21:48] [ERROR] sesman_main_loop: trans_check_wait_objs failed, removing trans
[20250412-23:21:48] [INFO ] Found X server running at /tmp/.X11-unix/X10
[20250412-23:21:48] [INFO ] Found X server running at /tmp/.X11-unix/X10
[20250412-23:21:48] [INFO ] Found X server running at /tmp/.X11-unix/X10
[20250412-23:21:48] [INFO ] Session started successfully for user j20138 on display 10
[20250412-23:21:48] [INFO ] Starting the xrdp channel server for display 10
[20250412-23:21:48] [INFO ] Starting the default window manager on display 10: /etc/xrdp/startwm.sh
[20250412-23:21:48] [INFO ] Session in progress on display 10, waiting until the window manager (pid 96074) exits to end the session
[20250413-05:24:38] [INFO ] Socket 7: AF_INET6 connection received from ::1 port 41840
[20250413-05:24:38] [INFO ] Terminal Server Users group is disabled, allowing authentication
[20250413-05:24:38] [INFO ] ++ created session (access granted): username a20999, ip ::ffff:160.86.248.90:62696 - socket: 11
[20250413-05:24:38] [INFO ] starting Xorg session...
[20250413-05:24:38] [INFO ] Starting session: session_pid 98361, display :11.0, width 1280, height 800, bpp 24, client ip ::ffff:160.86.248.90:62696 - socket: 11, user name a20999
[20250413-05:24:38] [INFO ] [session start] (display 11): calling auth_start_session from pid 98361
[20250413-05:24:38] [ERROR] sesman_data_in: scp_process_msg failed
[20250413-05:24:38] [INFO ] Starting X server on display 11: /usr/lib/xorg/Xorg :11 -auth .Xauthority -config xrdp/xorg.conf -noreset -nolisten tcp -logfile .xorgxrdp.%s.log  
[20250413-05:24:38] [ERROR] sesman_main_loop: trans_check_wait_objs failed, removing trans
[20250413-05:24:39] [INFO ] Found X server running at /tmp/.X11-unix/X11
[20250413-05:24:39] [INFO ] Found X server running at /tmp/.X11-unix/X11
[20250413-05:24:39] [INFO ] Found X server running at /tmp/.X11-unix/X11
[20250413-05:24:39] [INFO ] Session started successfully for user a20999 on display 11
[20250413-05:24:39] [INFO ] Starting the xrdp channel server for display 11
[20250413-05:24:39] [INFO ] Starting the default window manager on display 11: /etc/xrdp/startwm.sh
[20250413-05:24:39] [INFO ] Session in progress on display 11, waiting until the window manager (pid 98364) exits to end the session
[20250413-05:29:10] [INFO ] Socket 7: AF_INET6 connection received from ::1 port 57848
[20250413-05:29:10] [INFO ] ++ reconnected session: username a20999, display :11.0, session_pid 98361, ip ::ffff:133.165.144.189:61875 - socket: 11
[20250413-05:29:10] [ERROR] sesman_data_in: scp_process_msg failed
[20250413-05:29:10] [ERROR] sesman_main_loop: trans_check_wait_objs failed, removing trans
[20250413-05:29:10] [INFO ] Starting session reconnection script on display 11: /etc/xrdp/reconnectwm.sh
[20250413-05:30:33] [INFO ] Calling auth_stop_session and auth_end from pid 98361
[20250413-05:30:33] [INFO ] Terminating X server (pid 98365) on display 11
[20250413-05:30:33] [INFO ] Terminating the xrdp channel server (pid 98375) on display 11
[20250413-05:30:33] [INFO ] X server on display 11 (pid 98365) returned exit code 0 and signal number 0
[20250413-05:30:33] [INFO ] xrdp channel server for display 11 (pid 98375) exit code 0 and signal number 0
[20250413-05:30:33] [INFO ] cleanup_sockets:
[20250413-05:30:33] [INFO ] ++ terminated session:  username a20999, display :11.0, session_pid 98361, ip ::ffff:160.86.248.90:62696 - socket: 11
[20250413-05:30:37] [INFO ] Socket 7: AF_INET6 connection received from ::1 port 36034
[20250413-05:30:37] [INFO ] Terminal Server Users group is disabled, allowing authentication
[20250413-05:30:38] [INFO ] ++ created session (access granted): username a20999, ip ::ffff:160.86.248.90:62145 - socket: 11
[20250413-05:30:38] [INFO ] starting Xorg session...
[20250413-05:30:38] [INFO ] Starting session: session_pid 99336, display :11.0, width 1280, height 800, bpp 24, client ip ::ffff:160.86.248.90:62145 - socket: 11, user name a20999
[20250413-05:30:38] [INFO ] [session start] (display 11): calling auth_start_session from pid 99336
[20250413-05:30:38] [ERROR] sesman_data_in: scp_process_msg failed
[20250413-05:30:38] [INFO ] Starting X server on display 11: /usr/lib/xorg/Xorg :11 -auth .Xauthority -config xrdp/xorg.conf -noreset -nolisten tcp -logfile .xorgxrdp.%s.log  
[20250413-05:30:38] [ERROR] sesman_main_loop: trans_check_wait_objs failed, removing trans
[20250413-05:30:38] [INFO ] Found X server running at /tmp/.X11-unix/X11
[20250413-05:30:38] [INFO ] Found X server running at /tmp/.X11-unix/X11
[20250413-05:30:38] [INFO ] Session started successfully for user a20999 on display 11
[20250413-05:30:38] [INFO ] Starting the xrdp channel server for display 11
[20250413-05:30:38] [INFO ] Found X server running at /tmp/.X11-unix/X11
[20250413-05:30:38] [INFO ] Session in progress on display 11, waiting until the window manager (pid 99339) exits to end the session
[20250413-05:30:38] [INFO ] Starting the default window manager on display 11: /etc/xrdp/startwm.sh
[20250413-05:30:47] [WARN ] Window manager (pid 99339, display 11) exited quickly (9 secs). This could indicate a window manager config problem
[20250413-05:30:47] [INFO ] Calling auth_stop_session and auth_end from pid 99336
[20250413-05:30:48] [INFO ] Terminating X server (pid 99340) on display 11
[20250413-05:30:48] [INFO ] Terminating the xrdp channel server (pid 99350) on display 11
[20250413-05:30:48] [INFO ] X server on display 11 (pid 99340) returned exit code 0 and signal number 0
[20250413-05:30:48] [INFO ] xrdp channel server for display 11 (pid 99350) exit code 0 and signal number 0
[20250413-05:30:48] [INFO ] cleanup_sockets:
[20250413-05:30:48] [INFO ] ++ terminated session:  username a20999, display :11.0, session_pid 99336, ip ::ffff:160.86.248.90:62145 - socket: 11
[20250413-05:31:10] [INFO ] Socket 7: AF_INET6 connection received from ::1 port 35188
[20250413-05:31:10] [INFO ] Terminal Server Users group is disabled, allowing authentication
[20250413-05:31:10] [INFO ] ++ created session (access granted): username a20999, ip ::ffff:160.86.248.90:62146 - socket: 11
[20250413-05:31:10] [INFO ] starting Xorg session...
[20250413-05:31:10] [INFO ] Starting session: session_pid 100209, display :11.0, width 1280, height 800, bpp 24, client ip ::ffff:160.86.248.90:62146 - socket: 11, user name a20999
[20250413-05:31:10] [INFO ] [session start] (display 11): calling auth_start_session from pid 100209
[20250413-05:31:10] [ERROR] sesman_data_in: scp_process_msg failed
[20250413-05:31:10] [INFO ] Starting X server on display 11: /usr/lib/xorg/Xorg :11 -auth .Xauthority -config xrdp/xorg.conf -noreset -nolisten tcp -logfile .xorgxrdp.%s.log  
[20250413-05:31:10] [ERROR] sesman_main_loop: trans_check_wait_objs failed, removing trans
[20250413-05:31:10] [INFO ] Found X server running at /tmp/.X11-unix/X11
[20250413-05:31:10] [INFO ] Found X server running at /tmp/.X11-unix/X11
[20250413-05:31:10] [INFO ] Session started successfully for user a20999 on display 11
[20250413-05:31:10] [INFO ] Starting the xrdp channel server for display 11
[20250413-05:31:10] [INFO ] Found X server running at /tmp/.X11-unix/X11
[20250413-05:31:10] [INFO ] Session in progress on display 11, waiting until the window manager (pid 100212) exits to end the session
[20250413-05:31:10] [INFO ] Starting the default window manager on display 11: /etc/xrdp/startwm.sh
[20250413-05:46:38] [INFO ] Socket 7: AF_INET6 connection received from ::1 port 55902
[20250413-05:46:38] [INFO ] ++ reconnected session: username a20999, display :11.0, session_pid 100209, ip ::ffff:165.242.90.29:62666 - socket: 11
[20250413-05:46:38] [ERROR] sesman_data_in: scp_process_msg failed
[20250413-05:46:38] [INFO ] Starting session reconnection script on display 11: /etc/xrdp/reconnectwm.sh
[20250413-05:46:38] [ERROR] sesman_main_loop: trans_check_wait_objs failed, removing trans
[20250413-06:01:39] [INFO ] Socket 7: AF_INET6 connection received from ::1 port 47442
[20250413-06:01:39] [INFO ] ++ reconnected session: username a20999, display :11.0, session_pid 100209, ip ::ffff:160.86.248.90:61586 - socket: 11
[20250413-06:01:39] [ERROR] sesman_data_in: scp_process_msg failed
[20250413-06:01:39] [INFO ] Starting session reconnection script on display 11: /etc/xrdp/reconnectwm.sh
[20250413-06:01:39] [ERROR] sesman_main_loop: trans_check_wait_objs failed, removing trans
[20250413-21:10:32] [INFO ] Socket 7: AF_INET6 connection received from ::1 port 42244
[20250413-21:10:35] [ERROR] pam_authenticate failed: Authentication failure
[20250413-21:10:35] [INFO ] Username or password error for user: 2420156@e.hiroshima-cu.ac.jp
[20250413-21:10:35] [ERROR] sesman_data_in: scp_process_msg failed
[20250413-21:10:35] [ERROR] sesman_main_loop: trans_check_wait_objs failed, removing trans
[20250413-21:12:49] [INFO ] Socket 7: AF_INET6 connection received from ::1 port 51084
[20250413-21:12:51] [ERROR] pam_authenticate failed: Authentication failure
[20250413-21:12:51] [INFO ] Username or password error for user: j20156@e.hiroshima-cu.ac.jp
[20250413-21:12:51] [ERROR] sesman_data_in: scp_process_msg failed
[20250413-21:12:51] [ERROR] sesman_main_loop: trans_check_wait_objs failed, removing trans
[20250413-21:15:02] [INFO ] Socket 7: AF_INET6 connection received from ::1 port 40694
[20250413-21:15:04] [ERROR] pam_authenticate failed: Authentication failure
[20250413-21:15:04] [INFO ] Username or password error for user: j20156@e.hiroshima-cu.ac.jp
[20250413-21:15:04] [ERROR] sesman_data_in: scp_process_msg failed
[20250413-21:15:04] [ERROR] sesman_main_loop: trans_check_wait_objs failed, removing trans
[20250413-21:18:05] [INFO ] Socket 7: AF_INET6 connection received from ::1 port 42430
[20250413-21:18:07] [ERROR] pam_authenticate failed: Authentication failure
[20250413-21:18:07] [INFO ] Username or password error for user: a20999
[20250413-21:18:07] [ERROR] sesman_data_in: scp_process_msg failed
[20250413-21:18:07] [ERROR] sesman_main_loop: trans_check_wait_objs failed, removing trans
[20250413-21:19:14] [INFO ] Socket 7: AF_INET6 connection received from ::1 port 35730
[20250413-21:19:14] [INFO ] Terminal Server Users group is disabled, allowing authentication
[20250413-21:19:14] [INFO ] ++ created session (access granted): username j20156, ip ::ffff:153.165.178.9:25482 - socket: 11
[20250413-21:19:14] [INFO ] starting Xorg session...
[20250413-21:19:14] [INFO ] Starting session: session_pid 107817, display :12.0, width 1920, height 1200, bpp 24, client ip ::ffff:153.165.178.9:25482 - socket: 11, user name j20156
[20250413-21:19:14] [INFO ] [session start] (display 12): calling auth_start_session from pid 107817
[20250413-21:19:14] [ERROR] sesman_data_in: scp_process_msg failed
[20250413-21:19:14] [INFO ] Starting X server on display 12: /usr/lib/xorg/Xorg :12 -auth .Xauthority -config xrdp/xorg.conf -noreset -nolisten tcp -logfile .xorgxrdp.%s.log  
[20250413-21:19:14] [ERROR] sesman_main_loop: trans_check_wait_objs failed, removing trans
[20250413-21:19:14] [INFO ] Found X server running at /tmp/.X11-unix/X12
[20250413-21:19:14] [INFO ] Found X server running at /tmp/.X11-unix/X12
[20250413-21:19:14] [INFO ] Session started successfully for user j20156 on display 12
[20250413-21:19:14] [INFO ] Starting the xrdp channel server for display 12
[20250413-21:19:14] [INFO ] Found X server running at /tmp/.X11-unix/X12
[20250413-21:19:14] [INFO ] Session in progress on display 12, waiting until the window manager (pid 107820) exits to end the session
[20250413-21:19:14] [INFO ] Starting the default window manager on display 12: /etc/xrdp/startwm.sh
[20250413-21:39:43] [INFO ] Calling auth_stop_session and auth_end from pid 107817
[20250413-21:39:43] [INFO ] Terminating X server (pid 107821) on display 12
[20250413-21:39:43] [INFO ] Terminating the xrdp channel server (pid 107831) on display 12
[20250413-21:39:43] [INFO ] X server on display 12 (pid 107821) returned exit code 0 and signal number 0
[20250413-21:39:43] [INFO ] xrdp channel server for display 12 (pid 107831) exit code 0 and signal number 0
[20250413-21:39:43] [INFO ] cleanup_sockets:
[20250413-21:39:43] [INFO ] ++ terminated session:  username j20156, display :12.0, session_pid 107817, ip ::ffff:153.165.178.9:25482 - socket: 11
[20250413-23:08:22] [INFO ] Socket 7: AF_INET6 connection received from ::1 port 41238
[20250413-23:08:22] [INFO ] ++ reconnected session: username a20999, display :11.0, session_pid 100209, ip ::ffff:160.86.248.90:60365 - socket: 11
[20250413-23:08:22] [ERROR] sesman_data_in: scp_process_msg failed
[20250413-23:08:22] [INFO ] Starting session reconnection script on display 11: /etc/xrdp/reconnectwm.sh
[20250413-23:08:22] [ERROR] sesman_main_loop: trans_check_wait_objs failed, removing trans
[20250413-23:09:00] [INFO ] Calling auth_stop_session and auth_end from pid 100209
[20250413-23:09:00] [INFO ] Terminating X server (pid 100213) on display 11
[20250413-23:09:01] [INFO ] Terminating the xrdp channel server (pid 100223) on display 11
[20250413-23:09:01] [INFO ] X server on display 11 (pid 100213) returned exit code 0 and signal number 0
[20250413-23:09:01] [INFO ] xrdp channel server for display 11 (pid 100223) exit code 0 and signal number 0
[20250413-23:09:01] [INFO ] cleanup_sockets:
[20250413-23:09:01] [INFO ] ++ terminated session:  username a20999, display :11.0, session_pid 100209, ip ::ffff:160.86.248.90:62146 - socket: 11
[20250413-23:09:28] [INFO ] Socket 7: AF_INET6 connection received from ::1 port 60456
[20250413-23:09:28] [INFO ] Terminal Server Users group is disabled, allowing authentication
[20250413-23:09:28] [INFO ] ++ created session (access granted): username shima, ip ::ffff:133.165.144.189:63671 - socket: 11
[20250413-23:09:28] [INFO ] starting Xorg session...
[20250413-23:09:28] [INFO ] Starting session: session_pid 110083, display :11.0, width 1280, height 800, bpp 24, client ip ::ffff:133.165.144.189:63671 - socket: 11, user name shima
[20250413-23:09:28] [INFO ] [session start] (display 11): calling auth_start_session from pid 110083
[20250413-23:09:28] [ERROR] sesman_data_in: scp_process_msg failed
[20250413-23:09:28] [INFO ] Starting X server on display 11: /usr/lib/xorg/Xorg :11 -auth .Xauthority -config xrdp/xorg.conf -noreset -nolisten tcp -logfile .xorgxrdp.%s.log  
[20250413-23:09:28] [ERROR] sesman_main_loop: trans_check_wait_objs failed, removing trans
[20250413-23:09:28] [INFO ] Found X server running at /tmp/.X11-unix/X11
[20250413-23:09:28] [INFO ] Found X server running at /tmp/.X11-unix/X11
[20250413-23:09:28] [INFO ] Session started successfully for user shima on display 11
[20250413-23:09:28] [INFO ] Starting the xrdp channel server for display 11
[20250413-23:09:28] [INFO ] Found X server running at /tmp/.X11-unix/X11
[20250413-23:09:28] [INFO ] Session in progress on display 11, waiting until the window manager (pid 110086) exits to end the session
[20250413-23:09:28] [INFO ] Starting the default window manager on display 11: /etc/xrdp/startwm.sh
[20250414-09:16:12] [INFO ] Socket 7: AF_INET6 connection received from ::1 port 51962
[20250414-09:16:14] [ERROR] pam_authenticate failed: Authentication failure
[20250414-09:16:14] [INFO ] Username or password error for user: a20999
[20250414-09:16:14] [ERROR] sesman_data_in: scp_process_msg failed
[20250414-09:16:14] [ERROR] sesman_main_loop: trans_check_wait_objs failed, removing trans
[20250414-09:18:18] [INFO ] Socket 7: AF_INET6 connection received from ::1 port 36208
[20250414-09:18:21] [ERROR] pam_authenticate failed: Authentication failure
[20250414-09:18:21] [INFO ] Username or password error for user: j20006
[20250414-09:18:21] [ERROR] sesman_data_in: scp_process_msg failed
[20250414-09:18:21] [ERROR] sesman_main_loop: trans_check_wait_objs failed, removing trans
[20250414-09:20:44] [INFO ] Socket 7: AF_INET6 connection received from ::1 port 38234
[20250414-09:20:47] [ERROR] pam_authenticate failed: Authentication failure
[20250414-09:20:47] [INFO ] Username or password error for user: j20006
[20250414-09:20:47] [ERROR] sesman_data_in: scp_process_msg failed
[20250414-09:20:47] [ERROR] sesman_main_loop: trans_check_wait_objs failed, removing trans
[20250414-09:22:58] [INFO ] Socket 7: AF_INET6 connection received from ::1 port 33382
[20250414-09:23:00] [ERROR] pam_authenticate failed: Authentication failure
[20250414-09:23:00] [INFO ] Username or password error for user: a20999
[20250414-09:23:00] [ERROR] sesman_data_in: scp_process_msg failed
[20250414-09:23:00] [ERROR] sesman_main_loop: trans_check_wait_objs failed, removing trans
[20250414-10:32:46] [INFO ] Socket 7: AF_INET6 connection received from ::1 port 55176
[20250414-10:32:47] [ERROR] pam_authenticate failed: Authentication failure
[20250414-10:32:47] [INFO ] Username or password error for user: a20999
[20250414-10:32:47] [ERROR] sesman_data_in: scp_process_msg failed
[20250414-10:32:48] [ERROR] sesman_main_loop: trans_check_wait_objs failed, removing trans
[20250414-10:33:46] [INFO ] Socket 7: AF_INET6 connection received from ::1 port 46074
[20250414-10:33:48] [ERROR] pam_authenticate failed: Authentication failure
[20250414-10:33:48] [INFO ] Username or password error for user: 2420006
[20250414-10:33:48] [ERROR] sesman_data_in: scp_process_msg failed
[20250414-10:33:48] [ERROR] sesman_main_loop: trans_check_wait_objs failed, removing trans
[20250414-10:58:56] [INFO ] Socket 7: AF_INET6 connection received from ::1 port 40786
[20250414-10:58:56] [INFO ] Terminal Server Users group is disabled, allowing authentication
[20250414-10:58:56] [INFO ] ++ created session (access granted): username j20162, ip ::ffff:126.109.164.224:63844 - socket: 11
[20250414-10:58:56] [INFO ] starting Xorg session...
[20250414-10:58:56] [INFO ] Starting session: session_pid 116693, display :12.0, width 1920, height 1080, bpp 24, client ip ::ffff:126.109.164.224:63844 - socket: 11, user name j20162
[20250414-10:58:56] [INFO ] [session start] (display 12): calling auth_start_session from pid 116693
[20250414-10:58:56] [ERROR] sesman_data_in: scp_process_msg failed
[20250414-10:58:56] [INFO ] Starting X server on display 12: /usr/lib/xorg/Xorg :12 -auth .Xauthority -config xrdp/xorg.conf -noreset -nolisten tcp -logfile .xorgxrdp.%s.log  
[20250414-10:58:56] [ERROR] sesman_main_loop: trans_check_wait_objs failed, removing trans
[20250414-10:58:57] [INFO ] Found X server running at /tmp/.X11-unix/X12
[20250414-10:58:57] [INFO ] Found X server running at /tmp/.X11-unix/X12
[20250414-10:58:57] [INFO ] Session started successfully for user j20162 on display 12
[20250414-10:58:57] [INFO ] Starting the xrdp channel server for display 12
[20250414-10:58:57] [INFO ] Found X server running at /tmp/.X11-unix/X12
[20250414-10:58:57] [INFO ] Session in progress on display 12, waiting until the window manager (pid 116696) exits to end the session
[20250414-10:58:57] [INFO ] Starting the default window manager on display 12: /etc/xrdp/startwm.sh
[20250414-11:01:17] [INFO ] Socket 7: AF_INET6 connection received from ::1 port 57676
[20250414-11:01:18] [ERROR] pam_authenticate failed: Authentication failure
[20250414-11:01:18] [INFO ] Username or password error for user: shima
[20250414-11:01:18] [ERROR] sesman_data_in: scp_process_msg failed
[20250414-11:01:18] [ERROR] sesman_main_loop: trans_check_wait_objs failed, removing trans
[20250414-11:01:53] [INFO ] Socket 7: AF_INET6 connection received from ::1 port 41384
[20250414-11:01:55] [ERROR] pam_authenticate failed: Authentication failure
[20250414-11:01:55] [INFO ] Username or password error for user: shima
[20250414-11:01:55] [ERROR] sesman_data_in: scp_process_msg failed
[20250414-11:01:55] [ERROR] sesman_main_loop: trans_check_wait_objs failed, removing trans
[20250414-11:02:23] [INFO ] Socket 7: AF_INET6 connection received from ::1 port 33672
[20250414-11:02:23] [INFO ] Terminal Server Users group is disabled, allowing authentication
[20250414-11:02:23] [INFO ] ++ created session (access granted): username a20999, ip ::ffff:106.146.209.144:63695 - socket: 11
[20250414-11:02:23] [INFO ] starting Xorg session...
[20250414-11:02:23] [INFO ] Starting session: session_pid 117679, display :13.0, width 1120, height 687, bpp 24, client ip ::ffff:106.146.209.144:63695 - socket: 11, user name a20999
[20250414-11:02:23] [INFO ] [session start] (display 13): calling auth_start_session from pid 117679
[20250414-11:02:23] [ERROR] sesman_data_in: scp_process_msg failed
[20250414-11:02:23] [INFO ] Starting X server on display 13: /usr/lib/xorg/Xorg :13 -auth .Xauthority -config xrdp/xorg.conf -noreset -nolisten tcp -logfile .xorgxrdp.%s.log  
[20250414-11:02:23] [ERROR] sesman_main_loop: trans_check_wait_objs failed, removing trans
[20250414-11:02:23] [INFO ] Found X server running at /tmp/.X11-unix/X13
[20250414-11:02:23] [INFO ] Found X server running at /tmp/.X11-unix/X13
[20250414-11:02:23] [INFO ] Session started successfully for user a20999 on display 13
[20250414-11:02:23] [INFO ] Starting the xrdp channel server for display 13
[20250414-11:02:23] [INFO ] Found X server running at /tmp/.X11-unix/X13
[20250414-11:02:23] [INFO ] Session in progress on display 13, waiting until the window manager (pid 117682) exits to end the session
[20250414-11:02:23] [INFO ] Starting the default window manager on display 13: /etc/xrdp/startwm.sh
[20250414-11:05:08] [INFO ] Calling auth_stop_session and auth_end from pid 117679
[20250414-11:05:08] [INFO ] Terminating X server (pid 117683) on display 13
[20250414-11:05:08] [INFO ] Terminating the xrdp channel server (pid 117693) on display 13
[20250414-11:05:08] [INFO ] X server on display 13 (pid 117683) returned exit code 0 and signal number 0
[20250414-11:05:08] [INFO ] xrdp channel server for display 13 (pid 117693) exit code 0 and signal number 0
[20250414-11:05:08] [INFO ] cleanup_sockets:
[20250414-11:05:08] [INFO ] ++ terminated session:  username a20999, display :13.0, session_pid 117679, ip ::ffff:106.146.209.144:63695 - socket: 11
[20250414-14:32:00] [INFO ] Socket 7: AF_INET6 connection received from ::1 port 56536
[20250414-14:32:00] [INFO ] Terminal Server Users group is disabled, allowing authentication
[20250414-14:32:00] [INFO ] ++ created session (access granted): username a20999, ip ::ffff:210.137.32.246:30617 - socket: 11
[20250414-14:32:00] [INFO ] starting Xorg session...
[20250414-14:32:00] [INFO ] Starting session: session_pid 120580, display :13.0, width 1280, height 800, bpp 24, client ip ::ffff:210.137.32.246:30617 - socket: 11, user name a20999
[20250414-14:32:00] [INFO ] [session start] (display 13): calling auth_start_session from pid 120580
[20250414-14:32:00] [ERROR] sesman_data_in: scp_process_msg failed
[20250414-14:32:00] [INFO ] Starting X server on display 13: /usr/lib/xorg/Xorg :13 -auth .Xauthority -config xrdp/xorg.conf -noreset -nolisten tcp -logfile .xorgxrdp.%s.log  
[20250414-14:32:00] [ERROR] sesman_main_loop: trans_check_wait_objs failed, removing trans
[20250414-14:32:01] [INFO ] Found X server running at /tmp/.X11-unix/X13
[20250414-14:32:01] [INFO ] Found X server running at /tmp/.X11-unix/X13
[20250414-14:32:01] [INFO ] Found X server running at /tmp/.X11-unix/X13
[20250414-14:32:01] [INFO ] Session started successfully for user a20999 on display 13
[20250414-14:32:01] [INFO ] Starting the xrdp channel server for display 13
[20250414-14:32:01] [INFO ] Starting the default window manager on display 13: /etc/xrdp/startwm.sh
[20250414-14:32:01] [INFO ] Session in progress on display 13, waiting until the window manager (pid 120583) exits to end the session
[20250414-15:50:52] [INFO ] Socket 7: AF_INET6 connection received from ::1 port 49260
[20250414-15:50:52] [INFO ] Terminal Server Users group is disabled, allowing authentication
[20250414-15:50:52] [INFO ] ++ created session (access granted): username j20102, ip ::ffff:165.242.43.50:50213 - socket: 11
[20250414-15:50:52] [INFO ] starting Xorg session...
[20250414-15:50:52] [INFO ] Starting session: session_pid 123137, display :14.0, width 1280, height 800, bpp 24, client ip ::ffff:165.242.43.50:50213 - socket: 11, user name j20102
[20250414-15:50:52] [INFO ] [session start] (display 14): calling auth_start_session from pid 123137
[20250414-15:50:52] [ERROR] sesman_data_in: scp_process_msg failed
[20250414-15:50:52] [INFO ] Starting X server on display 14: /usr/lib/xorg/Xorg :14 -auth .Xauthority -config xrdp/xorg.conf -noreset -nolisten tcp -logfile .xorgxrdp.%s.log  
[20250414-15:50:52] [ERROR] sesman_main_loop: trans_check_wait_objs failed, removing trans
[20250414-15:50:53] [INFO ] Found X server running at /tmp/.X11-unix/X14
[20250414-15:50:53] [INFO ] Found X server running at /tmp/.X11-unix/X14
[20250414-15:50:53] [INFO ] Session started successfully for user j20102 on display 14
[20250414-15:50:53] [INFO ] Starting the xrdp channel server for display 14
[20250414-15:50:53] [INFO ] Found X server running at /tmp/.X11-unix/X14
[20250414-15:50:53] [INFO ] Session in progress on display 14, waiting until the window manager (pid 123140) exits to end the session
[20250414-15:50:53] [INFO ] Starting the default window manager on display 14: /etc/xrdp/startwm.sh
[20250414-15:50:56] [INFO ] Socket 7: AF_INET6 connection received from ::1 port 41164
[20250414-15:50:58] [ERROR] pam_authenticate failed: Authentication failure
[20250414-15:50:58] [INFO ] Username or password error for user: h20183@e.hiroshima-cu.ac.jp
[20250414-15:50:58] [ERROR] sesman_data_in: scp_process_msg failed
[20250414-15:50:58] [ERROR] sesman_main_loop: trans_check_wait_objs failed, removing trans
[20250414-15:51:33] [INFO ] Socket 7: AF_INET6 connection received from ::1 port 47776
[20250414-15:51:35] [ERROR] pam_authenticate failed: Authentication failure
[20250414-15:51:35] [INFO ] Username or password error for user: j20002@e.hiroshima-cu.ac.jp
[20250414-15:51:35] [ERROR] sesman_data_in: scp_process_msg failed
[20250414-15:51:35] [ERROR] sesman_main_loop: trans_check_wait_objs failed, removing trans
[20250414-15:53:12] [INFO ] Socket 7: AF_INET6 connection received from ::1 port 54588
[20250414-15:53:13] [ERROR] pam_authenticate failed: Authentication failure
[20250414-15:53:14] [INFO ] Username or password error for user: j20002@e.hiroshima-cu.ac.jp
[20250414-15:53:14] [ERROR] sesman_data_in: scp_process_msg failed
[20250414-15:53:14] [ERROR] sesman_main_loop: trans_check_wait_objs failed, removing trans
[20250414-15:53:48] [INFO ] Socket 7: AF_INET6 connection received from ::1 port 48262
[20250414-15:53:49] [ERROR] pam_authenticate failed: Authentication failure
[20250414-15:53:49] [INFO ] Username or password error for user: j20002@e.hiroshima-cu.ac.jp
[20250414-15:53:49] [ERROR] sesman_data_in: scp_process_msg failed
[20250414-15:53:49] [ERROR] sesman_main_loop: trans_check_wait_objs failed, removing trans
[20250414-15:53:50] [INFO ] Socket 7: AF_INET6 connection received from ::1 port 48274
[20250414-15:53:52] [ERROR] pam_authenticate failed: Authentication failure
[20250414-15:53:52] [INFO ] Username or password error for user: h20183@e.hiroshima-cu.ac.jp
[20250414-15:53:52] [ERROR] sesman_data_in: scp_process_msg failed
[20250414-15:53:52] [ERROR] sesman_main_loop: trans_check_wait_objs failed, removing trans
[20250414-15:55:29] [INFO ] Socket 7: AF_INET6 connection received from ::1 port 56966
[20250414-15:55:31] [ERROR] pam_authenticate failed: Authentication failure
[20250414-15:55:31] [INFO ] Username or password error for user: h20183@e.hiroshima-cu.ac.jp
[20250414-15:55:31] [ERROR] sesman_data_in: scp_process_msg failed
[20250414-15:55:31] [ERROR] sesman_main_loop: trans_check_wait_objs failed, removing trans
[20250414-15:55:31] [INFO ] Socket 7: AF_INET6 connection received from ::1 port 56978
[20250414-15:55:33] [ERROR] pam_authenticate failed: Authentication failure
[20250414-15:55:33] [INFO ] Username or password error for user: j20002@e.hiroshima-cu.sc.jp
[20250414-15:55:33] [ERROR] sesman_data_in: scp_process_msg failed
[20250414-15:55:33] [ERROR] sesman_main_loop: trans_check_wait_objs failed, removing trans
[20250414-15:57:02] [INFO ] Calling auth_stop_session and auth_end from pid 120580
[20250414-15:57:02] [INFO ] Terminating X server (pid 120584) on display 13
[20250414-15:57:02] [INFO ] Terminating the xrdp channel server (pid 120594) on display 13
[20250414-15:57:02] [INFO ] X server on display 13 (pid 120584) returned exit code 0 and signal number 0
[20250414-15:57:02] [INFO ] xrdp channel server for display 13 (pid 120594) exit code 0 and signal number 0
[20250414-15:57:02] [INFO ] cleanup_sockets:
[20250414-15:57:02] [INFO ] ++ terminated session:  username a20999, display :13.0, session_pid 120580, ip ::ffff:210.137.32.246:30617 - socket: 11
[20250414-15:57:14] [INFO ] Socket 7: AF_INET6 connection received from ::1 port 36496
[20250414-15:57:14] [INFO ] Terminal Server Users group is disabled, allowing authentication
[20250414-15:57:14] [INFO ] ++ created session (access granted): username a20999, ip ::ffff:210.137.32.246:30615 - socket: 11
[20250414-15:57:14] [INFO ] starting Xorg session...
[20250414-15:57:14] [INFO ] Starting session: session_pid 124870, display :13.0, width 1280, height 800, bpp 24, client ip ::ffff:210.137.32.246:30615 - socket: 11, user name a20999
[20250414-15:57:14] [INFO ] [session start] (display 13): calling auth_start_session from pid 124870
[20250414-15:57:14] [ERROR] sesman_data_in: scp_process_msg failed
[20250414-15:57:14] [ERROR] sesman_main_loop: trans_check_wait_objs failed, removing trans
[20250414-15:57:14] [INFO ] Starting X server on display 13: /usr/lib/xorg/Xorg :13 -auth .Xauthority -config xrdp/xorg.conf -noreset -nolisten tcp -logfile .xorgxrdp.%s.log  
[20250414-15:57:14] [INFO ] Found X server running at /tmp/.X11-unix/X13
[20250414-15:57:14] [INFO ] Found X server running at /tmp/.X11-unix/X13
[20250414-15:57:14] [INFO ] Session started successfully for user a20999 on display 13
[20250414-15:57:14] [INFO ] Session in progress on display 13, waiting until the window manager (pid 124873) exits to end the session
[20250414-15:57:14] [INFO ] Starting the xrdp channel server for display 13
[20250414-15:57:14] [INFO ] Found X server running at /tmp/.X11-unix/X13
[20250414-15:57:14] [INFO ] Starting the default window manager on display 13: /etc/xrdp/startwm.sh
[20250414-15:58:04] [INFO ] Socket 7: AF_INET6 connection received from ::1 port 52416
[20250414-15:58:06] [ERROR] pam_authenticate failed: Authentication failure
[20250414-15:58:06] [INFO ] Username or password error for user: j20046@e.hiroshima-cu.ac.jp
[20250414-15:58:06] [ERROR] sesman_data_in: scp_process_msg failed
[20250414-15:58:06] [ERROR] sesman_main_loop: trans_check_wait_objs failed, removing trans
[20250414-15:58:49] [INFO ] Socket 7: AF_INET6 connection received from ::1 port 55318
[20250414-15:58:49] [INFO ] ++ reconnected session: username j20102, display :14.0, session_pid 123137, ip ::ffff:165.242.43.50:50645 - socket: 11
[20250414-15:58:49] [ERROR] sesman_data_in: scp_process_msg failed
[20250414-15:58:49] [INFO ] Starting session reconnection script on display 14: /etc/xrdp/reconnectwm.sh
[20250414-15:58:49] [ERROR] sesman_main_loop: trans_check_wait_objs failed, removing trans
[20250414-15:59:25] [INFO ] Socket 7: AF_INET6 connection received from ::1 port 42914
[20250414-15:59:25] [INFO ] Terminal Server Users group is disabled, allowing authentication
[20250414-15:59:25] [INFO ] ++ created session (access granted): username j20156, ip ::ffff:210.137.32.246:50281 - socket: 11
[20250414-15:59:25] [INFO ] starting Xorg session...
[20250414-15:59:25] [INFO ] Starting session: session_pid 125721, display :15.0, width 1920, height 1200, bpp 24, client ip ::ffff:210.137.32.246:50281 - socket: 11, user name j20156
[20250414-15:59:25] [INFO ] [session start] (display 15): calling auth_start_session from pid 125721
[20250414-15:59:25] [ERROR] sesman_data_in: scp_process_msg failed
[20250414-15:59:25] [INFO ] Starting X server on display 15: /usr/lib/xorg/Xorg :15 -auth .Xauthority -config xrdp/xorg.conf -noreset -nolisten tcp -logfile .xorgxrdp.%s.log  
[20250414-15:59:25] [ERROR] sesman_main_loop: trans_check_wait_objs failed, removing trans
[20250414-15:59:25] [INFO ] Found X server running at /tmp/.X11-unix/X15
[20250414-15:59:25] [INFO ] Found X server running at /tmp/.X11-unix/X15
[20250414-15:59:25] [INFO ] Session started successfully for user j20156 on display 15
[20250414-15:59:25] [INFO ] Starting the xrdp channel server for display 15
[20250414-15:59:25] [INFO ] Found X server running at /tmp/.X11-unix/X15
[20250414-15:59:26] [INFO ] Session in progress on display 15, waiting until the window manager (pid 125724) exits to end the session
[20250414-15:59:26] [INFO ] Starting the default window manager on display 15: /etc/xrdp/startwm.sh
[20250414-15:59:57] [INFO ] Socket 7: AF_INET6 connection received from ::1 port 42058
[20250414-16:00:00] [ERROR] pam_authenticate failed: Authentication failure
[20250414-16:00:00] [INFO ] Username or password error for user: j20002@e.hiroshima-cu.ac.jp
[20250414-16:00:00] [ERROR] sesman_data_in: scp_process_msg failed
[20250414-16:00:00] [ERROR] sesman_main_loop: trans_check_wait_objs failed, removing trans
[20250414-16:00:43] [INFO ] Socket 7: AF_INET6 connection received from ::1 port 53500
[20250414-16:00:43] [INFO ] Terminal Server Users group is disabled, allowing authentication
[20250414-16:00:43] [INFO ] ++ created session (access granted): username j20223, ip ::ffff:210.137.32.246:17783 - socket: 11
[20250414-16:00:43] [INFO ] starting Xorg session...
[20250414-16:00:43] [INFO ] Starting session: session_pid 126632, display :16.0, width 1280, height 800, bpp 24, client ip ::ffff:210.137.32.246:17783 - socket: 11, user name j20223
[20250414-16:00:43] [INFO ] [session start] (display 16): calling auth_start_session from pid 126632
[20250414-16:00:43] [ERROR] sesman_data_in: scp_process_msg failed
[20250414-16:00:43] [INFO ] Starting X server on display 16: /usr/lib/xorg/Xorg :16 -auth .Xauthority -config xrdp/xorg.conf -noreset -nolisten tcp -logfile .xorgxrdp.%s.log  
[20250414-16:00:43] [ERROR] sesman_main_loop: trans_check_wait_objs failed, removing trans
[20250414-16:00:43] [INFO ] Found X server running at /tmp/.X11-unix/X16
[20250414-16:00:43] [INFO ] Found X server running at /tmp/.X11-unix/X16
[20250414-16:00:43] [INFO ] Session started successfully for user j20223 on display 16
[20250414-16:00:43] [INFO ] Starting the xrdp channel server for display 16
[20250414-16:00:43] [INFO ] Found X server running at /tmp/.X11-unix/X16
[20250414-16:00:43] [INFO ] Session in progress on display 16, waiting until the window manager (pid 126635) exits to end the session
[20250414-16:00:43] [INFO ] Starting the default window manager on display 16: /etc/xrdp/startwm.sh
[20250414-16:00:57] [INFO ] Socket 7: AF_INET6 connection received from ::1 port 45680
[20250414-16:00:58] [ERROR] pam_authenticate failed: Authentication failure
[20250414-16:00:58] [INFO ] Username or password error for user: j20218
[20250414-16:00:58] [ERROR] sesman_data_in: scp_process_msg failed
[20250414-16:00:58] [ERROR] sesman_main_loop: trans_check_wait_objs failed, removing trans
[20250414-16:01:26] [INFO ] Socket 7: AF_INET6 connection received from ::1 port 52336
[20250414-16:01:28] [ERROR] pam_authenticate failed: Authentication failure
[20250414-16:01:28] [INFO ] Username or password error for user: a20999
[20250414-16:01:28] [ERROR] sesman_data_in: scp_process_msg failed
[20250414-16:01:28] [ERROR] sesman_main_loop: trans_check_wait_objs failed, removing trans
[20250414-16:01:30] [INFO ] Socket 7: AF_INET6 connection received from ::1 port 52338
[20250414-16:01:33] [ERROR] pam_authenticate failed: Authentication failure
[20250414-16:01:33] [INFO ] Username or password error for user: j20046@e.hiroshima-cu.ac.jp
[20250414-16:01:33] [ERROR] sesman_data_in: scp_process_msg failed
[20250414-16:01:33] [ERROR] sesman_main_loop: trans_check_wait_objs failed, removing trans
[20250414-16:01:33] [INFO ] Socket 7: AF_INET6 connection received from ::1 port 45662
[20250414-16:01:35] [ERROR] pam_authenticate failed: Authentication failure
[20250414-16:01:35] [INFO ] Username or password error for user: h20183@e.hiroshima-cu.ac.jp
[20250414-16:01:35] [ERROR] sesman_data_in: scp_process_msg failed
[20250414-16:01:35] [ERROR] sesman_main_loop: trans_check_wait_objs failed, removing trans
[20250414-16:01:45] [INFO ] Socket 7: AF_INET6 connection received from ::1 port 47726
[20250414-16:01:47] [ERROR] pam_authenticate failed: Authentication failure
[20250414-16:01:47] [INFO ] Username or password error for user: j20218
[20250414-16:01:47] [ERROR] sesman_data_in: scp_process_msg failed
[20250414-16:01:47] [ERROR] sesman_main_loop: trans_check_wait_objs failed, removing trans
[20250414-16:02:26] [INFO ] Socket 7: AF_INET6 connection received from ::1 port 44198
[20250414-16:02:27] [ERROR] pam_authenticate failed: Authentication failure
[20250414-16:02:27] [INFO ] Username or password error for user: j20085@e.hiroshima-cu.ac.jp
[20250414-16:02:28] [ERROR] sesman_data_in: scp_process_msg failed
[20250414-16:02:28] [ERROR] sesman_main_loop: trans_check_wait_objs failed, removing trans
[20250414-16:02:34] [INFO ] Socket 7: AF_INET6 connection received from ::1 port 42496
[20250414-16:02:36] [ERROR] pam_authenticate failed: Authentication failure
[20250414-16:02:36] [INFO ] Username or password error for user: j20046@e.hiroshima-cu.ac.jp
[20250414-16:02:36] [ERROR] sesman_data_in: scp_process_msg failed
[20250414-16:02:36] [ERROR] sesman_main_loop: trans_check_wait_objs failed, removing trans
[20250414-16:02:51] [INFO ] Socket 7: AF_INET6 connection received from ::1 port 38410
[20250414-16:02:53] [ERROR] pam_authenticate failed: Authentication failure
[20250414-16:02:53] [INFO ] Username or password error for user: h20183
[20250414-16:02:53] [ERROR] sesman_data_in: scp_process_msg failed
[20250414-16:02:53] [ERROR] sesman_main_loop: trans_check_wait_objs failed, removing trans
[20250414-16:02:54] [INFO ] Socket 7: AF_INET6 connection received from ::1 port 44646
[20250414-16:02:57] [ERROR] pam_authenticate failed: Authentication failure
[20250414-16:02:57] [INFO ] Username or password error for user: j20046@e.hiroshima-cu.ac.jp
[20250414-16:02:57] [ERROR] sesman_data_in: scp_process_msg failed
[20250414-16:02:57] [ERROR] sesman_main_loop: trans_check_wait_objs failed, removing trans
[20250414-16:02:57] [INFO ] Socket 7: AF_INET6 connection received from ::1 port 44654
[20250414-16:02:58] [INFO ] Terminal Server Users group is disabled, allowing authentication
[20250414-16:02:58] [INFO ] ++ created session (access granted): username j20218, ip ::ffff:210.137.32.246:2156 - socket: 11
[20250414-16:02:58] [INFO ] starting Xorg session...
[20250414-16:02:58] [INFO ] Starting session: session_pid 127721, display :17.0, width 1920, height 1080, bpp 24, client ip ::ffff:210.137.32.246:2156 - socket: 11, user name j20218
[20250414-16:02:58] [INFO ] [session start] (display 17): calling auth_start_session from pid 127721
[20250414-16:02:58] [ERROR] sesman_data_in: scp_process_msg failed
[20250414-16:02:58] [INFO ] Starting X server on display 17: /usr/lib/xorg/Xorg :17 -auth .Xauthority -config xrdp/xorg.conf -noreset -nolisten tcp -logfile .xorgxrdp.%s.log  
[20250414-16:02:58] [ERROR] sesman_main_loop: trans_check_wait_objs failed, removing trans
[20250414-16:02:58] [INFO ] Found X server running at /tmp/.X11-unix/X17
[20250414-16:02:58] [INFO ] Found X server running at /tmp/.X11-unix/X17
[20250414-16:02:58] [INFO ] Found X server running at /tmp/.X11-unix/X17
[20250414-16:02:58] [INFO ] Session started successfully for user j20218 on display 17
[20250414-16:02:58] [INFO ] Starting the xrdp channel server for display 17
[20250414-16:02:58] [INFO ] Starting the default window manager on display 17: /etc/xrdp/startwm.sh
[20250414-16:02:58] [INFO ] Session in progress on display 17, waiting until the window manager (pid 127724) exits to end the session
[20250414-16:03:05] [INFO ] Socket 7: AF_INET6 connection received from ::1 port 53376
[20250414-16:03:08] [ERROR] pam_authenticate failed: Authentication failure
[20250414-16:03:08] [INFO ] Username or password error for user: h20132
[20250414-16:03:08] [ERROR] sesman_data_in: scp_process_msg failed
[20250414-16:03:08] [ERROR] sesman_main_loop: trans_check_wait_objs failed, removing trans
[20250414-16:03:12] [INFO ] Socket 7: AF_INET6 connection received from ::1 port 53386
[20250414-16:03:12] [INFO ] Socket 8: AF_INET6 connection received from ::1 port 53388
[20250414-16:03:12] [INFO ] Terminal Server Users group is disabled, allowing authentication
[20250414-16:03:12] [INFO ] ++ created session (access granted): username j20085, ip ::ffff:210.137.32.246:13064 - socket: 11
[20250414-16:03:12] [INFO ] starting Xorg session...
[20250414-16:03:12] [INFO ] Starting session: session_pid 128612, display :18.0, width 1280, height 800, bpp 24, client ip ::ffff:210.137.32.246:13064 - socket: 11, user name j20085
[20250414-16:03:12] [INFO ] [session start] (display 18): calling auth_start_session from pid 128612
[20250414-16:03:12] [ERROR] sesman_data_in: scp_process_msg failed
[20250414-16:03:12] [INFO ] Starting X server on display 18: /usr/lib/xorg/Xorg :18 -auth .Xauthority -config xrdp/xorg.conf -noreset -nolisten tcp -logfile .xorgxrdp.%s.log  
[20250414-16:03:12] [ERROR] sesman_main_loop: trans_check_wait_objs failed, removing trans
[20250414-16:03:12] [INFO ] Found X server running at /tmp/.X11-unix/X18
[20250414-16:03:12] [INFO ] Found X server running at /tmp/.X11-unix/X18
[20250414-16:03:12] [INFO ] Found X server running at /tmp/.X11-unix/X18
[20250414-16:03:12] [INFO ] Session started successfully for user j20085 on display 18
[20250414-16:03:12] [INFO ] Starting the xrdp channel server for display 18
[20250414-16:03:12] [INFO ] Starting the default window manager on display 18: /etc/xrdp/startwm.sh
[20250414-16:03:12] [INFO ] Session in progress on display 18, waiting until the window manager (pid 128615) exits to end the session
[20250414-16:03:15] [ERROR] pam_authenticate failed: Authentication failure
[20250414-16:03:15] [INFO ] Username or password error for user: j20046@e.hiroshima-cu.ac.jp
[20250414-16:03:15] [ERROR] sesman_data_in: scp_process_msg failed
[20250414-16:03:15] [ERROR] sesman_main_loop: trans_check_wait_objs failed, removing trans
[20250414-16:03:15] [INFO ] Socket 7: AF_INET6 connection received from ::1 port 39330
[20250414-16:03:16] [ERROR] pam_authenticate failed: Authentication failure
[20250414-16:03:16] [INFO ] Username or password error for user: a20999
[20250414-16:03:17] [ERROR] sesman_data_in: scp_process_msg failed
[20250414-16:03:17] [ERROR] sesman_main_loop: trans_check_wait_objs failed, removing trans
[20250414-16:03:37] [INFO ] Socket 7: AF_INET6 connection received from ::1 port 53876
[20250414-16:03:39] [ERROR] pam_authenticate failed: Authentication failure
[20250414-16:03:39] [INFO ] Username or password error for user: j20002@e.hiroshima-cu.ac.jp
[20250414-16:03:39] [ERROR] sesman_data_in: scp_process_msg failed
[20250414-16:03:39] [ERROR] sesman_main_loop: trans_check_wait_objs failed, removing trans
[20250414-16:03:39] [INFO ] Socket 7: AF_INET6 connection received from ::1 port 53888
[20250414-16:03:39] [INFO ] ++ reconnected session: username j20162, display :12.0, session_pid 116693, ip ::ffff:210.137.32.246:30895 - socket: 11
[20250414-16:03:39] [ERROR] sesman_data_in: scp_process_msg failed
[20250414-16:03:39] [INFO ] Starting session reconnection script on display 12: /etc/xrdp/reconnectwm.sh
[20250414-16:03:39] [ERROR] sesman_main_loop: trans_check_wait_objs failed, removing trans
[20250414-16:03:42] [INFO ] Socket 7: AF_INET6 connection received from ::1 port 53898
[20250414-16:03:42] [INFO ] Terminal Server Users group is disabled, allowing authentication
[20250414-16:03:42] [INFO ] ++ created session (access granted): username j20048, ip ::ffff:210.137.32.246:49690 - socket: 11
[20250414-16:03:42] [INFO ] starting Xorg session...
[20250414-16:03:42] [INFO ] Starting session: session_pid 129702, display :19.0, width 1280, height 800, bpp 24, client ip ::ffff:210.137.32.246:49690 - socket: 11, user name j20048
[20250414-16:03:42] [INFO ] [session start] (display 19): calling auth_start_session from pid 129702
[20250414-16:03:42] [ERROR] sesman_data_in: scp_process_msg failed
[20250414-16:03:42] [INFO ] Starting X server on display 19: /usr/lib/xorg/Xorg :19 -auth .Xauthority -config xrdp/xorg.conf -noreset -nolisten tcp -logfile .xorgxrdp.%s.log  
[20250414-16:03:42] [ERROR] sesman_main_loop: trans_check_wait_objs failed, removing trans
[20250414-16:03:43] [INFO ] Found X server running at /tmp/.X11-unix/X19
[20250414-16:03:43] [INFO ] Found X server running at /tmp/.X11-unix/X19
[20250414-16:03:43] [INFO ] Found X server running at /tmp/.X11-unix/X19
[20250414-16:03:43] [INFO ] Session started successfully for user j20048 on display 19
[20250414-16:03:43] [INFO ] Starting the xrdp channel server for display 19
[20250414-16:03:43] [INFO ] Starting the default window manager on display 19: /etc/xrdp/startwm.sh
[20250414-16:03:43] [INFO ] Session in progress on display 19, waiting until the window manager (pid 129705) exits to end the session
[20250414-16:03:43] [INFO ] Socket 7: AF_INET6 connection received from ::1 port 52022
[20250414-16:03:43] [INFO ] Terminal Server Users group is disabled, allowing authentication
[20250414-16:03:43] [INFO ] ++ created session (access granted): username j20179, ip ::ffff:210.137.32.246:37934 - socket: 11
[20250414-16:03:43] [INFO ] starting Xorg session...
[20250414-16:03:43] [INFO ] Starting session: session_pid 130166, display :20.0, width 1920, height 1080, bpp 24, client ip ::ffff:210.137.32.246:37934 - socket: 11, user name j20179
[20250414-16:03:43] [INFO ] [session start] (display 20): calling auth_start_session from pid 130166
[20250414-16:03:43] [ERROR] sesman_data_in: scp_process_msg failed
[20250414-16:03:44] [INFO ] Starting X server on display 20: /usr/lib/xorg/Xorg :20 -auth .Xauthority -config xrdp/xorg.conf -noreset -nolisten tcp -logfile .xorgxrdp.%s.log  
[20250414-16:03:44] [ERROR] sesman_main_loop: trans_check_wait_objs failed, removing trans
[20250414-16:03:44] [INFO ] Found X server running at /tmp/.X11-unix/X20
[20250414-16:03:44] [INFO ] Found X server running at /tmp/.X11-unix/X20
[20250414-16:03:44] [INFO ] Found X server running at /tmp/.X11-unix/X20
[20250414-16:03:44] [INFO ] Session started successfully for user j20179 on display 20
[20250414-16:03:44] [INFO ] Starting the xrdp channel server for display 20
[20250414-16:03:44] [INFO ] Starting the default window manager on display 20: /etc/xrdp/startwm.sh
[20250414-16:03:44] [INFO ] Session in progress on display 20, waiting until the window manager (pid 130181) exits to end the session
[20250414-16:03:47] [INFO ] Socket 7: AF_INET6 connection received from ::1 port 52028
[20250414-16:03:49] [ERROR] pam_authenticate failed: Authentication failure
[20250414-16:03:49] [INFO ] Username or password error for user: h20183
[20250414-16:03:49] [ERROR] sesman_data_in: scp_process_msg failed
[20250414-16:03:49] [ERROR] sesman_main_loop: trans_check_wait_objs failed, removing trans
[20250414-16:03:49] [INFO ] Socket 7: AF_INET6 connection received from ::1 port 52034
[20250414-16:03:49] [INFO ] Socket 8: AF_INET6 connection received from ::1 port 52036
[20250414-16:03:51] [ERROR] pam_authenticate failed: Authentication failure
[20250414-16:03:51] [INFO ] Username or password error for user: j20004@e.hiroshima-cu.ac.jp
[20250414-16:03:51] [ERROR] sesman_data_in: scp_process_msg failed
[20250414-16:03:51] [ERROR] sesman_main_loop: trans_check_wait_objs failed, removing trans
[20250414-16:03:51] [INFO ] ++ reconnected session: username j20138, display :10.0, session_pid 96071, ip ::ffff:210.137.32.246:47493 - socket: 11
[20250414-16:03:51] [ERROR] sesman_data_in: scp_process_msg failed
[20250414-16:03:51] [INFO ] Starting session reconnection script on display 10: /etc/xrdp/reconnectwm.sh
[20250414-16:03:51] [ERROR] sesman_main_loop: trans_check_wait_objs failed, removing trans
[20250414-16:03:52] [INFO ] Socket 7: AF_INET6 connection received from ::1 port 52052
[20250414-16:03:54] [ERROR] pam_authenticate failed: Authentication failure
[20250414-16:03:54] [INFO ] Username or password error for user: a20999
[20250414-16:03:54] [ERROR] sesman_data_in: scp_process_msg failed
[20250414-16:03:54] [ERROR] sesman_main_loop: trans_check_wait_objs failed, removing trans
[20250414-16:03:57] [INFO ] Socket 7: AF_INET6 connection received from ::1 port 60874
[20250414-16:03:59] [ERROR] pam_authenticate failed: Authentication failure
[20250414-16:03:59] [INFO ] Username or password error for user: a20999
[20250414-16:03:59] [ERROR] sesman_data_in: scp_process_msg failed
[20250414-16:03:59] [ERROR] sesman_main_loop: trans_check_wait_objs failed, removing trans
[20250414-16:04:00] [INFO ] Socket 7: AF_INET6 connection received from ::1 port 60886
[20250414-16:04:02] [ERROR] pam_authenticate failed: Authentication failure
[20250414-16:04:02] [INFO ] Username or password error for user: j20046@e.hiroshima-cu.ac.jp
[20250414-16:04:02] [ERROR] sesman_data_in: scp_process_msg failed
[20250414-16:04:02] [ERROR] sesman_main_loop: trans_check_wait_objs failed, removing trans
[20250414-16:04:08] [INFO ] Socket 7: AF_INET6 connection received from ::1 port 51880
[20250414-16:04:10] [ERROR] pam_authenticate failed: Authentication failure
[20250414-16:04:10] [INFO ] Username or password error for user: j20002@e.hiroshima-cu.ac.jp
[20250414-16:04:10] [ERROR] sesman_data_in: scp_process_msg failed
[20250414-16:04:10] [ERROR] sesman_main_loop: trans_check_wait_objs failed, removing trans
[20250414-16:04:15] [INFO ] Socket 7: AF_INET6 connection received from ::1 port 58694
[20250414-16:04:15] [INFO ] Terminal Server Users group is disabled, allowing authentication
[20250414-16:04:16] [INFO ] ++ created session (access granted): username h20132, ip ::ffff:210.137.32.246:59246 - socket: 11
[20250414-16:04:16] [INFO ] starting Xorg session...
[20250414-16:04:16] [INFO ] Starting session: session_pid 131542, display :21.0, width 1280, height 800, bpp 24, client ip ::ffff:210.137.32.246:59246 - socket: 11, user name h20132
[20250414-16:04:16] [INFO ] [session start] (display 21): calling auth_start_session from pid 131542
[20250414-16:04:16] [ERROR] sesman_data_in: scp_process_msg failed
[20250414-16:04:16] [INFO ] Starting X server on display 21: /usr/lib/xorg/Xorg :21 -auth .Xauthority -config xrdp/xorg.conf -noreset -nolisten tcp -logfile .xorgxrdp.%s.log  
[20250414-16:04:16] [ERROR] sesman_main_loop: trans_check_wait_objs failed, removing trans
[20250414-16:04:16] [INFO ] Found X server running at /tmp/.X11-unix/X21
[20250414-16:04:16] [INFO ] Found X server running at /tmp/.X11-unix/X21
[20250414-16:04:16] [INFO ] Found X server running at /tmp/.X11-unix/X21
[20250414-16:04:16] [INFO ] Session started successfully for user h20132 on display 21
[20250414-16:04:16] [INFO ] Starting the xrdp channel server for display 21
[20250414-16:04:16] [INFO ] Starting the default window manager on display 21: /etc/xrdp/startwm.sh
[20250414-16:04:16] [INFO ] Session in progress on display 21, waiting until the window manager (pid 131545) exits to end the session
[20250414-16:04:18] [INFO ] Socket 7: AF_INET6 connection received from ::1 port 58698
[20250414-16:04:18] [INFO ] Terminal Server Users group is disabled, allowing authentication
[20250414-16:04:18] [INFO ] ++ created session (access granted): username j20183, ip ::ffff:210.137.32.246:53743 - socket: 11
[20250414-16:04:18] [INFO ] starting Xorg session...
[20250414-16:04:18] [INFO ] Starting session: session_pid 132424, display :22.0, width 1280, height 800, bpp 24, client ip ::ffff:210.137.32.246:53743 - socket: 11, user name j20183
[20250414-16:04:18] [INFO ] [session start] (display 22): calling auth_start_session from pid 132424
[20250414-16:04:18] [ERROR] sesman_data_in: scp_process_msg failed
[20250414-16:04:18] [INFO ] Starting X server on display 22: /usr/lib/xorg/Xorg :22 -auth .Xauthority -config xrdp/xorg.conf -noreset -nolisten tcp -logfile .xorgxrdp.%s.log  
[20250414-16:04:18] [ERROR] sesman_main_loop: trans_check_wait_objs failed, removing trans
[20250414-16:04:18] [INFO ] Socket 7: AF_INET6 connection received from ::1 port 58702
[20250414-16:04:18] [INFO ] Terminal Server Users group is disabled, allowing authentication
[20250414-16:04:18] [INFO ] ++ created session (access granted): username j20006, ip ::ffff:210.137.32.246:15153 - socket: 11
[20250414-16:04:18] [INFO ] Found X server running at /tmp/.X11-unix/X22
[20250414-16:04:18] [INFO ] Found X server running at /tmp/.X11-unix/X22
[20250414-16:04:18] [INFO ] starting Xorg session...
[20250414-16:04:18] [INFO ] Found X server running at /tmp/.X11-unix/X22
[20250414-16:04:18] [INFO ] Session started successfully for user j20183 on display 22
[20250414-16:04:18] [INFO ] Starting the xrdp channel server for display 22
[20250414-16:04:18] [INFO ] Starting session: session_pid 132440, display :23.0, width 1280, height 800, bpp 24, client ip ::ffff:210.137.32.246:15153 - socket: 11, user name j20006
[20250414-16:04:18] [INFO ] [session start] (display 23): calling auth_start_session from pid 132440
[20250414-16:04:18] [INFO ] Starting the default window manager on display 22: /etc/xrdp/startwm.sh
[20250414-16:04:18] [INFO ] Session in progress on display 22, waiting until the window manager (pid 132427) exits to end the session
[20250414-16:04:18] [ERROR] sesman_data_in: scp_process_msg failed
[20250414-16:04:18] [INFO ] Starting X server on display 23: /usr/lib/xorg/Xorg :23 -auth .Xauthority -config xrdp/xorg.conf -noreset -nolisten tcp -logfile .xorgxrdp.%s.log  
[20250414-16:04:18] [ERROR] sesman_main_loop: trans_check_wait_objs failed, removing trans
[20250414-16:04:19] [INFO ] Found X server running at /tmp/.X11-unix/X23
[20250414-16:04:19] [INFO ] Found X server running at /tmp/.X11-unix/X23
[20250414-16:04:19] [INFO ] Found X server running at /tmp/.X11-unix/X23
[20250414-16:04:19] [INFO ] Starting the default window manager on display 23: /etc/xrdp/startwm.sh
[20250414-16:04:19] [INFO ] Session started successfully for user j20006 on display 23
[20250414-16:04:19] [INFO ] Starting the xrdp channel server for display 23
[20250414-16:04:19] [INFO ] Session in progress on display 23, waiting until the window manager (pid 132444) exits to end the session
[20250414-16:04:19] [INFO ] Socket 7: AF_INET6 connection received from ::1 port 58716
[20250414-16:04:21] [ERROR] pam_authenticate failed: Authentication failure
[20250414-16:04:21] [INFO ] Username or password error for user: j20159@e.hiroshima-cu.ac.jp
[20250414-16:04:21] [ERROR] sesman_data_in: scp_process_msg failed
[20250414-16:04:21] [ERROR] sesman_main_loop: trans_check_wait_objs failed, removing trans
[20250414-16:04:44] [INFO ] Socket 7: AF_INET6 connection received from ::1 port 52276
[20250414-16:04:44] [INFO ] Socket 8: AF_INET6 connection received from ::1 port 52282
[20250414-16:04:46] [ERROR] pam_authenticate failed: Authentication failure
[20250414-16:04:46] [INFO ] Username or password error for user: j20038
[20250414-16:04:46] [ERROR] sesman_data_in: scp_process_msg failed
[20250414-16:04:46] [ERROR] sesman_main_loop: trans_check_wait_objs failed, removing trans
[20250414-16:04:48] [ERROR] pam_authenticate failed: Authentication failure
[20250414-16:04:48] [INFO ] Username or password error for user: j20002@e.hiroshima-cu.ac.jp
[20250414-16:04:48] [ERROR] sesman_data_in: scp_process_msg failed
[20250414-16:04:48] [ERROR] sesman_main_loop: trans_check_wait_objs failed, removing trans
[20250414-16:04:48] [INFO ] Socket 7: AF_INET6 connection received from ::1 port 52296
[20250414-16:04:48] [INFO ] Terminal Server Users group is disabled, allowing authentication
[20250414-16:04:48] [INFO ] ++ created session (access granted): username j20124, ip ::ffff:210.137.32.246:62972 - socket: 11
[20250414-16:04:48] [INFO ] starting Xorg session...
[20250414-16:04:48] [INFO ] Starting session: session_pid 134683, display :24.0, width 1280, height 800, bpp 24, client ip ::ffff:210.137.32.246:62972 - socket: 11, user name j20124
[20250414-16:04:48] [INFO ] [session start] (display 24): calling auth_start_session from pid 134683
[20250414-16:04:48] [ERROR] sesman_data_in: scp_process_msg failed
[20250414-16:04:48] [ERROR] sesman_main_loop: trans_check_wait_objs failed, removing trans
[20250414-16:04:48] [INFO ] Starting X server on display 24: /usr/lib/xorg/Xorg :24 -auth .Xauthority -config xrdp/xorg.conf -noreset -nolisten tcp -logfile .xorgxrdp.%s.log  
[20250414-16:04:48] [INFO ] Found X server running at /tmp/.X11-unix/X24
[20250414-16:04:48] [INFO ] Found X server running at /tmp/.X11-unix/X24
[20250414-16:04:49] [INFO ] Found X server running at /tmp/.X11-unix/X24
[20250414-16:04:49] [INFO ] Session started successfully for user j20124 on display 24
[20250414-16:04:49] [INFO ] Starting the xrdp channel server for display 24
[20250414-16:04:49] [INFO ] Starting the default window manager on display 24: /etc/xrdp/startwm.sh
[20250414-16:04:49] [INFO ] Session in progress on display 24, waiting until the window manager (pid 134686) exits to end the session
[20250414-16:05:06] [INFO ] Socket 7: AF_INET6 connection received from ::1 port 50656
[20250414-16:05:07] [INFO ] Terminal Server Users group is disabled, allowing authentication
[20250414-16:05:07] [INFO ] ++ created session (access granted): username h20109, ip ::ffff:210.137.32.246:32930 - socket: 11
[20250414-16:05:07] [INFO ] starting Xorg session...
[20250414-16:05:07] [INFO ] Starting session: session_pid 135803, display :25.0, width 1280, height 800, bpp 24, client ip ::ffff:210.137.32.246:32930 - socket: 11, user name h20109
[20250414-16:05:07] [INFO ] [session start] (display 25): calling auth_start_session from pid 135803
[20250414-16:05:07] [ERROR] sesman_data_in: scp_process_msg failed
[20250414-16:05:07] [INFO ] Starting X server on display 25: /usr/lib/xorg/Xorg :25 -auth .Xauthority -config xrdp/xorg.conf -noreset -nolisten tcp -logfile .xorgxrdp.%s.log  
[20250414-16:05:07] [ERROR] sesman_main_loop: trans_check_wait_objs failed, removing trans
[20250414-16:05:07] [INFO ] Found X server running at /tmp/.X11-unix/X25
[20250414-16:05:07] [INFO ] Found X server running at /tmp/.X11-unix/X25
[20250414-16:05:07] [INFO ] Session started successfully for user h20109 on display 25
[20250414-16:05:07] [INFO ] Starting the xrdp channel server for display 25
[20250414-16:05:07] [INFO ] Found X server running at /tmp/.X11-unix/X25
[20250414-16:05:07] [INFO ] Session in progress on display 25, waiting until the window manager (pid 135806) exits to end the session
[20250414-16:05:07] [INFO ] Starting the default window manager on display 25: /etc/xrdp/startwm.sh
[20250414-16:05:24] [INFO ] Socket 7: AF_INET6 connection received from ::1 port 35482
[20250414-16:05:24] [INFO ] Terminal Server Users group is disabled, allowing authentication
[20250414-16:05:24] [INFO ] ++ created session (access granted): username j20118, ip ::ffff:210.137.32.246:37165 - socket: 11
[20250414-16:05:24] [INFO ] starting Xorg session...
[20250414-16:05:24] [INFO ] Starting session: session_pid 136794, display :26.0, width 1920, height 1080, bpp 24, client ip ::ffff:210.137.32.246:37165 - socket: 11, user name j20118
[20250414-16:05:24] [INFO ] [session start] (display 26): calling auth_start_session from pid 136794
[20250414-16:05:24] [ERROR] sesman_data_in: scp_process_msg failed
[20250414-16:05:24] [INFO ] Starting X server on display 26: /usr/lib/xorg/Xorg :26 -auth .Xauthority -config xrdp/xorg.conf -noreset -nolisten tcp -logfile .xorgxrdp.%s.log  
[20250414-16:05:24] [ERROR] sesman_main_loop: trans_check_wait_objs failed, removing trans
[20250414-16:05:25] [INFO ] Found X server running at /tmp/.X11-unix/X26
[20250414-16:05:25] [INFO ] Found X server running at /tmp/.X11-unix/X26
[20250414-16:05:25] [INFO ] Session started successfully for user j20118 on display 26
[20250414-16:05:25] [INFO ] Starting the xrdp channel server for display 26
[20250414-16:05:25] [INFO ] Found X server running at /tmp/.X11-unix/X26
[20250414-16:05:25] [INFO ] Session in progress on display 26, waiting until the window manager (pid 136797) exits to end the session
[20250414-16:05:25] [INFO ] Starting the default window manager on display 26: /etc/xrdp/startwm.sh
[20250414-16:05:28] [INFO ] Socket 7: AF_INET6 connection received from ::1 port 35498
[20250414-16:05:30] [ERROR] pam_authenticate failed: Authentication failure
[20250414-16:05:30] [INFO ] Username or password error for user: j20046@e.hiroshima-cu.ac.jp
[20250414-16:05:30] [ERROR] sesman_data_in: scp_process_msg failed
[20250414-16:05:30] [ERROR] sesman_main_loop: trans_check_wait_objs failed, removing trans
[20250414-16:05:30] [INFO ] Socket 7: AF_INET6 connection received from ::1 port 35510
[20250414-16:05:30] [INFO ] Terminal Server Users group is disabled, allowing authentication
[20250414-16:05:30] [INFO ] ++ created session (access granted): username j20021, ip ::ffff:210.137.32.246:48926 - socket: 11
[20250414-16:05:30] [INFO ] starting Xorg session...
[20250414-16:05:30] [INFO ] Starting session: session_pid 137752, display :27.0, width 1536, height 1024, bpp 24, client ip ::ffff:210.137.32.246:48926 - socket: 11, user name j20021
[20250414-16:05:30] [INFO ] [session start] (display 27): calling auth_start_session from pid 137752
[20250414-16:05:30] [ERROR] sesman_data_in: scp_process_msg failed
[20250414-16:05:31] [INFO ] Starting X server on display 27: /usr/lib/xorg/Xorg :27 -auth .Xauthority -config xrdp/xorg.conf -noreset -nolisten tcp -logfile .xorgxrdp.%s.log  
[20250414-16:05:31] [ERROR] sesman_main_loop: trans_check_wait_objs failed, removing trans
[20250414-16:05:31] [INFO ] Found X server running at /tmp/.X11-unix/X27
[20250414-16:05:31] [INFO ] Found X server running at /tmp/.X11-unix/X27
[20250414-16:05:31] [INFO ] Found X server running at /tmp/.X11-unix/X27
[20250414-16:05:31] [INFO ] Session started successfully for user j20021 on display 27
[20250414-16:05:31] [INFO ] Starting the xrdp channel server for display 27
[20250414-16:05:31] [INFO ] Starting the default window manager on display 27: /etc/xrdp/startwm.sh
[20250414-16:05:31] [INFO ] Session in progress on display 27, waiting until the window manager (pid 137755) exits to end the session
[20250414-16:05:35] [INFO ] Socket 7: AF_INET6 connection received from ::1 port 41014
[20250414-16:05:35] [INFO ] Terminal Server Users group is disabled, allowing authentication
[20250414-16:05:35] [INFO ] ++ created session (access granted): username j20026, ip ::ffff:210.137.32.246:15503 - socket: 11
[20250414-16:05:35] [INFO ] starting Xorg session...
[20250414-16:05:35] [INFO ] Starting session: session_pid 138657, display :28.0, width 1920, height 1080, bpp 24, client ip ::ffff:210.137.32.246:15503 - socket: 11, user name j20026
[20250414-16:05:35] [INFO ] [session start] (display 28): calling auth_start_session from pid 138657
[20250414-16:05:35] [ERROR] sesman_data_in: scp_process_msg failed
[20250414-16:05:35] [INFO ] Starting X server on display 28: /usr/lib/xorg/Xorg :28 -auth .Xauthority -config xrdp/xorg.conf -noreset -nolisten tcp -logfile .xorgxrdp.%s.log  
[20250414-16:05:35] [ERROR] sesman_main_loop: trans_check_wait_objs failed, removing trans
[20250414-16:05:36] [INFO ] Found X server running at /tmp/.X11-unix/X28
[20250414-16:05:36] [INFO ] Found X server running at /tmp/.X11-unix/X28
[20250414-16:05:36] [INFO ] Session started successfully for user j20026 on display 28
[20250414-16:05:36] [INFO ] Starting the xrdp channel server for display 28
[20250414-16:05:36] [INFO ] Found X server running at /tmp/.X11-unix/X28
[20250414-16:05:36] [INFO ] Session in progress on display 28, waiting until the window manager (pid 138660) exits to end the session
[20250414-16:05:36] [INFO ] Starting the default window manager on display 28: /etc/xrdp/startwm.sh
[20250414-16:05:38] [INFO ] Socket 7: AF_INET6 connection received from ::1 port 41030
[20250414-16:05:40] [ERROR] pam_authenticate failed: Authentication failure
[20250414-16:05:40] [INFO ] Username or password error for user: j20110@e.hiroshima-cu.ac.jp
[20250414-16:05:40] [ERROR] sesman_data_in: scp_process_msg failed
[20250414-16:05:40] [ERROR] sesman_main_loop: trans_check_wait_objs failed, removing trans
[20250414-16:05:40] [INFO ] Socket 7: AF_INET6 connection received from ::1 port 41036
[20250414-16:05:40] [INFO ] Terminal Server Users group is disabled, allowing authentication
[20250414-16:05:40] [INFO ] ++ created session (access granted): username j20038, ip ::ffff:210.137.32.246:30151 - socket: 11
[20250414-16:05:40] [INFO ] starting Xorg session...
[20250414-16:05:40] [INFO ] Starting session: session_pid 139528, display :29.0, width 1280, height 800, bpp 24, client ip ::ffff:210.137.32.246:30151 - socket: 11, user name j20038
[20250414-16:05:40] [INFO ] [session start] (display 29): calling auth_start_session from pid 139528
[20250414-16:05:40] [ERROR] sesman_data_in: scp_process_msg failed
[20250414-16:05:40] [INFO ] Starting X server on display 29: /usr/lib/xorg/Xorg :29 -auth .Xauthority -config xrdp/xorg.conf -noreset -nolisten tcp -logfile .xorgxrdp.%s.log  
[20250414-16:05:40] [ERROR] sesman_main_loop: trans_check_wait_objs failed, removing trans
[20250414-16:05:40] [INFO ] Found X server running at /tmp/.X11-unix/X29
[20250414-16:05:40] [INFO ] Found X server running at /tmp/.X11-unix/X29
[20250414-16:05:40] [INFO ] Session started successfully for user j20038 on display 29
[20250414-16:05:40] [INFO ] Starting the xrdp channel server for display 29
[20250414-16:05:40] [INFO ] Found X server running at /tmp/.X11-unix/X29
[20250414-16:05:40] [INFO ] Session in progress on display 29, waiting until the window manager (pid 139531) exits to end the session
[20250414-16:05:41] [INFO ] Starting the default window manager on display 29: /etc/xrdp/startwm.sh
[20250414-16:05:48] [INFO ] Socket 7: AF_INET6 connection received from ::1 port 36068
[20250414-16:05:50] [ERROR] pam_authenticate failed: Authentication failure
[20250414-16:05:50] [INFO ] Username or password error for user: j20046@e.hiroshima-cu.ac.jp
[20250414-16:05:51] [ERROR] sesman_data_in: scp_process_msg failed
[20250414-16:05:51] [ERROR] sesman_main_loop: trans_check_wait_objs failed, removing trans
[20250414-16:05:51] [INFO ] Socket 7: AF_INET6 connection received from ::1 port 36082
[20250414-16:05:52] [ERROR] pam_authenticate failed: Authentication failure
[20250414-16:05:52] [INFO ] Username or password error for user: j20159@e.hiroshima-cu.ac.jp
[20250414-16:05:52] [ERROR] sesman_data_in: scp_process_msg failed
[20250414-16:05:52] [ERROR] sesman_main_loop: trans_check_wait_objs failed, removing trans
[20250414-16:05:52] [INFO ] Socket 7: AF_INET6 connection received from ::1 port 36090
[20250414-16:05:52] [INFO ] Terminal Server Users group is disabled, allowing authentication
[20250414-16:05:52] [INFO ] ++ created session (access granted): username j20154, ip ::ffff:210.137.32.246:43314 - socket: 11
[20250414-16:05:52] [INFO ] starting Xorg session...
[20250414-16:05:52] [INFO ] Starting session: session_pid 140490, display :30.0, width 1920, height 1080, bpp 24, client ip ::ffff:210.137.32.246:43314 - socket: 11, user name j20154
[20250414-16:05:52] [INFO ] [session start] (display 30): calling auth_start_session from pid 140490
[20250414-16:05:52] [ERROR] sesman_data_in: scp_process_msg failed
[20250414-16:05:52] [ERROR] sesman_main_loop: trans_check_wait_objs failed, removing trans
[20250414-16:05:52] [INFO ] Starting X server on display 30: /usr/lib/xorg/Xorg :30 -auth .Xauthority -config xrdp/xorg.conf -noreset -nolisten tcp -logfile .xorgxrdp.%s.log  
[20250414-16:05:53] [INFO ] Found X server running at /tmp/.X11-unix/X30
[20250414-16:05:53] [INFO ] Found X server running at /tmp/.X11-unix/X30
[20250414-16:05:53] [INFO ] Found X server running at /tmp/.X11-unix/X30
[20250414-16:05:53] [INFO ] Session started successfully for user j20154 on display 30
[20250414-16:05:53] [INFO ] Starting the xrdp channel server for display 30
[20250414-16:05:53] [INFO ] Starting the default window manager on display 30: /etc/xrdp/startwm.sh
[20250414-16:05:53] [INFO ] Session in progress on display 30, waiting until the window manager (pid 140493) exits to end the session
[20250414-16:05:55] [INFO ] Socket 7: AF_INET6 connection received from ::1 port 52760
[20250414-16:05:57] [ERROR] pam_authenticate failed: Authentication failure
[20250414-16:05:57] [INFO ] Username or password error for user: j20004@e.hiroshima-cu.ac.jp
[20250414-16:05:57] [ERROR] sesman_data_in: scp_process_msg failed
[20250414-16:05:57] [ERROR] sesman_main_loop: trans_check_wait_objs failed, removing trans
[20250414-16:06:33] [INFO ] Socket 7: AF_INET6 connection received from ::1 port 50820
[20250414-16:06:34] [INFO ] Terminal Server Users group is disabled, allowing authentication
[20250414-16:06:34] [INFO ] ++ created session (access granted): username h20183, ip ::ffff:165.242.213.33:49298 - socket: 11
[20250414-16:06:34] [INFO ] starting Xorg session...
[20250414-16:06:34] [INFO ] Starting session: session_pid 141486, display :31.0, width 1920, height 1080, bpp 24, client ip ::ffff:165.242.213.33:49298 - socket: 11, user name h20183
[20250414-16:06:34] [INFO ] [session start] (display 31): calling auth_start_session from pid 141486
[20250414-16:06:34] [ERROR] sesman_data_in: scp_process_msg failed
[20250414-16:06:34] [INFO ] Starting X server on display 31: /usr/lib/xorg/Xorg :31 -auth .Xauthority -config xrdp/xorg.conf -noreset -nolisten tcp -logfile .xorgxrdp.%s.log  
[20250414-16:06:34] [ERROR] sesman_main_loop: trans_check_wait_objs failed, removing trans
[20250414-16:06:34] [INFO ] Found X server running at /tmp/.X11-unix/X31
[20250414-16:06:34] [INFO ] Found X server running at /tmp/.X11-unix/X31
[20250414-16:06:34] [INFO ] Found X server running at /tmp/.X11-unix/X31
[20250414-16:06:34] [INFO ] Session started successfully for user h20183 on display 31
[20250414-16:06:34] [INFO ] Starting the xrdp channel server for display 31
[20250414-16:06:34] [INFO ] Starting the default window manager on display 31: /etc/xrdp/startwm.sh
[20250414-16:06:34] [INFO ] Session in progress on display 31, waiting until the window manager (pid 141489) exits to end the session
[20250414-16:06:43] [INFO ] Socket 7: AF_INET6 connection received from ::1 port 59812
[20250414-16:06:45] [ERROR] pam_authenticate failed: Authentication failure
[20250414-16:06:45] [INFO ] Username or password error for user: j20046@e.hiroshima-cu.ac.jp
[20250414-16:06:45] [ERROR] sesman_data_in: scp_process_msg failed
[20250414-16:06:45] [ERROR] sesman_main_loop: trans_check_wait_objs failed, removing trans
[20250414-16:06:54] [INFO ] Socket 7: AF_INET6 connection received from ::1 port 44784
[20250414-16:06:55] [INFO ] Terminal Server Users group is disabled, allowing authentication
[20250414-16:06:55] [INFO ] ++ created session (access granted): username j20002, ip ::ffff:165.242.212.117:51029 - socket: 11
[20250414-16:06:55] [INFO ] starting Xorg session...
[20250414-16:06:55] [INFO ] Starting session: session_pid 142667, display :32.0, width 1920, height 1080, bpp 24, client ip ::ffff:165.242.212.117:51029 - socket: 11, user name j20002
[20250414-16:06:55] [INFO ] [session start] (display 32): calling auth_start_session from pid 142667
[20250414-16:06:55] [ERROR] sesman_data_in: scp_process_msg failed
[20250414-16:06:55] [ERROR] sesman_main_loop: trans_check_wait_objs failed, removing trans
[20250414-16:06:55] [INFO ] Starting X server on display 32: /usr/lib/xorg/Xorg :32 -auth .Xauthority -config xrdp/xorg.conf -noreset -nolisten tcp -logfile .xorgxrdp.%s.log  
[20250414-16:06:55] [INFO ] Found X server running at /tmp/.X11-unix/X32
[20250414-16:06:55] [INFO ] Found X server running at /tmp/.X11-unix/X32
[20250414-16:06:55] [INFO ] Found X server running at /tmp/.X11-unix/X32
[20250414-16:06:55] [INFO ] Session started successfully for user j20002 on display 32
[20250414-16:06:55] [INFO ] Starting the xrdp channel server for display 32
[20250414-16:06:55] [INFO ] Starting the default window manager on display 32: /etc/xrdp/startwm.sh
[20250414-16:06:55] [INFO ] Session in progress on display 32, waiting until the window manager (pid 142670) exits to end the session
[20250414-16:07:02] [INFO ] Socket 7: AF_INET6 connection received from ::1 port 44788
[20250414-16:07:02] [INFO ] Terminal Server Users group is disabled, allowing authentication
[20250414-16:07:02] [INFO ] ++ created session (access granted): username j20010, ip ::ffff:210.137.32.246:49292 - socket: 11
[20250414-16:07:02] [INFO ] starting Xorg session...
[20250414-16:07:02] [INFO ] Starting session: session_pid 143669, display :33.0, width 1280, height 800, bpp 24, client ip ::ffff:210.137.32.246:49292 - socket: 11, user name j20010
[20250414-16:07:02] [INFO ] [session start] (display 33): calling auth_start_session from pid 143669
[20250414-16:07:02] [ERROR] sesman_data_in: scp_process_msg failed
[20250414-16:07:02] [ERROR] sesman_main_loop: trans_check_wait_objs failed, removing trans
[20250414-16:07:02] [INFO ] Starting X server on display 33: /usr/lib/xorg/Xorg :33 -auth .Xauthority -config xrdp/xorg.conf -noreset -nolisten tcp -logfile .xorgxrdp.%s.log  
[20250414-16:07:02] [INFO ] Socket 7: AF_INET6 connection received from ::1 port 44804
[20250414-16:07:02] [INFO ] Found X server running at /tmp/.X11-unix/X33
[20250414-16:07:02] [INFO ] Found X server running at /tmp/.X11-unix/X33
[20250414-16:07:02] [INFO ] Session started successfully for user j20010 on display 33
[20250414-16:07:02] [INFO ] Starting the xrdp channel server for display 33
[20250414-16:07:02] [INFO ] Found X server running at /tmp/.X11-unix/X33
[20250414-16:07:02] [INFO ] Session in progress on display 33, waiting until the window manager (pid 143672) exits to end the session
[20250414-16:07:03] [INFO ] Starting the default window manager on display 33: /etc/xrdp/startwm.sh
[20250414-16:07:04] [ERROR] pam_authenticate failed: Authentication failure
[20250414-16:07:04] [INFO ] Username or password error for user: 2420110
[20250414-16:07:04] [ERROR] sesman_data_in: scp_process_msg failed
[20250414-16:07:04] [ERROR] sesman_main_loop: trans_check_wait_objs failed, removing trans
[20250414-16:07:12] [INFO ] Socket 7: AF_INET6 connection received from ::1 port 34900
[20250414-16:07:12] [INFO ] Terminal Server Users group is disabled, allowing authentication
[20250414-16:07:12] [INFO ] ++ created session (access granted): username j20159, ip ::ffff:210.137.32.246:13233 - socket: 11
[20250414-16:07:12] [INFO ] starting Xorg session...
[20250414-16:07:12] [INFO ] Starting session: session_pid 144613, display :34.0, width 1920, height 1080, bpp 24, client ip ::ffff:210.137.32.246:13233 - socket: 11, user name j20159
[20250414-16:07:12] [INFO ] [session start] (display 34): calling auth_start_session from pid 144613
[20250414-16:07:12] [ERROR] sesman_data_in: scp_process_msg failed
[20250414-16:07:13] [INFO ] Starting X server on display 34: /usr/lib/xorg/Xorg :34 -auth .Xauthority -config xrdp/xorg.conf -noreset -nolisten tcp -logfile .xorgxrdp.%s.log  
[20250414-16:07:13] [ERROR] sesman_main_loop: trans_check_wait_objs failed, removing trans
[20250414-16:07:13] [INFO ] Found X server running at /tmp/.X11-unix/X34
[20250414-16:07:13] [INFO ] Found X server running at /tmp/.X11-unix/X34
[20250414-16:07:13] [INFO ] Found X server running at /tmp/.X11-unix/X34
[20250414-16:07:13] [INFO ] Session started successfully for user j20159 on display 34
[20250414-16:07:13] [INFO ] Starting the xrdp channel server for display 34
[20250414-16:07:13] [INFO ] Starting the default window manager on display 34: /etc/xrdp/startwm.sh
[20250414-16:07:13] [INFO ] Session in progress on display 34, waiting until the window manager (pid 144633) exits to end the session
[20250414-16:07:15] [INFO ] Socket 7: AF_INET6 connection received from ::1 port 45548
[20250414-16:07:17] [ERROR] pam_authenticate failed: Authentication failure
[20250414-16:07:17] [INFO ] Username or password error for user: j20060
[20250414-16:07:17] [ERROR] sesman_data_in: scp_process_msg failed
[20250414-16:07:17] [ERROR] sesman_main_loop: trans_check_wait_objs failed, removing trans
[20250414-16:07:21] [INFO ] Socket 7: AF_INET6 connection received from ::1 port 45554
[20250414-16:07:23] [INFO ] Calling auth_stop_session and auth_end from pid 124870
[20250414-16:07:23] [INFO ] Terminating X server (pid 124874) on display 13
[20250414-16:07:23] [INFO ] Terminating the xrdp channel server (pid 124884) on display 13
[20250414-16:07:23] [INFO ] X server on display 13 (pid 124874) returned exit code 0 and signal number 0
[20250414-16:07:23] [INFO ] xrdp channel server for display 13 (pid 124884) exit code 0 and signal number 0
[20250414-16:07:23] [INFO ] cleanup_sockets:
[20250414-16:07:23] [INFO ] ++ terminated session:  username a20999, display :13.0, session_pid 124870, ip ::ffff:210.137.32.246:30615 - socket: 11
[20250414-16:07:23] [ERROR] pam_authenticate failed: Authentication failure
[20250414-16:07:23] [INFO ] Username or password error for user: a20999
[20250414-16:07:23] [ERROR] sesman_data_in: scp_process_msg failed
[20250414-16:07:23] [ERROR] sesman_main_loop: trans_check_wait_objs failed, removing trans
[20250414-16:07:23] [INFO ] Socket 7: AF_INET6 connection received from ::1 port 39238
[20250414-16:07:25] [ERROR] pam_authenticate failed: Authentication failure
[20250414-16:07:25] [INFO ] Username or password error for user: j20082
[20250414-16:07:25] [ERROR] sesman_data_in: scp_process_msg failed
[20250414-16:07:25] [ERROR] sesman_main_loop: trans_check_wait_objs failed, removing trans
[20250414-16:07:32] [INFO ] Socket 7: AF_INET6 connection received from ::1 port 39244
[20250414-16:07:32] [INFO ] Terminal Server Users group is disabled, allowing authentication
[20250414-16:07:32] [INFO ] ++ created session (access granted): username j20110, ip ::ffff:210.137.32.246:17670 - socket: 11
[20250414-16:07:32] [INFO ] starting Xorg session...
[20250414-16:07:32] [INFO ] Starting session: session_pid 145736, display :13.0, width 1920, height 1200, bpp 24, client ip ::ffff:210.137.32.246:17670 - socket: 11, user name j20110
[20250414-16:07:32] [INFO ] [session start] (display 13): calling auth_start_session from pid 145736
[20250414-16:07:32] [ERROR] sesman_data_in: scp_process_msg failed
[20250414-16:07:32] [INFO ] Starting X server on display 13: /usr/lib/xorg/Xorg :13 -auth .Xauthority -config xrdp/xorg.conf -noreset -nolisten tcp -logfile .xorgxrdp.%s.log  
[20250414-16:07:32] [ERROR] sesman_main_loop: trans_check_wait_objs failed, removing trans
[20250414-16:07:33] [INFO ] Found X server running at /tmp/.X11-unix/X13
[20250414-16:07:33] [INFO ] Found X server running at /tmp/.X11-unix/X13
[20250414-16:07:33] [INFO ] Session started successfully for user j20110 on display 13
[20250414-16:07:33] [INFO ] Starting the xrdp channel server for display 13
[20250414-16:07:33] [INFO ] Found X server running at /tmp/.X11-unix/X13
[20250414-16:07:33] [INFO ] Session in progress on display 13, waiting until the window manager (pid 145739) exits to end the session
[20250414-16:07:33] [INFO ] Starting the default window manager on display 13: /etc/xrdp/startwm.sh
[20250414-16:07:33] [INFO ] Socket 7: AF_INET6 connection received from ::1 port 56768
[20250414-16:07:34] [INFO ] Terminal Server Users group is disabled, allowing authentication
[20250414-16:07:34] [INFO ] ++ created session (access granted): username j20046, ip ::ffff:210.137.32.246:20023 - socket: 11
[20250414-16:07:34] [INFO ] starting Xorg session...
[20250414-16:07:34] [INFO ] Starting session: session_pid 146109, display :35.0, width 1468, height 918, bpp 24, client ip ::ffff:210.137.32.246:20023 - socket: 11, user name j20046
[20250414-16:07:34] [INFO ] [session start] (display 35): calling auth_start_session from pid 146109
[20250414-16:07:34] [ERROR] sesman_data_in: scp_process_msg failed
[20250414-16:07:34] [INFO ] Starting X server on display 35: /usr/lib/xorg/Xorg :35 -auth .Xauthority -config xrdp/xorg.conf -noreset -nolisten tcp -logfile .xorgxrdp.%s.log  
[20250414-16:07:34] [ERROR] sesman_main_loop: trans_check_wait_objs failed, removing trans
[20250414-16:07:34] [INFO ] Found X server running at /tmp/.X11-unix/X35
[20250414-16:07:34] [INFO ] Found X server running at /tmp/.X11-unix/X35
[20250414-16:07:34] [INFO ] Found X server running at /tmp/.X11-unix/X35
[20250414-16:07:34] [INFO ] Session started successfully for user j20046 on display 35
[20250414-16:07:34] [INFO ] Starting the xrdp channel server for display 35
[20250414-16:07:34] [INFO ] Starting the default window manager on display 35: /etc/xrdp/startwm.sh
[20250414-16:07:34] [INFO ] Session in progress on display 35, waiting until the window manager (pid 146173) exits to end the session
[20250414-16:07:37] [INFO ] Socket 7: AF_INET6 connection received from ::1 port 56780
[20250414-16:07:37] [INFO ] Terminal Server Users group is disabled, allowing authentication
[20250414-16:07:37] [INFO ] ++ created session (access granted): username j20004, ip ::ffff:210.137.32.246:65393 - socket: 11
[20250414-16:07:37] [INFO ] starting Xorg session...
[20250414-16:07:37] [INFO ] Starting session: session_pid 147502, display :36.0, width 1280, height 800, bpp 24, client ip ::ffff:210.137.32.246:65393 - socket: 11, user name j20004
[20250414-16:07:37] [INFO ] [session start] (display 36): calling auth_start_session from pid 147502
[20250414-16:07:38] [ERROR] sesman_data_in: scp_process_msg failed
[20250414-16:07:38] [INFO ] Starting X server on display 36: /usr/lib/xorg/Xorg :36 -auth .Xauthority -config xrdp/xorg.conf -noreset -nolisten tcp -logfile .xorgxrdp.%s.log  
[20250414-16:07:38] [ERROR] sesman_main_loop: trans_check_wait_objs failed, removing trans
[20250414-16:07:38] [INFO ] Found X server running at /tmp/.X11-unix/X36
[20250414-16:07:38] [INFO ] Found X server running at /tmp/.X11-unix/X36
[20250414-16:07:38] [INFO ] Found X server running at /tmp/.X11-unix/X36
[20250414-16:07:38] [INFO ] Session started successfully for user j20004 on display 36
[20250414-16:07:38] [INFO ] Starting the xrdp channel server for display 36
[20250414-16:07:38] [INFO ] Starting the default window manager on display 36: /etc/xrdp/startwm.sh
[20250414-16:07:38] [INFO ] Session in progress on display 36, waiting until the window manager (pid 147505) exits to end the session
[20250414-16:07:44] [INFO ] Socket 7: AF_INET6 connection received from ::1 port 40002
[20250414-16:07:46] [ERROR] pam_authenticate failed: Authentication failure
[20250414-16:07:46] [INFO ] Username or password error for user: j20060
[20250414-16:07:46] [ERROR] sesman_data_in: scp_process_msg failed
[20250414-16:07:46] [ERROR] sesman_main_loop: trans_check_wait_objs failed, removing trans
[20250414-16:07:51] [INFO ] Socket 7: AF_INET6 connection received from ::1 port 40012
[20250414-16:07:54] [ERROR] pam_authenticate failed: Authentication failure
[20250414-16:07:54] [INFO ] Username or password error for user: h20079
[20250414-16:07:54] [ERROR] sesman_data_in: scp_process_msg failed
[20250414-16:07:54] [ERROR] sesman_main_loop: trans_check_wait_objs failed, removing trans
[20250414-16:08:01] [INFO ] Socket 7: AF_INET6 connection received from ::1 port 55320
[20250414-16:08:02] [ERROR] pam_authenticate failed: Authentication failure
[20250414-16:08:02] [INFO ] Username or password error for user: h20050@e.hiroshima-cu.ac.jp
[20250414-16:08:02] [ERROR] sesman_data_in: scp_process_msg failed
[20250414-16:08:02] [ERROR] sesman_main_loop: trans_check_wait_objs failed, removing trans
[20250414-16:08:15] [INFO ] Socket 7: AF_INET6 connection received from ::1 port 35674
[20250414-16:08:16] [INFO ] Terminal Server Users group is disabled, allowing authentication
[20250414-16:08:16] [INFO ] ++ created session (access granted): username j20082, ip ::ffff:210.137.32.246:57038 - socket: 11
[20250414-16:08:16] [INFO ] starting Xorg session...
[20250414-16:08:16] [INFO ] Starting session: session_pid 148686, display :37.0, width 1920, height 1080, bpp 24, client ip ::ffff:210.137.32.246:57038 - socket: 11, user name j20082
[20250414-16:08:16] [INFO ] [session start] (display 37): calling auth_start_session from pid 148686
[20250414-16:08:16] [ERROR] sesman_data_in: scp_process_msg failed
[20250414-16:08:16] [INFO ] Starting X server on display 37: /usr/lib/xorg/Xorg :37 -auth .Xauthority -config xrdp/xorg.conf -noreset -nolisten tcp -logfile .xorgxrdp.%s.log  
[20250414-16:08:16] [ERROR] sesman_main_loop: trans_check_wait_objs failed, removing trans
[20250414-16:08:16] [INFO ] Found X server running at /tmp/.X11-unix/X37
[20250414-16:08:16] [INFO ] Found X server running at /tmp/.X11-unix/X37
[20250414-16:08:16] [INFO ] Found X server running at /tmp/.X11-unix/X37
[20250414-16:08:16] [INFO ] Session started successfully for user j20082 on display 37
[20250414-16:08:16] [INFO ] Starting the xrdp channel server for display 37
[20250414-16:08:16] [INFO ] Starting the default window manager on display 37: /etc/xrdp/startwm.sh
[20250414-16:08:16] [INFO ] Session in progress on display 37, waiting until the window manager (pid 148689) exits to end the session
[20250414-16:08:22] [INFO ] Socket 7: AF_INET6 connection received from ::1 port 59220
[20250414-16:08:24] [ERROR] pam_authenticate failed: Authentication failure
[20250414-16:08:24] [INFO ] Username or password error for user: 2420022
[20250414-16:08:24] [ERROR] sesman_data_in: scp_process_msg failed
[20250414-16:08:24] [ERROR] sesman_main_loop: trans_check_wait_objs failed, removing trans
[20250414-16:08:34] [INFO ] Socket 7: AF_INET6 connection received from ::1 port 45040
[20250414-16:08:36] [ERROR] pam_authenticate failed: Authentication failure
[20250414-16:08:36] [INFO ] Username or password error for user: j20094@e.hiroshima-cu.ac.jp
[20250414-16:08:36] [ERROR] sesman_data_in: scp_process_msg failed
[20250414-16:08:36] [ERROR] sesman_main_loop: trans_check_wait_objs failed, removing trans
[20250414-16:08:37] [INFO ] Socket 7: AF_INET6 connection received from ::1 port 45054
[20250414-16:08:37] [INFO ] Terminal Server Users group is disabled, allowing authentication
[20250414-16:08:37] [INFO ] ++ created session (access granted): username j20019, ip ::ffff:210.137.32.246:56718 - socket: 11
[20250414-16:08:37] [INFO ] starting Xorg session...
[20250414-16:08:37] [INFO ] Starting session: session_pid 149878, display :38.0, width 1280, height 800, bpp 24, client ip ::ffff:210.137.32.246:56718 - socket: 11, user name j20019
[20250414-16:08:37] [INFO ] [session start] (display 38): calling auth_start_session from pid 149878
[20250414-16:08:37] [ERROR] sesman_data_in: scp_process_msg failed
[20250414-16:08:37] [INFO ] Starting X server on display 38: /usr/lib/xorg/Xorg :38 -auth .Xauthority -config xrdp/xorg.conf -noreset -nolisten tcp -logfile .xorgxrdp.%s.log  
[20250414-16:08:37] [ERROR] sesman_main_loop: trans_check_wait_objs failed, removing trans
[20250414-16:08:38] [INFO ] Found X server running at /tmp/.X11-unix/X38
[20250414-16:08:38] [INFO ] Found X server running at /tmp/.X11-unix/X38
[20250414-16:08:38] [INFO ] Found X server running at /tmp/.X11-unix/X38
[20250414-16:08:38] [INFO ] Session started successfully for user j20019 on display 38
[20250414-16:08:38] [INFO ] Starting the xrdp channel server for display 38
[20250414-16:08:38] [INFO ] Starting the default window manager on display 38: /etc/xrdp/startwm.sh
[20250414-16:08:38] [INFO ] Session in progress on display 38, waiting until the window manager (pid 149881) exits to end the session
[20250414-16:08:38] [INFO ] Socket 7: AF_INET6 connection received from ::1 port 45064
[20250414-16:08:38] [INFO ] Terminal Server Users group is disabled, allowing authentication
[20250414-16:08:38] [INFO ] ++ created session (access granted): username h20038, ip ::ffff:210.137.32.246:63161 - socket: 11
[20250414-16:08:38] [INFO ] starting Xorg session...
[20250414-16:08:38] [INFO ] Starting session: session_pid 150006, display :39.0, width 1280, height 800, bpp 24, client ip ::ffff:210.137.32.246:63161 - socket: 11, user name h20038
[20250414-16:08:38] [INFO ] [session start] (display 39): calling auth_start_session from pid 150006
[20250414-16:08:38] [ERROR] sesman_data_in: scp_process_msg failed
[20250414-16:08:38] [INFO ] Starting X server on display 39: /usr/lib/xorg/Xorg :39 -auth .Xauthority -config xrdp/xorg.conf -noreset -nolisten tcp -logfile .xorgxrdp.%s.log  
[20250414-16:08:38] [ERROR] sesman_main_loop: trans_check_wait_objs failed, removing trans
[20250414-16:08:38] [INFO ] Found X server running at /tmp/.X11-unix/X39
[20250414-16:08:38] [INFO ] Found X server running at /tmp/.X11-unix/X39
[20250414-16:08:38] [INFO ] Found X server running at /tmp/.X11-unix/X39
[20250414-16:08:38] [INFO ] Session started successfully for user h20038 on display 39
[20250414-16:08:39] [INFO ] Session in progress on display 39, waiting until the window manager (pid 150047) exits to end the session
[20250414-16:08:38] [INFO ] Starting the xrdp channel server for display 39
[20250414-16:08:39] [INFO ] Starting the default window manager on display 39: /etc/xrdp/startwm.sh
[20250414-16:08:47] [INFO ] Socket 7: AF_INET6 connection received from ::1 port 48600
[20250414-16:08:47] [INFO ] Terminal Server Users group is disabled, allowing authentication
[20250414-16:08:47] [INFO ] ++ created session (access granted): username j20060, ip ::ffff:210.137.32.246:60150 - socket: 11
[20250414-16:08:47] [INFO ] starting Xorg session...
[20250414-16:08:47] [INFO ] Starting session: session_pid 151719, display :40.0, width 1280, height 800, bpp 24, client ip ::ffff:210.137.32.246:60150 - socket: 11, user name j20060
[20250414-16:08:47] [INFO ] [session start] (display 40): calling auth_start_session from pid 151719
[20250414-16:08:47] [ERROR] sesman_data_in: scp_process_msg failed
[20250414-16:08:47] [INFO ] Starting X server on display 40: /usr/lib/xorg/Xorg :40 -auth .Xauthority -config xrdp/xorg.conf -noreset -nolisten tcp -logfile .xorgxrdp.%s.log  
[20250414-16:08:47] [ERROR] sesman_main_loop: trans_check_wait_objs failed, removing trans
[20250414-16:08:47] [INFO ] Found X server running at /tmp/.X11-unix/X40
[20250414-16:08:47] [INFO ] Found X server running at /tmp/.X11-unix/X40
[20250414-16:08:48] [INFO ] Session started successfully for user j20060 on display 40
[20250414-16:08:48] [INFO ] Starting the xrdp channel server for display 40
[20250414-16:08:48] [INFO ] Found X server running at /tmp/.X11-unix/X40
[20250414-16:08:48] [INFO ] Session in progress on display 40, waiting until the window manager (pid 151722) exits to end the session
[20250414-16:08:48] [INFO ] Starting the default window manager on display 40: /etc/xrdp/startwm.sh
[20250414-16:08:59] [INFO ] Socket 7: AF_INET6 connection received from ::1 port 48836
[20250414-16:08:59] [INFO ] Terminal Server Users group is disabled, allowing authentication
[20250414-16:08:59] [INFO ] ++ created session (access granted): username h20079, ip ::ffff:210.137.32.246:34906 - socket: 11
[20250414-16:08:59] [INFO ] starting Xorg session...
[20250414-16:08:59] [INFO ] Starting session: session_pid 152822, display :41.0, width 1920, height 1080, bpp 24, client ip ::ffff:210.137.32.246:34906 - socket: 11, user name h20079
[20250414-16:08:59] [INFO ] [session start] (display 41): calling auth_start_session from pid 152822
[20250414-16:08:59] [ERROR] sesman_data_in: scp_process_msg failed
[20250414-16:08:59] [INFO ] Starting X server on display 41: /usr/lib/xorg/Xorg :41 -auth .Xauthority -config xrdp/xorg.conf -noreset -nolisten tcp -logfile .xorgxrdp.%s.log  
[20250414-16:08:59] [ERROR] sesman_main_loop: trans_check_wait_objs failed, removing trans
[20250414-16:09:00] [INFO ] Found X server running at /tmp/.X11-unix/X41
[20250414-16:09:00] [INFO ] Found X server running at /tmp/.X11-unix/X41
[20250414-16:09:00] [INFO ] Found X server running at /tmp/.X11-unix/X41
[20250414-16:09:00] [INFO ] Session started successfully for user h20079 on display 41
[20250414-16:09:00] [INFO ] Starting the xrdp channel server for display 41
[20250414-16:09:00] [INFO ] Starting the default window manager on display 41: /etc/xrdp/startwm.sh
[20250414-16:09:00] [INFO ] Session in progress on display 41, waiting until the window manager (pid 152825) exits to end the session
[20250414-16:09:01] [INFO ] Socket 7: AF_INET6 connection received from ::1 port 48848
[20250414-16:09:03] [ERROR] pam_authenticate failed: Authentication failure
[20250414-16:09:03] [INFO ] Username or password error for user: j20126@e.hiroshima-cu.ac.jp
[20250414-16:09:03] [ERROR] sesman_data_in: scp_process_msg failed
[20250414-16:09:03] [ERROR] sesman_main_loop: trans_check_wait_objs failed, removing trans
[20250414-16:09:08] [INFO ] Socket 7: AF_INET6 connection received from ::1 port 57996
[20250414-16:09:10] [ERROR] pam_authenticate failed: Authentication failure
[20250414-16:09:10] [INFO ] Username or password error for user: h20050@e.hiroshima-cu.ac.jp
[20250414-16:09:10] [ERROR] sesman_data_in: scp_process_msg failed
[20250414-16:09:10] [ERROR] sesman_main_loop: trans_check_wait_objs failed, removing trans
[20250414-16:09:10] [INFO ] Socket 7: AF_INET6 connection received from ::1 port 58000
[20250414-16:09:10] [INFO ] Terminal Server Users group is disabled, allowing authentication
[20250414-16:09:10] [INFO ] ++ created session (access granted): username j20022, ip ::ffff:210.137.32.246:58775 - socket: 11
[20250414-16:09:10] [INFO ] starting Xorg session...
[20250414-16:09:10] [INFO ] Starting session: session_pid 153738, display :42.0, width 1920, height 1200, bpp 24, client ip ::ffff:210.137.32.246:58775 - socket: 11, user name j20022
[20250414-16:09:10] [INFO ] [session start] (display 42): calling auth_start_session from pid 153738
[20250414-16:09:10] [ERROR] sesman_data_in: scp_process_msg failed
[20250414-16:09:10] [INFO ] Starting X server on display 42: /usr/lib/xorg/Xorg :42 -auth .Xauthority -config xrdp/xorg.conf -noreset -nolisten tcp -logfile .xorgxrdp.%s.log  
[20250414-16:09:10] [ERROR] sesman_main_loop: trans_check_wait_objs failed, removing trans
[20250414-16:09:11] [INFO ] Found X server running at /tmp/.X11-unix/X42
[20250414-16:09:11] [INFO ] Found X server running at /tmp/.X11-unix/X42
[20250414-16:09:11] [INFO ] Session started successfully for user j20022 on display 42
[20250414-16:09:11] [INFO ] Session in progress on display 42, waiting until the window manager (pid 153741) exits to end the session
[20250414-16:09:11] [INFO ] Starting the xrdp channel server for display 42
[20250414-16:09:11] [INFO ] Found X server running at /tmp/.X11-unix/X42
[20250414-16:09:11] [INFO ] Starting the default window manager on display 42: /etc/xrdp/startwm.sh
[20250414-16:09:12] [INFO ] Socket 7: AF_INET6 connection received from ::1 port 43388
[20250414-16:09:13] [INFO ] Terminal Server Users group is disabled, allowing authentication
[20250414-16:09:13] [INFO ] ++ created session (access granted): username j20050, ip ::ffff:210.137.32.246:34891 - socket: 11
[20250414-16:09:13] [INFO ] starting Xorg session...
[20250414-16:09:13] [INFO ] Starting session: session_pid 154592, display :43.0, width 1920, height 1080, bpp 24, client ip ::ffff:210.137.32.246:34891 - socket: 11, user name j20050
[20250414-16:09:13] [ERROR] sesman_data_in: scp_process_msg failed
[20250414-16:09:13] [INFO ] [session start] (display 43): calling auth_start_session from pid 154592
[20250414-16:09:13] [ERROR] sesman_main_loop: trans_check_wait_objs failed, removing trans
[20250414-16:09:13] [INFO ] Starting X server on display 43: /usr/lib/xorg/Xorg :43 -auth .Xauthority -config xrdp/xorg.conf -noreset -nolisten tcp -logfile .xorgxrdp.%s.log  
[20250414-16:09:13] [INFO ] Found X server running at /tmp/.X11-unix/X43
[20250414-16:09:13] [INFO ] Found X server running at /tmp/.X11-unix/X43
[20250414-16:09:13] [INFO ] Found X server running at /tmp/.X11-unix/X43
[20250414-16:09:13] [INFO ] Session started successfully for user j20050 on display 43
[20250414-16:09:13] [INFO ] Session in progress on display 43, waiting until the window manager (pid 154595) exits to end the session
[20250414-16:09:13] [INFO ] Starting the xrdp channel server for display 43
[20250414-16:09:13] [INFO ] Starting the default window manager on display 43: /etc/xrdp/startwm.sh
[20250414-16:09:32] [INFO ] Socket 7: AF_INET6 connection received from ::1 port 48488
[20250414-16:09:34] [ERROR] pam_authenticate failed: Authentication failure
[20250414-16:09:34] [INFO ] Username or password error for user: j20126@e.hiroshima-cu.ac.jp
[20250414-16:09:34] [ERROR] sesman_data_in: scp_process_msg failed
[20250414-16:09:34] [ERROR] sesman_main_loop: trans_check_wait_objs failed, removing trans
[20250414-16:09:34] [INFO ] Socket 7: AF_INET6 connection received from ::1 port 48504
[20250414-16:09:34] [INFO ] Terminal Server Users group is disabled, allowing authentication
[20250414-16:09:34] [INFO ] ++ created session (access granted): username j20094, ip ::ffff:210.137.32.246:39663 - socket: 11
[20250414-16:09:34] [INFO ] starting Xorg session...
[20250414-16:09:34] [INFO ] Starting session: session_pid 155687, display :44.0, width 1440, height 900, bpp 24, client ip ::ffff:210.137.32.246:39663 - socket: 11, user name j20094
[20250414-16:09:34] [INFO ] [session start] (display 44): calling auth_start_session from pid 155687
[20250414-16:09:34] [ERROR] sesman_data_in: scp_process_msg failed
[20250414-16:09:34] [ERROR] sesman_main_loop: trans_check_wait_objs failed, removing trans
[20250414-16:09:34] [INFO ] Starting X server on display 44: /usr/lib/xorg/Xorg :44 -auth .Xauthority -config xrdp/xorg.conf -noreset -nolisten tcp -logfile .xorgxrdp.%s.log  
[20250414-16:09:35] [INFO ] Found X server running at /tmp/.X11-unix/X44
[20250414-16:09:35] [INFO ] Found X server running at /tmp/.X11-unix/X44
[20250414-16:09:35] [INFO ] Found X server running at /tmp/.X11-unix/X44
[20250414-16:09:35] [INFO ] Session started successfully for user j20094 on display 44
[20250414-16:09:35] [INFO ] Starting the xrdp channel server for display 44
[20250414-16:09:35] [INFO ] Starting the default window manager on display 44: /etc/xrdp/startwm.sh
[20250414-16:09:35] [INFO ] Session in progress on display 44, waiting until the window manager (pid 155698) exits to end the session
[20250414-16:09:45] [INFO ] Socket 7: AF_INET6 connection received from ::1 port 53796
[20250414-16:09:47] [ERROR] pam_authenticate failed: Authentication failure
[20250414-16:09:47] [INFO ] Username or password error for user: h20050@e.hiroshima-cu.ac.jp
[20250414-16:09:47] [ERROR] sesman_data_in: scp_process_msg failed
[20250414-16:09:47] [ERROR] sesman_main_loop: trans_check_wait_objs failed, removing trans
[20250414-16:09:51] [INFO ] Socket 7: AF_INET6 connection received from ::1 port 53804
[20250414-16:09:53] [ERROR] pam_authenticate failed: Authentication failure
[20250414-16:09:53] [INFO ] Username or password error for user: j20126@e.hiroshima-cu.ac.jp
[20250414-16:09:53] [ERROR] sesman_data_in: scp_process_msg failed
[20250414-16:09:53] [ERROR] sesman_main_loop: trans_check_wait_objs failed, removing trans
[20250414-16:10:16] [INFO ] Socket 7: AF_INET6 connection received from ::1 port 43612
[20250414-16:10:19] [ERROR] pam_authenticate failed: Authentication failure
[20250414-16:10:19] [INFO ] Username or password error for user: j20126@e.hiroshima-cu.ac.jp
[20250414-16:10:19] [ERROR] sesman_data_in: scp_process_msg failed
[20250414-16:10:19] [ERROR] sesman_main_loop: trans_check_wait_objs failed, removing trans
[20250414-16:10:44] [INFO ] Socket 7: AF_INET6 connection received from ::1 port 48964
[20250414-16:10:44] [INFO ] Terminal Server Users group is disabled, allowing authentication
[20250414-16:10:44] [INFO ] ++ created session (access granted): username j20067, ip ::ffff:210.137.32.246:23362 - socket: 11
[20250414-16:10:44] [INFO ] starting Xorg session...
[20250414-16:10:44] [INFO ] Starting session: session_pid 157169, display :45.0, width 1920, height 1200, bpp 24, client ip ::ffff:210.137.32.246:23362 - socket: 11, user name j20067
[20250414-16:10:44] [INFO ] [session start] (display 45): calling auth_start_session from pid 157169
[20250414-16:10:44] [ERROR] sesman_data_in: scp_process_msg failed
[20250414-16:10:44] [INFO ] Starting X server on display 45: /usr/lib/xorg/Xorg :45 -auth .Xauthority -config xrdp/xorg.conf -noreset -nolisten tcp -logfile .xorgxrdp.%s.log  
[20250414-16:10:44] [ERROR] sesman_main_loop: trans_check_wait_objs failed, removing trans
[20250414-16:10:44] [INFO ] Found X server running at /tmp/.X11-unix/X45
[20250414-16:10:44] [INFO ] Found X server running at /tmp/.X11-unix/X45
[20250414-16:10:44] [INFO ] Found X server running at /tmp/.X11-unix/X45
[20250414-16:10:44] [INFO ] Session started successfully for user j20067 on display 45
[20250414-16:10:44] [INFO ] Starting the xrdp channel server for display 45
[20250414-16:10:44] [INFO ] Starting the default window manager on display 45: /etc/xrdp/startwm.sh
[20250414-16:10:44] [INFO ] Session in progress on display 45, waiting until the window manager (pid 157172) exits to end the session
[20250414-16:10:45] [INFO ] Socket 7: AF_INET6 connection received from ::1 port 48980
[20250414-16:10:45] [INFO ] Terminal Server Users group is disabled, allowing authentication
[20250414-16:10:45] [INFO ] ++ created session (access granted): username a20999, ip ::ffff:124.209.81.6:50639 - socket: 11
[20250414-16:10:45] [INFO ] starting Xorg session...
[20250414-16:10:45] [INFO ] Starting session: session_pid 157441, display :46.0, width 1280, height 800, bpp 24, client ip ::ffff:124.209.81.6:50639 - socket: 11, user name a20999
[20250414-16:10:45] [INFO ] [session start] (display 46): calling auth_start_session from pid 157441
[20250414-16:10:45] [ERROR] sesman_data_in: scp_process_msg failed
[20250414-16:10:45] [INFO ] Starting X server on display 46: /usr/lib/xorg/Xorg :46 -auth .Xauthority -config xrdp/xorg.conf -noreset -nolisten tcp -logfile .xorgxrdp.%s.log  
[20250414-16:10:45] [ERROR] sesman_main_loop: trans_check_wait_objs failed, removing trans
[20250414-16:10:46] [INFO ] Found X server running at /tmp/.X11-unix/X46
[20250414-16:10:46] [INFO ] Found X server running at /tmp/.X11-unix/X46
[20250414-16:10:46] [INFO ] Found X server running at /tmp/.X11-unix/X46
[20250414-16:10:46] [INFO ] Session started successfully for user a20999 on display 46
[20250414-16:10:46] [INFO ] Starting the xrdp channel server for display 46
[20250414-16:10:46] [INFO ] Starting the default window manager on display 46: /etc/xrdp/startwm.sh
[20250414-16:10:46] [INFO ] Session in progress on display 46, waiting until the window manager (pid 157529) exits to end the session
[20250414-16:10:59] [INFO ] Socket 7: AF_INET6 connection received from ::1 port 34948
[20250414-16:10:59] [INFO ] Terminal Server Users group is disabled, allowing authentication
[20250414-16:10:59] [INFO ] ++ created session (access granted): username j20126, ip ::ffff:165.242.213.190:49485 - socket: 11
[20250414-16:10:59] [INFO ] starting Xorg session...
[20250414-16:10:59] [INFO ] Starting session: session_pid 158894, display :47.0, width 1440, height 900, bpp 24, client ip ::ffff:165.242.213.190:49485 - socket: 11, user name j20126
[20250414-16:10:59] [INFO ] [session start] (display 47): calling auth_start_session from pid 158894
[20250414-16:10:59] [ERROR] sesman_data_in: scp_process_msg failed
[20250414-16:10:59] [INFO ] Starting X server on display 47: /usr/lib/xorg/Xorg :47 -auth .Xauthority -config xrdp/xorg.conf -noreset -nolisten tcp -logfile .xorgxrdp.%s.log  
[20250414-16:10:59] [ERROR] sesman_main_loop: trans_check_wait_objs failed, removing trans
[20250414-16:10:59] [INFO ] Found X server running at /tmp/.X11-unix/X47
[20250414-16:10:59] [INFO ] Found X server running at /tmp/.X11-unix/X47
[20250414-16:10:59] [INFO ] Found X server running at /tmp/.X11-unix/X47
[20250414-16:10:59] [INFO ] Session started successfully for user j20126 on display 47
[20250414-16:10:59] [INFO ] Starting the xrdp channel server for display 47
[20250414-16:10:59] [INFO ] Starting the default window manager on display 47: /etc/xrdp/startwm.sh
[20250414-16:10:59] [INFO ] Session in progress on display 47, waiting until the window manager (pid 158897) exits to end the session
[20250414-16:11:13] [INFO ] Socket 7: AF_INET6 connection received from ::1 port 45342
[20250414-16:11:13] [INFO ] Terminal Server Users group is disabled, allowing authentication
[20250414-16:11:13] [INFO ] ++ created session (access granted): username h20050, ip ::ffff:210.137.32.246:26729 - socket: 11
[20250414-16:11:13] [INFO ] starting Xorg session...
[20250414-16:11:13] [INFO ] Starting session: session_pid 159782, display :48.0, width 1920, height 1080, bpp 24, client ip ::ffff:210.137.32.246:26729 - socket: 11, user name h20050
[20250414-16:11:13] [INFO ] [session start] (display 48): calling auth_start_session from pid 159782
[20250414-16:11:14] [ERROR] sesman_data_in: scp_process_msg failed
[20250414-16:11:14] [INFO ] Starting X server on display 48: /usr/lib/xorg/Xorg :48 -auth .Xauthority -config xrdp/xorg.conf -noreset -nolisten tcp -logfile .xorgxrdp.%s.log  
[20250414-16:11:14] [ERROR] sesman_main_loop: trans_check_wait_objs failed, removing trans
[20250414-16:11:14] [INFO ] Found X server running at /tmp/.X11-unix/X48
[20250414-16:11:14] [INFO ] Found X server running at /tmp/.X11-unix/X48
[20250414-16:11:14] [INFO ] Found X server running at /tmp/.X11-unix/X48
[20250414-16:11:14] [INFO ] Session started successfully for user h20050 on display 48
[20250414-16:11:14] [INFO ] Starting the xrdp channel server for display 48
[20250414-16:11:14] [INFO ] Starting the default window manager on display 48: /etc/xrdp/startwm.sh
[20250414-16:11:14] [INFO ] Session in progress on display 48, waiting until the window manager (pid 159785) exits to end the session
[20250414-16:12:03] [INFO ] Socket 7: AF_INET6 connection received from ::1 port 51726
[20250414-16:12:06] [ERROR] pam_authenticate failed: Authentication failure
[20250414-16:12:06] [INFO ] Username or password error for user: j20177@e.hiroshima-cu.ac.jp
[20250414-16:12:06] [ERROR] sesman_data_in: scp_process_msg failed
[20250414-16:12:06] [ERROR] sesman_main_loop: trans_check_wait_objs failed, removing trans
[20250414-16:12:18] [INFO ] Socket 7: AF_INET6 connection received from ::1 port 35090
[20250414-16:12:18] [INFO ] ++ reconnected session: username a20999, display :46.0, session_pid 157441, ip ::ffff:165.242.216.240:50912 - socket: 11
[20250414-16:12:18] [ERROR] sesman_data_in: scp_process_msg failed
[20250414-16:12:18] [INFO ] Starting session reconnection script on display 46: /etc/xrdp/reconnectwm.sh
[20250414-16:12:18] [ERROR] sesman_main_loop: trans_check_wait_objs failed, removing trans
[20250414-16:12:52] [INFO ] Calling auth_stop_session and auth_end from pid 157441
[20250414-16:12:52] [INFO ] Terminating X server (pid 157530) on display 46
[20250414-16:12:52] [INFO ] Terminating the xrdp channel server (pid 157710) on display 46
[20250414-16:12:52] [INFO ] X server on display 46 (pid 157530) returned exit code 0 and signal number 0
[20250414-16:12:53] [INFO ] xrdp channel server for display 46 (pid 157710) exit code 0 and signal number 0
[20250414-16:12:53] [INFO ] cleanup_sockets:
[20250414-16:12:53] [INFO ] ++ terminated session:  username a20999, display :46.0, session_pid 157441, ip ::ffff:124.209.81.6:50639 - socket: 11
[20250414-16:13:45] [INFO ] Socket 7: AF_INET6 connection received from ::1 port 51390
[20250414-16:13:45] [INFO ] Terminal Server Users group is disabled, allowing authentication
[20250414-16:13:45] [INFO ] ++ created session (access granted): username j20177, ip ::ffff:210.137.32.246:58003 - socket: 11
[20250414-16:13:45] [INFO ] starting Xorg session...
[20250414-16:13:45] [INFO ] Starting session: session_pid 161467, display :46.0, width 1920, height 1080, bpp 24, client ip ::ffff:210.137.32.246:58003 - socket: 11, user name j20177
[20250414-16:13:45] [INFO ] [session start] (display 46): calling auth_start_session from pid 161467
[20250414-16:13:45] [ERROR] sesman_data_in: scp_process_msg failed
[20250414-16:13:45] [INFO ] Starting X server on display 46: /usr/lib/xorg/Xorg :46 -auth .Xauthority -config xrdp/xorg.conf -noreset -nolisten tcp -logfile .xorgxrdp.%s.log  
[20250414-16:13:45] [ERROR] sesman_main_loop: trans_check_wait_objs failed, removing trans
[20250414-16:13:46] [INFO ] Found X server running at /tmp/.X11-unix/X46
[20250414-16:13:46] [INFO ] Found X server running at /tmp/.X11-unix/X46
[20250414-16:13:46] [INFO ] Session started successfully for user j20177 on display 46
[20250414-16:13:46] [INFO ] Starting the xrdp channel server for display 46
[20250414-16:13:46] [INFO ] Found X server running at /tmp/.X11-unix/X46
[20250414-16:13:46] [INFO ] Session in progress on display 46, waiting until the window manager (pid 161470) exits to end the session
[20250414-16:13:46] [INFO ] Starting the default window manager on display 46: /etc/xrdp/startwm.sh
[20250414-16:14:44] [INFO ] Socket 7: AF_INET6 connection received from ::1 port 53814
[20250414-16:14:44] [INFO ] ++ reconnected session: username h20183, display :31.0, session_pid 141486, ip ::ffff:165.242.213.33:50253 - socket: 11
[20250414-16:14:44] [ERROR] sesman_data_in: scp_process_msg failed
[20250414-16:14:44] [INFO ] Starting session reconnection script on display 31: /etc/xrdp/reconnectwm.sh
[20250414-16:14:44] [ERROR] sesman_main_loop: trans_check_wait_objs failed, removing trans
[20250414-16:17:45] [INFO ] Socket 7: AF_INET6 connection received from ::1 port 37368
[20250414-16:17:47] [ERROR] pam_authenticate failed: Authentication failure
[20250414-16:17:47] [INFO ] Username or password error for user: h20109
[20250414-16:17:47] [ERROR] sesman_data_in: scp_process_msg failed
[20250414-16:17:47] [ERROR] sesman_main_loop: trans_check_wait_objs failed, removing trans
[20250414-16:18:05] [INFO ] Socket 7: AF_INET6 connection received from ::1 port 58552
[20250414-16:18:05] [INFO ] ++ reconnected session: username h20109, display :25.0, session_pid 135803, ip ::ffff:210.137.32.246:61736 - socket: 11
[20250414-16:18:05] [ERROR] sesman_data_in: scp_process_msg failed
[20250414-16:18:05] [INFO ] Starting session reconnection script on display 25: /etc/xrdp/reconnectwm.sh
[20250414-16:18:05] [ERROR] sesman_main_loop: trans_check_wait_objs failed, removing trans
[20250414-16:20:25] [INFO ] Socket 7: AF_INET6 connection received from ::1 port 60144
[20250414-16:20:27] [ERROR] pam_authenticate failed: Authentication failure
[20250414-16:20:27] [INFO ] Username or password error for user: j20053@e.hiroshima-cu.ac.jp
[20250414-16:20:27] [ERROR] sesman_data_in: scp_process_msg failed
[20250414-16:20:27] [ERROR] sesman_main_loop: trans_check_wait_objs failed, removing trans
[20250414-16:20:59] [INFO ] Socket 7: AF_INET6 connection received from ::1 port 50882
[20250414-16:21:00] [INFO ] ++ reconnected session: username j20183, display :22.0, session_pid 132424, ip ::ffff:165.242.217.106:62998 - socket: 11
[20250414-16:21:00] [ERROR] sesman_data_in: scp_process_msg failed
[20250414-16:21:00] [INFO ] Starting session reconnection script on display 22: /etc/xrdp/reconnectwm.sh
[20250414-16:21:00] [ERROR] sesman_main_loop: trans_check_wait_objs failed, removing trans
[20250414-16:21:11] [INFO ] Socket 7: AF_INET6 connection received from ::1 port 35526
[20250414-16:21:12] [ERROR] pam_authenticate failed: Authentication failure
[20250414-16:21:13] [INFO ] Username or password error for user: j20048
[20250414-16:21:13] [ERROR] sesman_data_in: scp_process_msg failed
[20250414-16:21:13] [ERROR] sesman_main_loop: trans_check_wait_objs failed, removing trans
[20250414-16:21:32] [INFO ] Socket 7: AF_INET6 connection received from ::1 port 53080
[20250414-16:21:32] [INFO ] ++ reconnected session: username j20048, display :19.0, session_pid 129702, ip ::ffff:210.137.32.246:35950 - socket: 11
[20250414-16:21:32] [ERROR] sesman_data_in: scp_process_msg failed
[20250414-16:21:32] [INFO ] Starting session reconnection script on display 19: /etc/xrdp/reconnectwm.sh
[20250414-16:21:32] [ERROR] sesman_main_loop: trans_check_wait_objs failed, removing trans
[20250414-16:21:32] [INFO ] Socket 7: AF_INET6 connection received from ::1 port 49342
[20250414-16:21:33] [INFO ] ++ reconnected session: username j20162, display :12.0, session_pid 116693, ip ::ffff:210.137.32.246:14191 - socket: 11
[20250414-16:21:33] [ERROR] sesman_data_in: scp_process_msg failed
[20250414-16:21:33] [INFO ] Starting session reconnection script on display 12: /etc/xrdp/reconnectwm.sh
[20250414-16:21:33] [ERROR] sesman_main_loop: trans_check_wait_objs failed, removing trans
[20250414-16:21:37] [INFO ] Socket 7: AF_INET6 connection received from ::1 port 49358
[20250414-16:21:37] [INFO ] ++ reconnected session: username j20002, display :32.0, session_pid 142667, ip ::ffff:165.242.212.117:58510 - socket: 11
[20250414-16:21:37] [ERROR] sesman_data_in: scp_process_msg failed
[20250414-16:21:37] [INFO ] Starting session reconnection script on display 32: /etc/xrdp/reconnectwm.sh
[20250414-16:21:37] [ERROR] sesman_main_loop: trans_check_wait_objs failed, removing trans
[20250414-16:21:45] [INFO ] Socket 7: AF_INET6 connection received from ::1 port 50008
[20250414-16:21:45] [INFO ] ++ reconnected session: username j20124, display :24.0, session_pid 134683, ip ::ffff:210.137.32.246:4020 - socket: 11
[20250414-16:21:45] [ERROR] sesman_data_in: scp_process_msg failed
[20250414-16:21:45] [INFO ] Starting session reconnection script on display 24: /etc/xrdp/reconnectwm.sh
[20250414-16:21:45] [ERROR] sesman_main_loop: trans_check_wait_objs failed, removing trans
[20250414-16:21:55] [INFO ] Socket 7: AF_INET6 connection received from ::1 port 50480
[20250414-16:21:56] [INFO ] ++ reconnected session: username j20102, display :14.0, session_pid 123137, ip ::ffff:165.242.43.50:51035 - socket: 11
[20250414-16:21:56] [ERROR] sesman_data_in: scp_process_msg failed
[20250414-16:21:56] [INFO ] Starting session reconnection script on display 14: /etc/xrdp/reconnectwm.sh
[20250414-16:21:56] [ERROR] sesman_main_loop: trans_check_wait_objs failed, removing trans
[20250414-16:21:58] [INFO ] Socket 7: AF_INET6 connection received from ::1 port 50488
[20250414-16:21:58] [INFO ] ++ reconnected session: username j20156, display :15.0, session_pid 125721, ip ::ffff:210.137.32.246:53813 - socket: 11
[20250414-16:21:58] [ERROR] sesman_data_in: scp_process_msg failed
[20250414-16:21:58] [INFO ] Starting session reconnection script on display 15: /etc/xrdp/reconnectwm.sh
[20250414-16:21:58] [ERROR] sesman_main_loop: trans_check_wait_objs failed, removing trans
[20250414-16:22:34] [INFO ] Socket 7: AF_INET6 connection received from ::1 port 43288
[20250414-16:22:34] [INFO ] Terminal Server Users group is disabled, allowing authentication
[20250414-16:22:34] [INFO ] ++ created session (access granted): username j20053, ip ::ffff:210.137.32.246:1251 - socket: 11
[20250414-16:22:34] [INFO ] starting Xorg session...
[20250414-16:22:35] [INFO ] Starting session: session_pid 163449, display :49.0, width 1920, height 1200, bpp 24, client ip ::ffff:210.137.32.246:1251 - socket: 11, user name j20053
[20250414-16:22:35] [INFO ] [session start] (display 49): calling auth_start_session from pid 163449
[20250414-16:22:35] [ERROR] sesman_data_in: scp_process_msg failed
[20250414-16:22:35] [INFO ] Starting X server on display 49: /usr/lib/xorg/Xorg :49 -auth .Xauthority -config xrdp/xorg.conf -noreset -nolisten tcp -logfile .xorgxrdp.%s.log  
[20250414-16:22:35] [ERROR] sesman_main_loop: trans_check_wait_objs failed, removing trans
[20250414-16:22:35] [INFO ] Found X server running at /tmp/.X11-unix/X49
[20250414-16:22:35] [INFO ] Found X server running at /tmp/.X11-unix/X49
[20250414-16:22:35] [INFO ] Found X server running at /tmp/.X11-unix/X49
[20250414-16:22:35] [INFO ] Session started successfully for user j20053 on display 49
[20250414-16:22:35] [INFO ] Starting the xrdp channel server for display 49
[20250414-16:22:35] [INFO ] Starting the default window manager on display 49: /etc/xrdp/startwm.sh
[20250414-16:22:35] [INFO ] Session in progress on display 49, waiting until the window manager (pid 163452) exits to end the session
[20250414-16:23:04] [INFO ] Socket 7: AF_INET6 connection received from ::1 port 34954
[20250414-16:23:04] [INFO ] ++ reconnected session: username j20179, display :20.0, session_pid 130166, ip ::ffff:210.137.32.246:57939 - socket: 11
[20250414-16:23:04] [ERROR] sesman_data_in: scp_process_msg failed
[20250414-16:23:04] [INFO ] Starting session reconnection script on display 20: /etc/xrdp/reconnectwm.sh
[20250414-16:23:05] [ERROR] sesman_main_loop: trans_check_wait_objs failed, removing trans
[20250414-16:23:18] [INFO ] Socket 7: AF_INET6 connection received from ::1 port 38960
[20250414-16:23:18] [INFO ] ++ reconnected session: username j20102, display :14.0, session_pid 123137, ip ::ffff:165.242.43.50:51106 - socket: 11
[20250414-16:23:18] [ERROR] sesman_data_in: scp_process_msg failed
[20250414-16:23:18] [INFO ] Starting session reconnection script on display 14: /etc/xrdp/reconnectwm.sh
[20250414-16:23:19] [ERROR] sesman_main_loop: trans_check_wait_objs failed, removing trans
[20250414-16:24:41] [INFO ] Socket 7: AF_INET6 connection received from ::1 port 39682
[20250414-16:24:41] [INFO ] ++ reconnected session: username j20004, display :36.0, session_pid 147502, ip ::ffff:210.137.32.246:17515 - socket: 11
[20250414-16:24:41] [ERROR] sesman_data_in: scp_process_msg failed
[20250414-16:24:41] [INFO ] Starting session reconnection script on display 36: /etc/xrdp/reconnectwm.sh
[20250414-16:24:41] [ERROR] sesman_main_loop: trans_check_wait_objs failed, removing trans
[20250414-16:27:04] [INFO ] Socket 7: AF_INET6 connection received from ::1 port 42956
[20250414-16:27:06] [ERROR] pam_authenticate failed: Authentication failure
[20250414-16:27:06] [INFO ] Username or password error for user: j20094@e.hiroshima-cu.ac.jp
[20250414-16:27:06] [ERROR] sesman_data_in: scp_process_msg failed
[20250414-16:27:06] [ERROR] sesman_main_loop: trans_check_wait_objs failed, removing trans
[20250414-16:27:49] [INFO ] Socket 7: AF_INET6 connection received from ::1 port 57864
[20250414-16:27:50] [INFO ] ++ reconnected session: username j20094, display :44.0, session_pid 155687, ip ::ffff:210.137.32.246:64908 - socket: 11
[20250414-16:27:50] [ERROR] sesman_data_in: scp_process_msg failed
[20250414-16:27:50] [INFO ] Starting session reconnection script on display 44: /etc/xrdp/reconnectwm.sh
[20250414-16:27:50] [ERROR] sesman_main_loop: trans_check_wait_objs failed, removing trans
[20250414-16:30:00] [INFO ] Socket 7: AF_INET6 connection received from ::1 port 38000
[20250414-16:30:00] [INFO ] ++ reconnected session: username j20006, display :23.0, session_pid 132440, ip ::ffff:210.137.32.246:7295 - socket: 11
[20250414-16:30:00] [ERROR] sesman_data_in: scp_process_msg failed
[20250414-16:30:00] [INFO ] Starting session reconnection script on display 23: /etc/xrdp/reconnectwm.sh
[20250414-16:30:00] [ERROR] sesman_main_loop: trans_check_wait_objs failed, removing trans
[20250414-16:30:02] [INFO ] Socket 7: AF_INET6 connection received from ::1 port 38006
[20250414-16:30:02] [INFO ] ++ reconnected session: username j20085, display :18.0, session_pid 128612, ip ::ffff:210.137.32.246:54565 - socket: 11
[20250414-16:30:02] [ERROR] sesman_data_in: scp_process_msg failed
[20250414-16:30:02] [INFO ] Starting session reconnection script on display 18: /etc/xrdp/reconnectwm.sh
[20250414-16:30:02] [ERROR] sesman_main_loop: trans_check_wait_objs failed, removing trans
[20250414-16:31:36] [INFO ] Socket 7: AF_INET6 connection received from ::1 port 43748
[20250414-16:31:36] [INFO ] ++ reconnected session: username j20118, display :26.0, session_pid 136794, ip ::ffff:210.137.32.246:11138 - socket: 11
[20250414-16:31:36] [ERROR] sesman_data_in: scp_process_msg failed
[20250414-16:31:36] [INFO ] Starting session reconnection script on display 26: /etc/xrdp/reconnectwm.sh
[20250414-16:31:36] [ERROR] sesman_main_loop: trans_check_wait_objs failed, removing trans
[20250414-16:36:03] [INFO ] Socket 7: AF_INET6 connection received from ::1 port 55490
[20250414-16:36:03] [INFO ] ++ reconnected session: username j20006, display :23.0, session_pid 132440, ip ::ffff:210.137.32.246:59859 - socket: 11
[20250414-16:36:03] [ERROR] sesman_data_in: scp_process_msg failed
[20250414-16:36:03] [INFO ] Starting session reconnection script on display 23: /etc/xrdp/reconnectwm.sh
[20250414-16:36:03] [ERROR] sesman_main_loop: trans_check_wait_objs failed, removing trans
[20250414-16:36:25] [INFO ] Socket 7: AF_INET6 connection received from ::1 port 39140
[20250414-16:36:27] [ERROR] pam_authenticate failed: Authentication failure
[20250414-16:36:27] [INFO ] Username or password error for user: j20094@e.hiroshima-cu.ac.jp
[20250414-16:36:27] [ERROR] sesman_data_in: scp_process_msg failed
[20250414-16:36:27] [ERROR] sesman_main_loop: trans_check_wait_objs failed, removing trans
[20250414-16:36:53] [INFO ] Socket 7: AF_INET6 connection received from ::1 port 56850
[20250414-16:36:53] [INFO ] ++ reconnected session: username j20094, display :44.0, session_pid 155687, ip ::ffff:210.137.32.246:18750 - socket: 11
[20250414-16:36:53] [ERROR] sesman_data_in: scp_process_msg failed
[20250414-16:36:53] [INFO ] Starting session reconnection script on display 44: /etc/xrdp/reconnectwm.sh
[20250414-16:36:53] [ERROR] sesman_main_loop: trans_check_wait_objs failed, removing trans
[20250414-16:38:15] [INFO ] Socket 7: AF_INET6 connection received from ::1 port 51778
[20250414-16:38:15] [INFO ] ++ reconnected session: username h20109, display :25.0, session_pid 135803, ip ::ffff:210.137.32.246:53761 - socket: 11
[20250414-16:38:15] [ERROR] sesman_data_in: scp_process_msg failed
[20250414-16:38:15] [INFO ] Starting session reconnection script on display 25: /etc/xrdp/reconnectwm.sh
[20250414-16:38:15] [ERROR] sesman_main_loop: trans_check_wait_objs failed, removing trans
[20250414-16:42:03] [INFO ] Socket 7: AF_INET6 connection received from ::1 port 34618
[20250414-16:42:03] [INFO ] ++ reconnected session: username j20006, display :23.0, session_pid 132440, ip ::ffff:210.137.32.246:38706 - socket: 11
[20250414-16:42:03] [ERROR] sesman_data_in: scp_process_msg failed
[20250414-16:42:03] [ERROR] sesman_main_loop: trans_check_wait_objs failed, removing trans
[20250414-16:42:03] [INFO ] Starting session reconnection script on display 23: /etc/xrdp/reconnectwm.sh
[20250414-16:44:37] [INFO ] Socket 7: AF_INET6 connection received from ::1 port 51480
[20250414-16:44:37] [INFO ] ++ reconnected session: username j20010, display :33.0, session_pid 143669, ip ::ffff:210.137.32.246:3479 - socket: 11
[20250414-16:44:37] [ERROR] sesman_data_in: scp_process_msg failed
[20250414-16:44:37] [INFO ] Starting session reconnection script on display 33: /etc/xrdp/reconnectwm.sh
[20250414-16:44:37] [ERROR] sesman_main_loop: trans_check_wait_objs failed, removing trans
[20250414-16:47:26] [INFO ] Socket 7: AF_INET6 connection received from ::1 port 40600
[20250414-16:47:27] [INFO ] ++ reconnected session: username j20156, display :15.0, session_pid 125721, ip ::ffff:210.137.32.246:59876 - socket: 11
[20250414-16:47:27] [ERROR] sesman_data_in: scp_process_msg failed
[20250414-16:47:27] [INFO ] Starting session reconnection script on display 15: /etc/xrdp/reconnectwm.sh
[20250414-16:47:27] [ERROR] sesman_main_loop: trans_check_wait_objs failed, removing trans
[20250414-16:48:31] [INFO ] Socket 7: AF_INET6 connection received from ::1 port 33848
[20250414-16:48:31] [INFO ] ++ reconnected session: username j20102, display :14.0, session_pid 123137, ip ::ffff:165.242.43.50:49821 - socket: 11
[20250414-16:48:31] [ERROR] sesman_data_in: scp_process_msg failed
[20250414-16:48:31] [INFO ] Starting session reconnection script on display 14: /etc/xrdp/reconnectwm.sh
[20250414-16:48:31] [ERROR] sesman_main_loop: trans_check_wait_objs failed, removing trans
[20250414-16:52:36] [INFO ] Socket 7: AF_INET6 connection received from ::1 port 56184
[20250414-16:52:38] [ERROR] pam_authenticate failed: Authentication failure
[20250414-16:52:38] [INFO ] Username or password error for user: j20020
[20250414-16:52:38] [ERROR] sesman_data_in: scp_process_msg failed
[20250414-16:52:38] [ERROR] sesman_main_loop: trans_check_wait_objs failed, removing trans
[20250414-16:53:08] [INFO ] Socket 7: AF_INET6 connection received from ::1 port 58814
[20250414-16:53:08] [INFO ] ++ reconnected session: username j20021, display :27.0, session_pid 137752, ip ::ffff:210.137.32.246:62535 - socket: 11
[20250414-16:53:08] [ERROR] sesman_data_in: scp_process_msg failed
[20250414-16:53:08] [INFO ] Starting session reconnection script on display 27: /etc/xrdp/reconnectwm.sh
[20250414-16:53:08] [ERROR] sesman_main_loop: trans_check_wait_objs failed, removing trans
[20250414-16:53:10] [INFO ] Socket 7: AF_INET6 connection received from ::1 port 58830
[20250414-16:53:10] [INFO ] ++ reconnected session: username j20006, display :23.0, session_pid 132440, ip ::ffff:210.137.32.246:11504 - socket: 11
[20250414-16:53:10] [ERROR] sesman_data_in: scp_process_msg failed
[20250414-16:53:10] [INFO ] Starting session reconnection script on display 23: /etc/xrdp/reconnectwm.sh
[20250414-16:53:10] [ERROR] sesman_main_loop: trans_check_wait_objs failed, removing trans
[20250414-16:53:37] [INFO ] Socket 7: AF_INET6 connection received from ::1 port 50362
[20250414-16:53:37] [INFO ] ++ reconnected session: username j20010, display :33.0, session_pid 143669, ip ::ffff:210.137.32.246:18901 - socket: 11
[20250414-16:53:37] [ERROR] sesman_data_in: scp_process_msg failed
[20250414-16:53:37] [INFO ] Starting session reconnection script on display 33: /etc/xrdp/reconnectwm.sh
[20250414-16:53:38] [ERROR] sesman_main_loop: trans_check_wait_objs failed, removing trans
[20250414-16:54:08] [INFO ] Socket 7: AF_INET6 connection received from ::1 port 56566
[20250414-16:54:09] [ERROR] pam_authenticate failed: Authentication failure
[20250414-16:54:09] [INFO ] Username or password error for user: j20094@e.hiroshima-cu.ac.jp
[20250414-16:54:09] [ERROR] sesman_data_in: scp_process_msg failed
[20250414-16:54:09] [ERROR] sesman_main_loop: trans_check_wait_objs failed, removing trans
[20250414-16:54:51] [INFO ] Socket 7: AF_INET6 connection received from ::1 port 47578
[20250414-16:54:52] [INFO ] ++ reconnected session: username j20094, display :44.0, session_pid 155687, ip ::ffff:210.137.32.246:25283 - socket: 11
[20250414-16:54:52] [ERROR] sesman_data_in: scp_process_msg failed
[20250414-16:54:52] [INFO ] Starting session reconnection script on display 44: /etc/xrdp/reconnectwm.sh
[20250414-16:54:52] [ERROR] sesman_main_loop: trans_check_wait_objs failed, removing trans
[20250414-16:55:27] [INFO ] Socket 7: AF_INET6 connection received from ::1 port 42030
[20250414-16:55:27] [INFO ] ++ reconnected session: username j20102, display :14.0, session_pid 123137, ip ::ffff:165.242.43.50:65499 - socket: 11
[20250414-16:55:27] [ERROR] sesman_data_in: scp_process_msg failed
[20250414-16:55:27] [INFO ] Starting session reconnection script on display 14: /etc/xrdp/reconnectwm.sh
[20250414-16:55:27] [ERROR] sesman_main_loop: trans_check_wait_objs failed, removing trans
[20250414-16:59:03] [INFO ] Socket 7: AF_INET6 connection received from ::1 port 50094
[20250414-16:59:04] [INFO ] ++ reconnected session: username j20102, display :14.0, session_pid 123137, ip ::ffff:165.242.43.50:53259 - socket: 11
[20250414-16:59:04] [ERROR] sesman_data_in: scp_process_msg failed
[20250414-16:59:04] [INFO ] Starting session reconnection script on display 14: /etc/xrdp/reconnectwm.sh
[20250414-16:59:04] [ERROR] sesman_main_loop: trans_check_wait_objs failed, removing trans
[20250414-17:01:31] [INFO ] Socket 7: AF_INET6 connection received from ::1 port 54754
[20250414-17:01:31] [INFO ] ++ reconnected session: username j20019, display :38.0, session_pid 149878, ip ::ffff:210.137.32.246:3528 - socket: 11
[20250414-17:01:31] [ERROR] sesman_data_in: scp_process_msg failed
[20250414-17:01:31] [INFO ] Starting session reconnection script on display 38: /etc/xrdp/reconnectwm.sh
[20250414-17:01:31] [ERROR] sesman_main_loop: trans_check_wait_objs failed, removing trans
[20250414-17:01:57] [INFO ] Socket 7: AF_INET6 connection received from ::1 port 39164
[20250414-17:01:59] [ERROR] pam_authenticate failed: Authentication failure
[20250414-17:01:59] [INFO ] Username or password error for user: j20053@e.hiroshima-cu.ac.jp
[20250414-17:01:59] [ERROR] sesman_data_in: scp_process_msg failed
[20250414-17:01:59] [ERROR] sesman_main_loop: trans_check_wait_objs failed, removing trans
[20250414-17:02:43] [INFO ] Socket 7: AF_INET6 connection received from ::1 port 40758
[20250414-17:02:45] [ERROR] pam_authenticate failed: Authentication failure
[20250414-17:02:45] [INFO ] Username or password error for user: j220177
[20250414-17:02:46] [ERROR] sesman_data_in: scp_process_msg failed
[20250414-17:02:46] [ERROR] sesman_main_loop: trans_check_wait_objs failed, removing trans
[20250414-17:02:55] [INFO ] Socket 7: AF_INET6 connection received from ::1 port 33522
[20250414-17:02:58] [ERROR] pam_authenticate failed: Authentication failure
[20250414-17:02:58] [INFO ] Username or password error for user: j20053@e.hiroshima-cu.ac.jp
[20250414-17:02:58] [ERROR] sesman_data_in: scp_process_msg failed
[20250414-17:02:58] [ERROR] sesman_main_loop: trans_check_wait_objs failed, removing trans
[20250414-17:03:23] [INFO ] Socket 7: AF_INET6 connection received from ::1 port 43586
[20250414-17:03:26] [ERROR] pam_authenticate failed: Authentication failure
[20250414-17:03:26] [INFO ] Username or password error for user: j20022
[20250414-17:03:26] [ERROR] sesman_data_in: scp_process_msg failed
[20250414-17:03:26] [ERROR] sesman_main_loop: trans_check_wait_objs failed, removing trans
[20250414-17:03:49] [INFO ] Socket 7: AF_INET6 connection received from ::1 port 50464
[20250414-17:03:49] [INFO ] Terminal Server Users group is disabled, allowing authentication
[20250414-17:03:49] [INFO ] ++ created session (access granted): username a20999, ip ::ffff:165.242.216.240:52213 - socket: 11
[20250414-17:03:49] [INFO ] starting Xorg session...
[20250414-17:03:49] [INFO ] Starting session: session_pid 176278, display :50.0, width 1280, height 800, bpp 24, client ip ::ffff:165.242.216.240:52213 - socket: 11, user name a20999
[20250414-17:03:49] [INFO ] [session start] (display 50): calling auth_start_session from pid 176278
[20250414-17:03:49] [ERROR] sesman_data_in: scp_process_msg failed
[20250414-17:03:49] [INFO ] Starting X server on display 50: /usr/lib/xorg/Xorg :50 -auth .Xauthority -config xrdp/xorg.conf -noreset -nolisten tcp -logfile .xorgxrdp.%s.log  
[20250414-17:03:49] [ERROR] sesman_main_loop: trans_check_wait_objs failed, removing trans
[20250414-17:03:49] [INFO ] Found X server running at /tmp/.X11-unix/X50
[20250414-17:03:49] [INFO ] Found X server running at /tmp/.X11-unix/X50
[20250414-17:03:49] [INFO ] Found X server running at /tmp/.X11-unix/X50
[20250414-17:03:49] [INFO ] Session started successfully for user a20999 on display 50
[20250414-17:03:49] [INFO ] Starting the xrdp channel server for display 50
[20250414-17:03:49] [INFO ] Starting the default window manager on display 50: /etc/xrdp/startwm.sh
[20250414-17:03:49] [INFO ] Session in progress on display 50, waiting until the window manager (pid 176281) exits to end the session
[20250414-17:03:50] [INFO ] Socket 7: AF_INET6 connection received from ::1 port 50474
[20250414-17:03:51] [INFO ] ++ reconnected session: username j20177, display :46.0, session_pid 161467, ip ::ffff:210.137.32.246:7794 - socket: 11
[20250414-17:03:51] [ERROR] sesman_data_in: scp_process_msg failed
[20250414-17:03:51] [INFO ] Starting session reconnection script on display 46: /etc/xrdp/reconnectwm.sh
[20250414-17:03:51] [ERROR] sesman_main_loop: trans_check_wait_objs failed, removing trans
[20250414-17:04:02] [INFO ] Socket 7: AF_INET6 connection received from ::1 port 59144
[20250414-17:04:05] [ERROR] pam_authenticate failed: Authentication failure
[20250414-17:04:05] [INFO ] Username or password error for user: j20022@e.hiroshima-cu.ac.jp
[20250414-17:04:05] [ERROR] sesman_data_in: scp_process_msg failed
[20250414-17:04:05] [ERROR] sesman_main_loop: trans_check_wait_objs failed, removing trans
[20250414-17:04:20] [INFO ] Socket 7: AF_INET6 connection received from ::1 port 46662
[20250414-17:04:23] [ERROR] pam_authenticate failed: Authentication failure
[20250414-17:04:23] [INFO ] Username or password error for user: j20022
[20250414-17:04:23] [ERROR] sesman_data_in: scp_process_msg failed
[20250414-17:04:23] [ERROR] sesman_main_loop: trans_check_wait_objs failed, removing trans
[20250414-17:04:48] [INFO ] Socket 7: AF_INET6 connection received from ::1 port 48640
[20250414-17:04:51] [ERROR] pam_authenticate failed: Authentication failure
[20250414-17:04:51] [INFO ] Username or password error for user: j20053@e.hiroshima-cu.ac.jp
[20250414-17:04:51] [ERROR] sesman_data_in: scp_process_msg failed
[20250414-17:04:51] [ERROR] sesman_main_loop: trans_check_wait_objs failed, removing trans
[20250414-17:04:51] [INFO ] Socket 7: AF_INET6 connection received from ::1 port 48656
[20250414-17:04:51] [INFO ] ++ reconnected session: username j20006, display :23.0, session_pid 132440, ip ::ffff:210.137.32.246:44458 - socket: 11
[20250414-17:04:51] [ERROR] sesman_data_in: scp_process_msg failed
[20250414-17:04:51] [INFO ] Starting session reconnection script on display 23: /etc/xrdp/reconnectwm.sh
[20250414-17:04:51] [ERROR] sesman_main_loop: trans_check_wait_objs failed, removing trans
[20250414-17:05:18] [INFO ] Socket 7: AF_INET6 connection received from ::1 port 45950
[20250414-17:05:18] [INFO ] ++ reconnected session: username j20022, display :42.0, session_pid 153738, ip ::ffff:210.137.32.246:58509 - socket: 11
[20250414-17:05:19] [ERROR] sesman_data_in: scp_process_msg failed
[20250414-17:05:19] [INFO ] Starting session reconnection script on display 42: /etc/xrdp/reconnectwm.sh
[20250414-17:05:19] [ERROR] sesman_main_loop: trans_check_wait_objs failed, removing trans
[20250414-17:06:24] [INFO ] Socket 7: AF_INET6 connection received from ::1 port 49174
[20250414-17:06:24] [INFO ] ++ reconnected session: username j20038, display :29.0, session_pid 139528, ip ::ffff:210.137.32.246:41483 - socket: 11
[20250414-17:06:24] [ERROR] sesman_data_in: scp_process_msg failed
[20250414-17:06:24] [INFO ] Starting session reconnection script on display 29: /etc/xrdp/reconnectwm.sh
[20250414-17:06:24] [ERROR] sesman_main_loop: trans_check_wait_objs failed, removing trans
[20250414-17:07:32] [INFO ] Socket 7: AF_INET6 connection received from ::1 port 60068
[20250414-17:07:34] [ERROR] pam_authenticate failed: Authentication failure
[20250414-17:07:34] [INFO ] Username or password error for user: j20053@e.hiroshima-cu.ac.jp
[20250414-17:07:34] [ERROR] sesman_data_in: scp_process_msg failed
[20250414-17:07:34] [ERROR] sesman_main_loop: trans_check_wait_objs failed, removing trans
[20250414-17:11:21] [INFO ] Socket 7: AF_INET6 connection received from ::1 port 36474
[20250414-17:11:23] [ERROR] pam_authenticate failed: Authentication failure
[20250414-17:11:23] [INFO ] Username or password error for user: j20053@e.hiroshima-cu.ac.jp
[20250414-17:11:23] [ERROR] sesman_data_in: scp_process_msg failed
[20250414-17:11:23] [ERROR] sesman_main_loop: trans_check_wait_objs failed, removing trans
[20250414-17:12:06] [INFO ] Socket 7: AF_INET6 connection received from ::1 port 44116
[20250414-17:12:06] [INFO ] ++ reconnected session: username j20053, display :49.0, session_pid 163449, ip ::ffff:210.137.32.246:28276 - socket: 11
[20250414-17:12:06] [ERROR] sesman_data_in: scp_process_msg failed
[20250414-17:12:06] [INFO ] Starting session reconnection script on display 49: /etc/xrdp/reconnectwm.sh
[20250414-17:12:06] [ERROR] sesman_main_loop: trans_check_wait_objs failed, removing trans
[20250414-17:12:20] [INFO ] Socket 7: AF_INET6 connection received from ::1 port 36286
[20250414-17:12:21] [INFO ] Terminal Server Users group is disabled, allowing authentication
[20250414-17:12:21] [INFO ] ++ created session (access granted): username j20114, ip ::ffff:210.137.32.246:6029 - socket: 11
[20250414-17:12:21] [INFO ] starting Xorg session...
[20250414-17:12:21] [INFO ] Starting session: session_pid 182924, display :51.0, width 1920, height 1080, bpp 24, client ip ::ffff:210.137.32.246:6029 - socket: 11, user name j20114
[20250414-17:12:21] [INFO ] [session start] (display 51): calling auth_start_session from pid 182924
[20250414-17:12:21] [ERROR] sesman_data_in: scp_process_msg failed
[20250414-17:12:21] [INFO ] Starting X server on display 51: /usr/lib/xorg/Xorg :51 -auth .Xauthority -config xrdp/xorg.conf -noreset -nolisten tcp -logfile .xorgxrdp.%s.log  
[20250414-17:12:21] [ERROR] sesman_main_loop: trans_check_wait_objs failed, removing trans
[20250414-17:12:21] [INFO ] Found X server running at /tmp/.X11-unix/X51
[20250414-17:12:21] [INFO ] Found X server running at /tmp/.X11-unix/X51
[20250414-17:12:21] [INFO ] Found X server running at /tmp/.X11-unix/X51
[20250414-17:12:21] [INFO ] Session started successfully for user j20114 on display 51
[20250414-17:12:21] [INFO ] Starting the xrdp channel server for display 51
[20250414-17:12:21] [INFO ] Starting the default window manager on display 51: /etc/xrdp/startwm.sh
[20250414-17:12:21] [INFO ] Session in progress on display 51, waiting until the window manager (pid 182927) exits to end the session
[20250414-17:13:48] [INFO ] Socket 7: AF_INET6 connection received from ::1 port 45448
[20250414-17:13:49] [INFO ] ++ reconnected session: username j20010, display :33.0, session_pid 143669, ip ::ffff:210.137.32.246:16247 - socket: 11
[20250414-17:13:49] [ERROR] sesman_data_in: scp_process_msg failed
[20250414-17:13:49] [INFO ] Starting session reconnection script on display 33: /etc/xrdp/reconnectwm.sh
[20250414-17:13:49] [ERROR] sesman_main_loop: trans_check_wait_objs failed, removing trans
[20250414-17:16:22] [INFO ] Socket 7: AF_INET6 connection received from ::1 port 48486
[20250414-17:16:22] [INFO ] ++ reconnected session: username j20183, display :22.0, session_pid 132424, ip ::ffff:165.242.217.106:58953 - socket: 11
[20250414-17:16:22] [ERROR] sesman_data_in: scp_process_msg failed
[20250414-17:16:22] [INFO ] Starting session reconnection script on display 22: /etc/xrdp/reconnectwm.sh
[20250414-17:16:22] [ERROR] sesman_main_loop: trans_check_wait_objs failed, removing trans
[20250414-17:19:17] [INFO ] Calling auth_stop_session and auth_end from pid 152822
[20250414-17:19:17] [INFO ] Terminating X server (pid 152826) on display 41
[20250414-17:19:17] [INFO ] Terminating the xrdp channel server (pid 152836) on display 41
[20250414-17:19:17] [INFO ] X server on display 41 (pid 152826) returned exit code 0 and signal number 0
[20250414-17:19:17] [INFO ] xrdp channel server for display 41 (pid 152836) exit code 0 and signal number 0
[20250414-17:19:17] [INFO ] cleanup_sockets:
[20250414-17:19:17] [INFO ] ++ terminated session:  username h20079, display :41.0, session_pid 152822, ip ::ffff:210.137.32.246:34906 - socket: 11
[20250414-17:20:07] [INFO ] Calling auth_stop_session and auth_end from pid 131542
[20250414-17:20:07] [INFO ] Terminating X server (pid 131546) on display 21
[20250414-17:20:07] [INFO ] Terminating the xrdp channel server (pid 131556) on display 21
[20250414-17:20:07] [INFO ] X server on display 21 (pid 131546) returned exit code 0 and signal number 0
[20250414-17:20:07] [INFO ] xrdp channel server for display 21 (pid 131556) exit code 0 and signal number 0
[20250414-17:20:07] [INFO ] cleanup_sockets:
[20250414-17:20:08] [INFO ] ++ terminated session:  username h20132, display :21.0, session_pid 131542, ip ::ffff:210.137.32.246:59246 - socket: 11
[20250414-17:20:58] [INFO ] Calling auth_stop_session and auth_end from pid 150006
[20250414-17:20:58] [INFO ] Terminating X server (pid 150048) on display 39
[20250414-17:20:58] [INFO ] Terminating the xrdp channel server (pid 150291) on display 39
[20250414-17:20:58] [INFO ] X server on display 39 (pid 150048) returned exit code 0 and signal number 0
[20250414-17:20:58] [INFO ] xrdp channel server for display 39 (pid 150291) exit code 0 and signal number 0
[20250414-17:20:58] [INFO ] cleanup_sockets:
[20250414-17:20:58] [INFO ] ++ terminated session:  username h20038, display :39.0, session_pid 150006, ip ::ffff:210.137.32.246:63161 - socket: 11
[20250414-17:21:32] [INFO ] Calling auth_stop_session and auth_end from pid 159782
[20250414-17:21:32] [INFO ] Terminating X server (pid 159786) on display 48
[20250414-17:21:32] [INFO ] Terminating the xrdp channel server (pid 159796) on display 48
[20250414-17:21:32] [INFO ] X server on display 48 (pid 159786) returned exit code 0 and signal number 0
[20250414-17:21:32] [INFO ] xrdp channel server for display 48 (pid 159796) exit code 0 and signal number 0
[20250414-17:21:32] [INFO ] cleanup_sockets:
[20250414-17:21:32] [INFO ] ++ terminated session:  username h20050, display :48.0, session_pid 159782, ip ::ffff:210.137.32.246:26729 - socket: 11
[20250414-17:22:17] [INFO ] Calling auth_stop_session and auth_end from pid 96071
[20250414-17:22:17] [INFO ] Terminating X server (pid 96075) on display 10
[20250414-17:22:17] [INFO ] Terminating the xrdp channel server (pid 96085) on display 10
[20250414-17:22:17] [INFO ] X server on display 10 (pid 96075) returned exit code 0 and signal number 0
[20250414-17:22:17] [INFO ] xrdp channel server for display 10 (pid 96085) exit code 0 and signal number 0
[20250414-17:22:17] [INFO ] cleanup_sockets:
[20250414-17:22:17] [INFO ] ++ terminated session:  username j20138, display :10.0, session_pid 96071, ip ::ffff:60.154.72.135:64817 - socket: 11
[20250414-17:23:51] [INFO ] Socket 7: AF_INET6 connection received from ::1 port 35470
[20250414-17:23:51] [INFO ] ++ reconnected session: username j20124, display :24.0, session_pid 134683, ip ::ffff:210.137.32.246:22794 - socket: 11
[20250414-17:23:51] [ERROR] sesman_data_in: scp_process_msg failed
[20250414-17:23:51] [INFO ] Starting session reconnection script on display 24: /etc/xrdp/reconnectwm.sh
[20250414-17:23:51] [ERROR] sesman_main_loop: trans_check_wait_objs failed, removing trans
[20250414-17:24:46] [INFO ] Calling auth_stop_session and auth_end from pid 123137
[20250414-17:24:46] [INFO ] Terminating X server (pid 123141) on display 14
[20250414-17:24:46] [INFO ] Terminating the xrdp channel server (pid 123151) on display 14
[20250414-17:24:46] [INFO ] X server on display 14 (pid 123141) returned exit code 0 and signal number 0
[20250414-17:24:46] [INFO ] xrdp channel server for display 14 (pid 123151) exit code 0 and signal number 0
[20250414-17:24:46] [INFO ] cleanup_sockets:
[20250414-17:24:46] [INFO ] ++ terminated session:  username j20102, display :14.0, session_pid 123137, ip ::ffff:165.242.43.50:50213 - socket: 11
[20250414-17:27:12] [INFO ] Calling auth_stop_session and auth_end from pid 161467
[20250414-17:27:12] [INFO ] Terminating X server (pid 161471) on display 46
[20250414-17:27:12] [INFO ] Terminating the xrdp channel server (pid 161481) on display 46
[20250414-17:27:12] [INFO ] X server on display 46 (pid 161471) returned exit code 0 and signal number 0
[20250414-17:27:12] [INFO ] xrdp channel server for display 46 (pid 161481) exit code 0 and signal number 0
[20250414-17:27:12] [INFO ] cleanup_sockets:
[20250414-17:27:12] [INFO ] ++ terminated session:  username j20177, display :46.0, session_pid 161467, ip ::ffff:210.137.32.246:58003 - socket: 11
[20250414-17:27:56] [INFO ] Socket 7: AF_INET6 connection received from ::1 port 48188
[20250414-17:27:56] [INFO ] Terminal Server Users group is disabled, allowing authentication
[20250414-17:27:56] [INFO ] ++ created session (access granted): username j20177, ip ::ffff:210.137.32.246:27245 - socket: 11
[20250414-17:27:56] [INFO ] starting Xorg session...
[20250414-17:27:56] [INFO ] Starting session: session_pid 194712, display :10.0, width 1280, height 800, bpp 24, client ip ::ffff:210.137.32.246:27245 - socket: 11, user name j20177
[20250414-17:27:56] [INFO ] [session start] (display 10): calling auth_start_session from pid 194712
[20250414-17:27:56] [ERROR] sesman_data_in: scp_process_msg failed
[20250414-17:27:56] [INFO ] Starting X server on display 10: /usr/lib/xorg/Xorg :10 -auth .Xauthority -config xrdp/xorg.conf -noreset -nolisten tcp -logfile .xorgxrdp.%s.log  
[20250414-17:27:56] [ERROR] sesman_main_loop: trans_check_wait_objs failed, removing trans
[20250414-17:27:57] [INFO ] Found X server running at /tmp/.X11-unix/X10
[20250414-17:27:57] [INFO ] Found X server running at /tmp/.X11-unix/X10
[20250414-17:27:57] [INFO ] Session started successfully for user j20177 on display 10
[20250414-17:27:57] [INFO ] Starting the xrdp channel server for display 10
[20250414-17:27:57] [INFO ] Found X server running at /tmp/.X11-unix/X10
[20250414-17:27:57] [INFO ] Session in progress on display 10, waiting until the window manager (pid 194715) exits to end the session
[20250414-17:27:57] [INFO ] Starting the default window manager on display 10: /etc/xrdp/startwm.sh
[20250414-19:14:58] [INFO ] Socket 7: AF_INET6 connection received from ::1 port 59110
[20250414-19:14:58] [INFO ] ++ reconnected session: username a20999, display :50.0, session_pid 176278, ip ::ffff:165.242.216.240:54454 - socket: 11
[20250414-19:14:58] [ERROR] sesman_data_in: scp_process_msg failed
[20250414-19:14:58] [INFO ] Starting session reconnection script on display 50: /etc/xrdp/reconnectwm.sh
[20250414-19:14:58] [ERROR] sesman_main_loop: trans_check_wait_objs failed, removing trans
[20250414-19:15:34] [INFO ] Calling auth_stop_session and auth_end from pid 176278
[20250414-19:15:34] [INFO ] Terminating X server (pid 176282) on display 50
[20250414-19:15:34] [INFO ] Terminating the xrdp channel server (pid 176295) on display 50
[20250414-19:15:34] [INFO ] X server on display 50 (pid 176282) returned exit code 0 and signal number 0
[20250414-19:15:34] [INFO ] xrdp channel server for display 50 (pid 176295) exit code 0 and signal number 0
[20250414-19:15:34] [INFO ] cleanup_sockets:
[20250414-19:15:34] [INFO ] ++ terminated session:  username a20999, display :50.0, session_pid 176278, ip ::ffff:165.242.216.240:52213 - socket: 11
[20250414-20:37:30] [INFO ] Socket 7: AF_INET6 connection received from ::1 port 45722
[20250414-20:37:32] [ERROR] pam_authenticate failed: Authentication failure
[20250414-20:37:32] [INFO ] Username or password error for user: j20046@e.hiroshima-cu.ac.jp
[20250414-20:37:32] [ERROR] sesman_data_in: scp_process_msg failed
[20250414-20:37:32] [ERROR] sesman_main_loop: trans_check_wait_objs failed, removing trans
[20250414-20:38:18] [INFO ] Socket 7: AF_INET6 connection received from ::1 port 34262
[20250414-20:38:18] [INFO ] ++ reconnected session: username j20046, display :35.0, session_pid 146109, ip ::ffff:125.195.57.64:52586 - socket: 11
[20250414-20:38:18] [ERROR] sesman_data_in: scp_process_msg failed
[20250414-20:38:18] [INFO ] Starting session reconnection script on display 35: /etc/xrdp/reconnectwm.sh
[20250414-20:38:18] [ERROR] sesman_main_loop: trans_check_wait_objs failed, removing trans
[20250414-22:26:54] [INFO ] Socket 7: AF_INET6 connection received from ::1 port 36194
[20250414-22:26:57] [ERROR] pam_authenticate failed: Authentication failure
[20250414-22:26:57] [INFO ] Username or password error for user: shima
[20250414-22:26:57] [ERROR] sesman_data_in: scp_process_msg failed
[20250414-22:26:57] [ERROR] sesman_main_loop: trans_check_wait_objs failed, removing trans
[20250414-22:37:01] [INFO ] Socket 7: AF_INET6 connection received from ::1 port 42252
[20250414-22:37:01] [INFO ] ++ reconnected session: username shima, display :11.0, session_pid 110083, ip ::ffff:122.218.16.30:57447 - socket: 11
[20250414-22:37:01] [ERROR] sesman_data_in: scp_process_msg failed
[20250414-22:37:01] [ERROR] sesman_main_loop: trans_check_wait_objs failed, removing trans
[20250414-22:37:01] [INFO ] Starting session reconnection script on display 11: /etc/xrdp/reconnectwm.sh
[20250414-23:49:33] [INFO ] Calling auth_stop_session and auth_end from pid 110083
[20250414-23:49:33] [INFO ] Terminating X server (pid 110087) on display 11
[20250414-23:49:33] [INFO ] Terminating the xrdp channel server (pid 110097) on display 11
[20250414-23:49:33] [INFO ] X server on display 11 (pid 110087) returned exit code 0 and signal number 0
[20250414-23:49:33] [INFO ] xrdp channel server for display 11 (pid 110097) exit code 0 and signal number 0
[20250414-23:49:33] [INFO ] cleanup_sockets:
[20250414-23:49:33] [INFO ] ++ terminated session:  username shima, display :11.0, session_pid 110083, ip ::ffff:133.165.144.189:63671 - socket: 11
[20250414-23:49:36] [INFO ] Socket 7: AF_INET6 connection received from ::1 port 40232
[20250414-23:49:36] [INFO ] Terminal Server Users group is disabled, allowing authentication
[20250414-23:49:36] [INFO ] ++ created session (access granted): username shima, ip ::ffff:122.218.16.30:57494 - socket: 11
[20250414-23:49:36] [INFO ] starting Xorg session...
[20250414-23:49:36] [INFO ] Starting session: session_pid 205256, display :11.0, width 1120, height 710, bpp 24, client ip ::ffff:122.218.16.30:57494 - socket: 11, user name shima
[20250414-23:49:36] [INFO ] [session start] (display 11): calling auth_start_session from pid 205256
[20250414-23:49:36] [ERROR] sesman_data_in: scp_process_msg failed
[20250414-23:49:36] [ERROR] sesman_main_loop: trans_check_wait_objs failed, removing trans
[20250414-23:49:36] [INFO ] Starting X server on display 11: /usr/lib/xorg/Xorg :11 -auth .Xauthority -config xrdp/xorg.conf -noreset -nolisten tcp -logfile .xorgxrdp.%s.log  
[20250414-23:49:37] [INFO ] Found X server running at /tmp/.X11-unix/X11
[20250414-23:49:37] [INFO ] Found X server running at /tmp/.X11-unix/X11
[20250414-23:49:37] [INFO ] Found X server running at /tmp/.X11-unix/X11
[20250414-23:49:37] [INFO ] Session started successfully for user shima on display 11
[20250414-23:49:37] [INFO ] Starting the xrdp channel server for display 11
[20250414-23:49:37] [INFO ] Starting the default window manager on display 11: /etc/xrdp/startwm.sh
[20250414-23:49:37] [INFO ] Session in progress on display 11, waiting until the window manager (pid 205259) exits to end the session
[20250415-08:02:31] [INFO ] Calling auth_stop_session and auth_end from pid 205256
[20250415-08:02:31] [INFO ] Terminating X server (pid 205260) on display 11
[20250415-08:02:31] [INFO ] Terminating the xrdp channel server (pid 205270) on display 11
[20250415-08:02:31] [INFO ] X server on display 11 (pid 205260) returned exit code 0 and signal number 0
[20250415-08:02:31] [INFO ] xrdp channel server for display 11 (pid 205270) exit code 0 and signal number 0
[20250415-08:02:31] [INFO ] cleanup_sockets:
[20250415-08:02:31] [INFO ] ++ terminated session:  username shima, display :11.0, session_pid 205256, ip ::ffff:122.218.16.30:57494 - socket: 11
[20250415-12:54:58] [INFO ] Socket 7: AF_INET6 connection received from ::1 port 34590
[20250415-12:54:58] [INFO ] ++ reconnected session: username j20114, display :51.0, session_pid 182924, ip ::ffff:210.137.32.246:33653 - socket: 11
[20250415-12:54:58] [ERROR] sesman_data_in: scp_process_msg failed
[20250415-12:54:58] [INFO ] Starting session reconnection script on display 51: /etc/xrdp/reconnectwm.sh
[20250415-12:54:58] [ERROR] sesman_main_loop: trans_check_wait_objs failed, removing trans
[20250415-14:01:56] [INFO ] Socket 7: AF_INET6 connection received from ::1 port 51602
[20250415-14:01:56] [INFO ] ++ reconnected session: username j20114, display :51.0, session_pid 182924, ip ::ffff:210.137.32.246:27312 - socket: 11
[20250415-14:01:56] [ERROR] sesman_data_in: scp_process_msg failed
[20250415-14:01:56] [INFO ] Starting session reconnection script on display 51: /etc/xrdp/reconnectwm.sh
[20250415-14:01:56] [ERROR] sesman_main_loop: trans_check_wait_objs failed, removing trans
[20250416-10:28:00] [INFO ] Socket 7: AF_INET6 connection received from ::1 port 35262
[20250416-10:28:01] [INFO ] Terminal Server Users group is disabled, allowing authentication
[20250416-10:28:01] [INFO ] ++ created session (access granted): username a20999, ip ::ffff:165.242.90.48:63745 - socket: 11
[20250416-10:28:01] [INFO ] starting Xorg session...
[20250416-10:28:01] [INFO ] Starting session: session_pid 241431, display :11.0, width 1280, height 800, bpp 24, client ip ::ffff:165.242.90.48:63745 - socket: 11, user name a20999
[20250416-10:28:01] [INFO ] [session start] (display 11): calling auth_start_session from pid 241431
[20250416-10:28:01] [ERROR] sesman_data_in: scp_process_msg failed
[20250416-10:28:01] [INFO ] Starting X server on display 11: /usr/lib/xorg/Xorg :11 -auth .Xauthority -config xrdp/xorg.conf -noreset -nolisten tcp -logfile .xorgxrdp.%s.log  
[20250416-10:28:01] [ERROR] sesman_main_loop: trans_check_wait_objs failed, removing trans
[20250416-10:28:01] [INFO ] Found X server running at /tmp/.X11-unix/X11
[20250416-10:28:01] [INFO ] Found X server running at /tmp/.X11-unix/X11
[20250416-10:28:01] [INFO ] Found X server running at /tmp/.X11-unix/X11
[20250416-10:28:01] [INFO ] Session started successfully for user a20999 on display 11
[20250416-10:28:01] [INFO ] Starting the xrdp channel server for display 11
[20250416-10:28:01] [INFO ] Starting the default window manager on display 11: /etc/xrdp/startwm.sh
[20250416-10:28:01] [INFO ] Session in progress on display 11, waiting until the window manager (pid 241434) exits to end the session
[20250416-12:48:28] [INFO ] Socket 7: AF_INET6 connection received from ::1 port 46648
[20250416-12:48:28] [INFO ] ++ reconnected session: username a20999, display :11.0, session_pid 241431, ip ::ffff:165.242.90.48:62809 - socket: 11
[20250416-12:48:28] [ERROR] sesman_data_in: scp_process_msg failed
[20250416-12:48:28] [INFO ] Starting session reconnection script on display 11: /etc/xrdp/reconnectwm.sh
[20250416-12:48:28] [ERROR] sesman_main_loop: trans_check_wait_objs failed, removing trans
[20250416-15:27:39] [INFO ] Socket 7: AF_INET6 connection received from ::1 port 40658
[20250416-15:27:39] [INFO ] Terminal Server Users group is disabled, allowing authentication
[20250416-15:27:39] [INFO ] ++ created session (access granted): username shima, ip ::ffff:122.218.16.30:57255 - socket: 11
[20250416-15:27:39] [INFO ] starting Xorg session...
[20250416-15:27:39] [INFO ] Starting session: session_pid 243744, display :14.0, width 1280, height 800, bpp 24, client ip ::ffff:122.218.16.30:57255 - socket: 11, user name shima
[20250416-15:27:39] [INFO ] [session start] (display 14): calling auth_start_session from pid 243744
[20250416-15:27:39] [ERROR] sesman_data_in: scp_process_msg failed
[20250416-15:27:39] [ERROR] sesman_main_loop: trans_check_wait_objs failed, removing trans
[20250416-15:27:39] [INFO ] Starting X server on display 14: /usr/lib/xorg/Xorg :14 -auth .Xauthority -config xrdp/xorg.conf -noreset -nolisten tcp -logfile .xorgxrdp.%s.log  
[20250416-15:27:39] [INFO ] Found X server running at /tmp/.X11-unix/X14
[20250416-15:27:39] [INFO ] Found X server running at /tmp/.X11-unix/X14
[20250416-15:27:39] [INFO ] Session started successfully for user shima on display 14
[20250416-15:27:39] [INFO ] Starting the xrdp channel server for display 14
[20250416-15:27:39] [INFO ] Found X server running at /tmp/.X11-unix/X14
[20250416-15:27:39] [INFO ] Session in progress on display 14, waiting until the window manager (pid 243747) exits to end the session
[20250416-15:27:39] [INFO ] Starting the default window manager on display 14: /etc/xrdp/startwm.sh
[20250416-16:06:32] [INFO ] Calling auth_stop_session and auth_end from pid 243744
[20250416-16:06:32] [INFO ] Terminating X server (pid 243748) on display 14
[20250416-16:06:32] [INFO ] Terminating the xrdp channel server (pid 243758) on display 14
[20250416-16:06:32] [INFO ] X server on display 14 (pid 243748) returned exit code 0 and signal number 0
[20250416-16:06:32] [INFO ] xrdp channel server for display 14 (pid 243758) exit code 0 and signal number 0
[20250416-16:06:32] [INFO ] cleanup_sockets:
[20250416-16:06:32] [INFO ] ++ terminated session:  username shima, display :14.0, session_pid 243744, ip ::ffff:122.218.16.30:57255 - socket: 11
[20250416-16:06:42] [INFO ] Socket 7: AF_INET6 connection received from ::1 port 59724
[20250416-16:06:42] [INFO ] Terminal Server Users group is disabled, allowing authentication
[20250416-16:06:42] [INFO ] ++ created session (access granted): username shima, ip ::ffff:122.218.16.30:57860 - socket: 11
[20250416-16:06:42] [INFO ] starting Xorg session...
[20250416-16:06:42] [INFO ] Starting session: session_pid 246399, display :14.0, width 1280, height 800, bpp 24, client ip ::ffff:122.218.16.30:57860 - socket: 11, user name shima
[20250416-16:06:42] [INFO ] [session start] (display 14): calling auth_start_session from pid 246399
[20250416-16:06:42] [ERROR] sesman_data_in: scp_process_msg failed
[20250416-16:06:42] [INFO ] Starting X server on display 14: /usr/lib/xorg/Xorg :14 -auth .Xauthority -config xrdp/xorg.conf -noreset -nolisten tcp -logfile .xorgxrdp.%s.log  
[20250416-16:06:42] [ERROR] sesman_main_loop: trans_check_wait_objs failed, removing trans
[20250416-16:06:42] [INFO ] Found X server running at /tmp/.X11-unix/X14
[20250416-16:06:42] [INFO ] Found X server running at /tmp/.X11-unix/X14
[20250416-16:06:42] [INFO ] Found X server running at /tmp/.X11-unix/X14
[20250416-16:06:42] [INFO ] Session started successfully for user shima on display 14
[20250416-16:06:42] [INFO ] Starting the xrdp channel server for display 14
[20250416-16:06:42] [INFO ] Starting the default window manager on display 14: /etc/xrdp/startwm.sh
[20250416-16:06:42] [INFO ] Session in progress on display 14, waiting until the window manager (pid 246402) exits to end the session
